-- phpMyAdmin SQL Dump
-- version 5.2.2
-- https://www.phpmyadmin.net/
--
-- Host: localhost:3306
-- Generation Time: Nov 11, 2025 at 04:25 PM
-- Server version: 10.6.23-MariaDB-cll-lve
-- PHP Version: 8.4.14

SET SQL_MODE = "NO_AUTO_VALUE_ON_ZERO";
START TRANSACTION;
SET time_zone = "+00:00";


/*!40101 SET @OLD_CHARACTER_SET_CLIENT=@@CHARACTER_SET_CLIENT */;
/*!40101 SET @OLD_CHARACTER_SET_RESULTS=@@CHARACTER_SET_RESULTS */;
/*!40101 SET @OLD_COLLATION_CONNECTION=@@COLLATION_CONNECTION */;
/*!40101 SET NAMES utf8mb4 */;

--
-- Database: `priscomr_rezervari`
--

DELIMITER $$
--
-- Procedures
--
CREATE DEFINER=`priscomr`@`localhost` PROCEDURE `sp_fill_trip_stations` (IN `p_trip_id` INT)   proc: BEGIN
  DECLARE v_route_id INT DEFAULT NULL;
  DECLARE v_direction ENUM('tur','retur') DEFAULT 'tur';

  SELECT t.route_id, COALESCE(rs.direction, 'tur')
    INTO v_route_id, v_direction
  FROM trips t
  LEFT JOIN route_schedules rs ON rs.id = t.route_schedule_id
  WHERE t.id = p_trip_id
  LIMIT 1;

  IF v_route_id IS NULL THEN
    LEAVE proc;
  END IF;

  DELETE FROM trip_stations WHERE trip_id = p_trip_id;

  IF v_direction = 'retur' THEN
    INSERT INTO trip_stations (trip_id, station_id, sequence)
    SELECT p_trip_id, station_id, seq
    FROM (
      SELECT rs.station_id,
             ROW_NUMBER() OVER (ORDER BY rs.sequence DESC) AS seq
      FROM route_stations rs
      WHERE rs.route_id = v_route_id
    ) AS ordered;
  ELSE
    INSERT INTO trip_stations (trip_id, station_id, sequence)
    SELECT p_trip_id, rs.station_id, rs.sequence
    FROM route_stations rs
    WHERE rs.route_id = v_route_id
    ORDER BY rs.sequence;
  END IF;
END$$

CREATE DEFINER=`priscomr`@`localhost` PROCEDURE `sp_free_seats` (IN `p_trip_id` INT, IN `p_board_station_id` INT, IN `p_exit_station_id` INT)   BEGIN
  DECLARE v_bseq INT;
  DECLARE v_eseq INT;

  SELECT sequence INTO v_bseq
  FROM trip_stations
  WHERE trip_id = p_trip_id AND station_id = p_board_station_id
  LIMIT 1;

  SELECT sequence INTO v_eseq
  FROM trip_stations
  WHERE trip_id = p_trip_id AND station_id = p_exit_station_id
  LIMIT 1;

  IF v_bseq IS NULL OR v_eseq IS NULL OR v_bseq >= v_eseq THEN
    SELECT NULL AS id, NULL AS label, NULL AS status WHERE 1=0;
  ELSE
    WITH RECURSIVE segment_bounds AS (
      SELECT v_bseq AS seq
      UNION ALL
      SELECT seq + 1 FROM segment_bounds WHERE seq + 1 < v_eseq
    ),
    seat_segments AS (
      SELECT
        s.id AS seat_id,
        sb.seq,
        MAX(
          CASE
            WHEN ts_b.sequence IS NOT NULL
             AND ts_e.sequence IS NOT NULL
             AND ts_b.sequence <= sb.seq
             AND ts_e.sequence > sb.seq
            THEN 1 ELSE 0
          END
        ) AS covered
      FROM seats s
      JOIN trips t ON t.id = p_trip_id AND t.vehicle_id = s.vehicle_id
      JOIN segment_bounds sb ON TRUE
      LEFT JOIN reservations r
        ON r.trip_id = p_trip_id
        AND r.seat_id = s.id
        AND r.status = 'active'
      LEFT JOIN trip_stations ts_b
        ON ts_b.trip_id = r.trip_id
        AND ts_b.station_id = r.board_station_id
      LEFT JOIN trip_stations ts_e
        ON ts_e.trip_id = r.trip_id
        AND ts_e.station_id = r.exit_station_id
      WHERE s.seat_type IN ('normal','foldable','wheelchair','driver','guide')
      GROUP BY s.id, sb.seq
    )
    SELECT
      s.id,
      s.label,
      s.row,
      s.seat_col,
      s.seat_type,
      s.pair_id,
      CASE
        WHEN COALESCE(SUM(ss.covered), 0) = 0 THEN 'free'
        WHEN MIN(ss.covered) = 1 THEN 'full'
        ELSE 'partial'
      END AS status
    FROM seats s
    JOIN trips t ON t.id = p_trip_id AND t.vehicle_id = s.vehicle_id
    LEFT JOIN seat_segments ss ON ss.seat_id = s.id
    WHERE s.seat_type IN ('normal','foldable','wheelchair','driver','guide')
    GROUP BY s.id, s.label, s.row, s.seat_col, s.seat_type, s.pair_id
    ORDER BY s.row, s.seat_col;
  END IF;
END$$

CREATE DEFINER=`priscomr`@`localhost` PROCEDURE `sp_is_seat_free` (IN `p_trip_id` INT, IN `p_seat_id` INT, IN `p_board_station_id` INT, IN `p_exit_station_id` INT)   BEGIN
  DECLARE v_bseq INT DEFAULT NULL;
  DECLARE v_eseq INT DEFAULT NULL;

  SELECT ts.sequence INTO v_bseq
  FROM trip_stations ts
  WHERE ts.trip_id = p_trip_id AND ts.station_id = p_board_station_id
  LIMIT 1;

  SELECT ts.sequence INTO v_eseq
  FROM trip_stations ts
  WHERE ts.trip_id = p_trip_id AND ts.station_id = p_exit_station_id
  LIMIT 1;

  IF v_bseq IS NULL OR v_eseq IS NULL OR v_bseq >= v_eseq THEN
    SELECT 0 AS is_free;
  ELSE
    SELECT CASE WHEN EXISTS (
      SELECT 1
      FROM reservations r
      JOIN trip_stations ts_b ON ts_b.trip_id = r.trip_id AND ts_b.station_id = r.board_station_id
      JOIN trip_stations ts_e ON ts_e.trip_id = r.trip_id AND ts_e.station_id = r.exit_station_id
      WHERE r.trip_id = p_trip_id
        AND r.seat_id = p_seat_id
        AND r.status = 'active'
        AND NOT (ts_e.sequence <= v_bseq OR ts_b.sequence >= v_eseq)
    ) THEN 0 ELSE 1 END AS is_free;
  END IF;
END$$

DELIMITER ;

-- --------------------------------------------------------

--
-- Table structure for table `agencies`
--

CREATE TABLE `agencies` (
  `id` int(11) NOT NULL,
  `name` text NOT NULL
) ENGINE=InnoDB DEFAULT CHARSET=utf8mb4 COLLATE=utf8mb4_unicode_ci;

-- --------------------------------------------------------

--
-- Table structure for table `agent_chat_messages`
--

CREATE TABLE `agent_chat_messages` (
  `id` int(11) NOT NULL,
  `user_id` int(11) NOT NULL,
  `author_name` varchar(255) NOT NULL,
  `role` varchar(50) NOT NULL,
  `content` text DEFAULT NULL,
  `attachment_url` text DEFAULT NULL,
  `attachment_type` enum('image','link') DEFAULT NULL,
  `created_at` timestamp NULL DEFAULT current_timestamp()
) ENGINE=InnoDB DEFAULT CHARSET=utf8mb4 COLLATE=utf8mb4_general_ci;

--
-- Dumping data for table `agent_chat_messages`
--

INSERT INTO `agent_chat_messages` (`id`, `user_id`, `author_name`, `role`, `content`, `attachment_url`, `attachment_type`, `created_at`) VALUES
(0, 4, 'Roșu Cristina Adriana', 'admin', 'Salut!', NULL, NULL, '2025-11-10 12:31:33');

-- --------------------------------------------------------

--
-- Table structure for table `app_settings`
--

CREATE TABLE `app_settings` (
  `setting_key` varchar(100) NOT NULL,
  `setting_value` text DEFAULT NULL,
  `updated_at` timestamp NOT NULL DEFAULT current_timestamp() ON UPDATE current_timestamp()
) ENGINE=InnoDB DEFAULT CHARSET=utf8mb4 COLLATE=utf8mb4_general_ci;

-- --------------------------------------------------------

--
-- Table structure for table `audit_logs`
--

CREATE TABLE `audit_logs` (
  `id` bigint(20) UNSIGNED NOT NULL,
  `created_at` datetime NOT NULL DEFAULT current_timestamp(),
  `actor_id` bigint(20) DEFAULT NULL,
  `entity` varchar(64) NOT NULL,
  `entity_id` bigint(20) DEFAULT NULL,
  `action` varchar(64) NOT NULL,
  `related_entity` varchar(64) DEFAULT 'reservation',
  `related_id` bigint(20) DEFAULT NULL,
  `correlation_id` char(36) DEFAULT NULL,
  `channel` enum('online','agent') DEFAULT NULL,
  `amount` decimal(10,2) DEFAULT NULL,
  `payment_method` enum('cash','card','online') DEFAULT NULL,
  `transaction_id` varchar(128) DEFAULT NULL,
  `note` varchar(255) DEFAULT NULL,
  `before_json` longtext CHARACTER SET utf8mb4 COLLATE utf8mb4_bin DEFAULT NULL CHECK (json_valid(`before_json`)),
  `after_json` longtext CHARACTER SET utf8mb4 COLLATE utf8mb4_bin DEFAULT NULL CHECK (json_valid(`after_json`))
) ENGINE=InnoDB DEFAULT CHARSET=utf8mb4 COLLATE=utf8mb4_general_ci;

--
-- Dumping data for table `audit_logs`
--

INSERT INTO `audit_logs` (`id`, `created_at`, `actor_id`, `entity`, `entity_id`, `action`, `related_entity`, `related_id`, `correlation_id`, `channel`, `amount`, `payment_method`, `transaction_id`, `note`, `before_json`, `after_json`) VALUES
(1, '2025-10-29 19:41:38', 1, 'reservation', 14, 'reservation.create', 'reservation', NULL, 'dc544604-65dc-4f78-8509-b46cd59897d6', NULL, NULL, NULL, NULL, NULL, NULL, NULL),
(2, '2025-10-29 19:42:31', 1, 'reservation', 14, 'reservation.cancel', 'reservation', NULL, '378ff90a-3d74-452e-bbcf-39a99ddbb497', NULL, NULL, NULL, NULL, NULL, NULL, NULL),
(3, '2025-10-29 19:42:31', 1, 'reservation', 15, 'reservation.create', 'reservation', 14, '378ff90a-3d74-452e-bbcf-39a99ddbb497', NULL, NULL, NULL, NULL, NULL, NULL, NULL),
(4, '2025-10-29 19:42:31', 1, 'reservation', 15, 'reservation.move', 'reservation', 14, '378ff90a-3d74-452e-bbcf-39a99ddbb497', 'agent', NULL, NULL, NULL, NULL, NULL, NULL),
(5, '2025-10-29 19:48:43', 1, 'reservation', 15, 'reservation.cancel', 'reservation', NULL, '32061b5f-e0fc-4849-9f0f-ae017440d74f', NULL, NULL, NULL, NULL, NULL, NULL, NULL),
(6, '2025-10-29 19:48:43', 1, 'reservation', 16, 'reservation.create', 'reservation', 15, '32061b5f-e0fc-4849-9f0f-ae017440d74f', NULL, NULL, NULL, NULL, NULL, NULL, NULL),
(7, '2025-10-29 19:48:43', 1, 'reservation', 16, 'reservation.move', 'reservation', 15, '32061b5f-e0fc-4849-9f0f-ae017440d74f', 'agent', NULL, NULL, NULL, NULL, NULL, NULL),
(8, '2025-11-07 09:54:16', 1, 'reservation', 17, 'reservation.create', 'reservation', NULL, 'd5e626cf-c1c3-467b-b270-388be0a6ac21', NULL, NULL, NULL, NULL, NULL, NULL, NULL),
(9, '2025-11-07 10:44:48', 1, 'reservation', 18, 'reservation.create', 'reservation', NULL, '9fb917cc-f0c6-4263-ad82-3de122840c39', NULL, NULL, NULL, NULL, NULL, NULL, NULL),
(10, '2025-11-07 10:44:55', 1, 'reservation', 19, 'reservation.create', 'reservation', NULL, '6d2a417c-08a4-44d8-85e0-72045fb13476', NULL, NULL, NULL, NULL, NULL, NULL, NULL),
(11, '2025-11-07 11:12:23', 1, 'reservation', 20, 'reservation.create', 'reservation', NULL, 'a2f77a95-e21b-4891-9a01-70b1515c137a', NULL, NULL, NULL, NULL, NULL, NULL, NULL),
(12, '2025-11-07 11:22:08', 1, 'reservation', 21, 'reservation.create', 'reservation', NULL, '4f9a2526-5c17-4b4d-b301-38fdddec962a', NULL, NULL, NULL, NULL, NULL, NULL, NULL),
(13, '2025-11-07 11:26:53', 1, 'reservation', 22, 'reservation.create', 'reservation', NULL, '5cb62ab6-369f-43c9-8200-75ed4645d562', NULL, NULL, NULL, NULL, NULL, NULL, NULL),
(14, '2025-11-07 11:36:41', 1, 'reservation', 23, 'reservation.create', 'reservation', NULL, 'bb5d0654-c818-4f14-9823-2b4830b74b7e', NULL, NULL, NULL, NULL, NULL, NULL, NULL),
(15, '2025-11-07 11:57:29', 1, 'reservation', 24, 'reservation.create', 'reservation', NULL, '8849a9f9-c4f9-404c-8ca4-90c7deb98b57', NULL, NULL, NULL, NULL, NULL, NULL, NULL),
(16, '2025-11-07 11:57:31', 1, 'payment', 24, 'payment.capture', 'reservation', NULL, 'b0ded416-61f6-4881-98e4-b2034aaba0fd', NULL, 0.10, 'cash', NULL, NULL, NULL, NULL),
(17, '2025-11-07 11:57:54', 1, 'payment', 23, 'payment.capture', 'reservation', NULL, '729e5681-7041-4f3d-a31a-1c7ef174d3bb', NULL, 0.10, 'cash', NULL, NULL, NULL, NULL),
(18, '2025-11-07 11:59:44', 1, 'reservation', 25, 'reservation.create', 'reservation', NULL, '629e2461-eef0-4553-8a4b-402598272717', NULL, NULL, NULL, NULL, NULL, NULL, NULL),
(19, '2025-11-07 11:59:49', 1, 'payment', 25, 'payment.capture', 'reservation', NULL, '024a69f3-fd91-4f18-a0c6-039eae482ca9', NULL, 0.10, 'cash', NULL, NULL, NULL, NULL),
(20, '2025-11-07 12:00:04', 1, 'reservation', 26, 'reservation.create', 'reservation', NULL, '117f39fb-2a5a-42b1-8a6d-777c62b348ac', NULL, NULL, NULL, NULL, NULL, NULL, NULL),
(21, '2025-11-07 12:00:06', 1, 'payment', 26, 'payment.capture', 'reservation', NULL, 'eff3f243-504b-486c-8938-b14b3b9d55ef', NULL, 0.10, 'cash', NULL, NULL, NULL, NULL),
(22, '2025-11-07 12:31:24', 1, 'reservation', 27, 'reservation.create', 'reservation', NULL, 'e109ba4a-2d10-4a16-b1df-b6bf8cb99e5a', NULL, NULL, NULL, NULL, NULL, NULL, NULL),
(23, '2025-11-07 12:32:06', 1, 'payment', 27, 'payment.capture', 'reservation', NULL, '22043e7f-36c5-4f6d-8c2a-c5d6ba2b8765', NULL, 0.10, 'cash', NULL, NULL, NULL, NULL),
(24, '2025-11-07 16:36:37', 1, 'reservation', 28, 'reservation.create', 'reservation', NULL, '25496451-511e-423f-a6a4-b29ac5868a2d', NULL, NULL, NULL, NULL, NULL, NULL, NULL),
(25, '2025-11-07 16:37:00', 1, 'payment', 28, 'payment.capture', 'reservation', NULL, 'a4f322e2-2a09-4723-ba87-18aa6747a4c8', NULL, 0.10, 'cash', NULL, NULL, NULL, NULL),
(26, '2025-11-07 16:37:05', 1, 'payment', 22, 'payment.capture', 'reservation', NULL, '8768d88c-4f10-4afd-8f32-700ef9b1fa84', NULL, 0.10, 'cash', NULL, NULL, NULL, NULL),
(27, '2025-11-07 16:37:09', 1, 'payment', 19, 'payment.capture', 'reservation', NULL, '3aad4c5e-2c2b-4b1f-87fc-1529526bcc05', NULL, 0.10, 'cash', NULL, NULL, NULL, NULL),
(28, '2025-11-07 16:37:20', 1, 'reservation', 29, 'reservation.create', 'reservation', NULL, 'e7301569-c6a6-4ca1-958b-b0b81dac0481', NULL, NULL, NULL, NULL, NULL, NULL, NULL),
(29, '2025-11-07 16:37:20', 1, 'reservation', 30, 'reservation.create', 'reservation', NULL, 'cb6385b0-c83e-437b-b6ec-1efd25f299fa', NULL, NULL, NULL, NULL, NULL, NULL, NULL),
(30, '2025-11-07 16:37:20', 1, 'reservation', 31, 'reservation.create', 'reservation', NULL, '8319efcf-cae3-4833-b4d7-376147bad2f2', NULL, NULL, NULL, NULL, NULL, NULL, NULL),
(31, '2025-11-07 16:37:20', 1, 'reservation', 32, 'reservation.create', 'reservation', NULL, 'b75b4646-3142-4c32-9258-6727c9ea15de', NULL, NULL, NULL, NULL, NULL, NULL, NULL),
(32, '2025-11-07 16:37:24', 1, 'payment', 29, 'payment.capture', 'reservation', NULL, '9a0dcd63-377b-440e-850f-313ae4247988', NULL, 0.10, 'cash', NULL, NULL, NULL, NULL),
(33, '2025-11-07 16:37:27', 1, 'payment', 30, 'payment.capture', 'reservation', NULL, '76261838-1a7b-43c7-afae-db71d3093103', NULL, 0.10, 'cash', NULL, NULL, NULL, NULL),
(34, '2025-11-07 16:37:30', 1, 'payment', 31, 'payment.capture', 'reservation', NULL, '5c0b5529-0566-455e-be02-23fbf23ea3c8', NULL, 0.10, 'cash', NULL, NULL, NULL, NULL),
(35, '2025-11-07 16:37:33', 1, 'payment', 32, 'payment.capture', 'reservation', NULL, 'b9c445ab-8cb3-42b7-9150-32fe7762d517', NULL, 0.10, 'cash', NULL, NULL, NULL, NULL),
(36, '2025-11-11 16:17:32', 4, 'reservation', 34, 'reservation.create', 'reservation', NULL, '05d524d6-5f01-4940-bdd8-60f02ec81781', NULL, NULL, NULL, NULL, NULL, NULL, NULL),
(37, '2025-11-11 16:18:30', 4, 'person', 11, 'person.noshow.add', 'reservation', 33, '2a12fe9a-c0e3-4649-8dc0-9caaf8ce83a2', 'agent', NULL, NULL, NULL, 'trip_id=999;seat_id=18;board_station_id=1;exit_station_id=80', NULL, NULL),
(38, '2025-11-11 16:20:24', 4, 'reservation', 35, 'reservation.create', 'reservation', NULL, '3a4dbb63-f035-48e6-938b-0671a186e2a8', NULL, NULL, NULL, NULL, NULL, NULL, NULL);

-- --------------------------------------------------------

--
-- Table structure for table `blacklist`
--

CREATE TABLE `blacklist` (
  `id` int(11) NOT NULL,
  `person_id` int(11) DEFAULT NULL,
  `reason` text DEFAULT NULL,
  `added_by_employee_id` int(11) DEFAULT NULL,
  `created_at` datetime DEFAULT current_timestamp()
) ENGINE=InnoDB DEFAULT CHARSET=utf8mb4 COLLATE=utf8mb4_unicode_ci;

-- --------------------------------------------------------

--
-- Table structure for table `cash_handovers`
--

CREATE TABLE `cash_handovers` (
  `id` int(11) NOT NULL,
  `employee_id` int(11) DEFAULT NULL,
  `operator_id` int(11) DEFAULT NULL,
  `amount` decimal(10,2) NOT NULL,
  `created_at` datetime DEFAULT current_timestamp()
) ENGINE=InnoDB DEFAULT CHARSET=utf8mb4 COLLATE=utf8mb4_unicode_ci;

-- --------------------------------------------------------

--
-- Table structure for table `discount_types`
--

CREATE TABLE `discount_types` (
  `id` int(11) NOT NULL,
  `code` varchar(50) NOT NULL,
  `label` text NOT NULL,
  `value_off` decimal(5,2) NOT NULL,
  `created_at` datetime NOT NULL DEFAULT current_timestamp(),
  `type` enum('percent','fixed') NOT NULL DEFAULT 'percent'
) ENGINE=InnoDB DEFAULT CHARSET=utf8mb4 COLLATE=utf8mb4_unicode_ci;

--
-- Dumping data for table `discount_types`
--

INSERT INTO `discount_types` (`id`, `code`, `label`, `value_off`, `created_at`, `type`) VALUES
(1, 'Pen', 'Pensionar', 50.00, '2025-11-10 21:34:44', 'percent'),
(2, 'DAS', 'DAS', 100.00, '2025-11-10 21:35:28', 'percent'),
(3, 'Cop10', 'Copil < 10 ani', 50.00, '2025-11-11 08:46:53', 'percent'),
(4, 'Cop12', 'Copil < 12 ani', 50.00, '2025-11-11 08:47:16', 'percent');

-- --------------------------------------------------------

--
-- Table structure for table `employees`
--

CREATE TABLE `employees` (
  `id` int(11) NOT NULL,
  `name` text NOT NULL,
  `username` varchar(191) DEFAULT NULL,
  `phone` varchar(30) DEFAULT NULL,
  `email` varchar(255) DEFAULT NULL,
  `password_hash` text DEFAULT NULL,
  `role` enum('driver','agent','operator_admin','admin') NOT NULL,
  `active` tinyint(1) NOT NULL DEFAULT 1,
  `created_at` datetime NOT NULL DEFAULT current_timestamp(),
  `operator_id` int(11) NOT NULL DEFAULT 1,
  `agency_id` int(11) DEFAULT NULL
) ENGINE=InnoDB DEFAULT CHARSET=utf8mb4 COLLATE=utf8mb4_unicode_ci;

--
-- Dumping data for table `employees`
--

INSERT INTO `employees` (`id`, `name`, `username`, `phone`, `email`, `password_hash`, `role`, `active`, `created_at`, `operator_id`, `agency_id`) VALUES
(1, 'admin', NULL, '0743171315', NULL, '$2a$12$eZZLP5AOlQJuOl/5ctwDeOp0avF8iY5zfIadvp1v7P9U7oTZDoPfe', 'admin', 1, '2025-08-04 13:46:37', 2, 1),
(2, 'lavinia', NULL, '0742852790', NULL, '$2a$12$qw5jN.PIZnNt05E13z5kQ.jrEbNUyxe6nl.vywLHPC3ivk6LYuLr.', 'agent', 1, '2025-10-24 15:56:33', 2, 1),
(4, 'Roșu Cristina Adriana', 'Cristina Adriana', NULL, 'cristina_adriana862009@yahoo.com', '$2a$12$aWOE/xRMlROkraeU.2lqFexQsnctkz/s7XsiANV.FBZo4kP3eYmPC', 'admin', 1, '2025-11-10 14:30:53', 2, NULL),
(5, 'Tărăboi Anca Florentina', 'Anca Tărăboi', NULL, 'ancataraboi25@gmail.com', '$2a$12$awpHgkYCD.RPr7jb1roDWedj5U..bk3TCw9C4wp3B52LL4BQw.h7G', 'admin', 1, '2025-11-11 13:58:25', 2, NULL);

-- --------------------------------------------------------

--
-- Table structure for table `idempotency_keys`
--

CREATE TABLE `idempotency_keys` (
  `id` int(11) NOT NULL,
  `user_id` int(11) DEFAULT NULL,
  `idem_key` varchar(128) NOT NULL,
  `reservation_id` int(11) DEFAULT NULL,
  `created_at` datetime NOT NULL DEFAULT current_timestamp()
) ENGINE=InnoDB DEFAULT CHARSET=utf8mb4 COLLATE=utf8mb4_general_ci;

--
-- Dumping data for table `idempotency_keys`
--

INSERT INTO `idempotency_keys` (`id`, `user_id`, `idem_key`, `reservation_id`, `created_at`) VALUES
(1, 1, '4290b244-b9d3-4231-9219-4e0dbe4f6b3e', 18, '2025-11-07 10:44:48'),
(2, 1, '9d7de625-1a94-4d4e-b054-316aefc7e3a2', 19, '2025-11-07 10:44:55'),
(3, 1, '843275c1-6a65-4f1c-98c9-ea0324cc4fdc', 20, '2025-11-07 11:12:23'),
(4, 1, '9637abc7-f86c-4a56-8cf2-def38d229d31', 21, '2025-11-07 11:22:08'),
(5, 1, '289261ef-a100-490a-bef0-869cf9153bb1', 22, '2025-11-07 11:26:53'),
(6, 1, 'b947258f-8e2c-492d-b85f-bb3eda396696', 23, '2025-11-07 11:36:41'),
(7, 1, 'bc4c7128-46c3-406b-88c0-2fdef7e0a1a5', 24, '2025-11-07 11:57:29'),
(8, 1, '95676f33-6979-481d-8370-a4d751e5e030', 25, '2025-11-07 11:59:44'),
(9, 1, '52e5387d-214c-4186-9dea-2f6dd400ada5', 26, '2025-11-07 12:00:04'),
(10, 1, '7e1a1f79-8600-46cc-9152-3dabba9cffe3', 27, '2025-11-07 12:31:24'),
(11, 1, '57494602-a152-4977-af1c-249a2df88c6d', 28, '2025-11-07 16:36:37'),
(12, 1, 'e28247d3-a061-40d2-901d-ec3e6b6e3766', 29, '2025-11-07 16:37:20'),
(13, 4, 'e560ca0c-1c7c-4922-8af4-0e47e3db0a38', 34, '2025-11-11 16:17:32'),
(14, 4, '62139b4d-5e7f-4ce6-8653-d71b8033db69', 35, '2025-11-11 16:20:24');

-- --------------------------------------------------------

--
-- Table structure for table `invitations`
--

CREATE TABLE `invitations` (
  `id` int(11) NOT NULL,
  `token` varchar(255) NOT NULL,
  `role` enum('driver','agent','operator_admin','admin') NOT NULL,
  `operator_id` int(11) DEFAULT NULL,
  `email` varchar(255) DEFAULT NULL,
  `expires_at` datetime NOT NULL,
  `created_by` int(11) DEFAULT NULL,
  `used_at` datetime DEFAULT NULL,
  `used_by` int(11) DEFAULT NULL
) ENGINE=InnoDB DEFAULT CHARSET=utf8mb4 COLLATE=utf8mb4_unicode_ci;

--
-- Dumping data for table `invitations`
--

INSERT INTO `invitations` (`id`, `token`, `role`, `operator_id`, `email`, `expires_at`, `created_by`, `used_at`, `used_by`) VALUES
(1, 'Ao8r2E3I12pnKWe393Q1yzO-HbIcOaRVzAy8MzZlQAY', 'agent', 2, 'rosuiulian@gmail.com', '2025-11-13 12:43:00', 1, '2025-11-10 12:45:56', 3),
(2, 'HFr65KnUBJVYC-NtCAUhChASzDvHlNQhwAHfvVSZ7rc', 'agent', 2, 'rosuiulian@gmail.com', '2025-11-13 13:00:36', 1, NULL, NULL),
(3, '2VWdTU2S4HJuUNC0TPyixC82_EMWO4sQz677L523kSo', 'agent', 2, 'madafaka_mw@yahoo.com', '2025-11-13 13:59:27', 1, NULL, NULL),
(4, 'DtSQOE8n1Dgy0yw0z-WVKT4vsecjv3RTXHambyugNw0', 'agent', 2, 'madafaka_mw@yahoo.com', '2025-11-13 14:07:46', 1, NULL, NULL),
(5, 'cMrhJhReoJW04e0gJ0i3cawiw6QQUGeCDoBbAq26COQ', 'agent', 2, 'madafaka_mw@yahoo.com', '2025-11-13 14:11:17', 1, NULL, NULL),
(6, 'RxZ3mZdw9KFx9UObkLE9jsgtIv6LIaPAeGUACXM8GHE', 'admin', 2, 'cristina_adriana862009@yahoo.com', '2025-11-13 14:12:45', 1, '2025-11-10 14:30:53', 4),
(7, 'MP5MZrz1TqTh6fLivspPijn4F-uLkI0CczpLfEw02cc', 'admin', 2, 'ancataraboi25@gmail.com', '2025-11-14 13:55:55', 1, '2025-11-11 13:58:25', 5);

-- --------------------------------------------------------

--
-- Table structure for table `no_shows`
--

CREATE TABLE `no_shows` (
  `id` int(11) NOT NULL,
  `person_id` int(11) DEFAULT NULL,
  `trip_id` int(11) DEFAULT NULL,
  `seat_id` int(11) DEFAULT NULL,
  `reservation_id` int(11) DEFAULT NULL,
  `board_station_id` int(11) DEFAULT NULL,
  `exit_station_id` int(11) DEFAULT NULL,
  `added_by_employee_id` int(11) DEFAULT NULL,
  `created_at` datetime DEFAULT current_timestamp()
) ENGINE=InnoDB DEFAULT CHARSET=utf8mb4 COLLATE=utf8mb4_unicode_ci;

--
-- Dumping data for table `no_shows`
--

INSERT INTO `no_shows` (`id`, `person_id`, `trip_id`, `seat_id`, `reservation_id`, `board_station_id`, `exit_station_id`, `added_by_employee_id`, `created_at`) VALUES
(1, 11, 999, 18, 33, 1, 80, 4, '2025-11-11 16:18:30');

-- --------------------------------------------------------

--
-- Table structure for table `operators`
--

CREATE TABLE `operators` (
  `id` int(11) NOT NULL,
  `name` text NOT NULL,
  `pos_endpoint` text NOT NULL,
  `theme_color` varchar(7) NOT NULL
) ENGINE=InnoDB DEFAULT CHARSET=utf8mb4 COLLATE=utf8mb4_unicode_ci;

--
-- Dumping data for table `operators`
--

INSERT INTO `operators` (`id`, `name`, `pos_endpoint`, `theme_color`) VALUES
(1, 'Pris-Com', 'https://pos.priscom.ro/pay', '#FF0000'),
(2, 'Auto-Dimas', 'https://pos.autodimas.ro/pay', '#0000FF');

-- --------------------------------------------------------

--
-- Table structure for table `payments`
--

CREATE TABLE `payments` (
  `id` int(11) NOT NULL,
  `reservation_id` int(11) DEFAULT NULL,
  `amount` decimal(10,2) NOT NULL,
  `status` enum('pending','paid','failed') NOT NULL DEFAULT 'pending',
  `payment_method` varchar(20) DEFAULT NULL,
  `transaction_id` text DEFAULT NULL,
  `timestamp` datetime DEFAULT current_timestamp(),
  `deposited_at` date DEFAULT NULL,
  `deposited_by` int(11) DEFAULT NULL,
  `collected_by` int(11) DEFAULT NULL,
  `cash_handover_id` int(11) DEFAULT NULL
) ENGINE=InnoDB DEFAULT CHARSET=utf8mb4 COLLATE=utf8mb4_unicode_ci;

--
-- Dumping data for table `payments`
--

INSERT INTO `payments` (`id`, `reservation_id`, `amount`, `status`, `payment_method`, `transaction_id`, `timestamp`, `deposited_at`, `deposited_by`, `collected_by`, `cash_handover_id`) VALUES
(1, 24, 0.10, 'paid', 'cash', NULL, '2025-11-07 11:57:31', NULL, NULL, 1, NULL),
(2, 23, 0.10, 'paid', 'cash', NULL, '2025-11-07 11:57:54', NULL, NULL, 1, NULL),
(3, 25, 0.10, 'paid', 'cash', NULL, '2025-11-07 11:59:49', NULL, NULL, 1, NULL),
(4, 26, 0.10, 'paid', 'cash', NULL, '2025-11-07 12:00:06', NULL, NULL, 1, NULL),
(5, 27, 0.10, 'paid', 'cash', NULL, '2025-11-07 12:32:06', NULL, NULL, 1, NULL),
(6, 28, 0.10, 'paid', 'cash', NULL, '2025-11-07 16:37:00', NULL, NULL, 1, NULL),
(7, 22, 0.10, 'paid', 'cash', NULL, '2025-11-07 16:37:05', NULL, NULL, 1, NULL),
(8, 19, 0.10, 'paid', 'cash', NULL, '2025-11-07 16:37:09', NULL, NULL, 1, NULL),
(9, 29, 0.10, 'paid', 'cash', NULL, '2025-11-07 16:37:24', NULL, NULL, 1, NULL),
(10, 30, 0.10, 'paid', 'cash', NULL, '2025-11-07 16:37:27', NULL, NULL, 1, NULL),
(11, 31, 0.10, 'paid', 'cash', NULL, '2025-11-07 16:37:30', NULL, NULL, 1, NULL),
(12, 32, 0.10, 'paid', 'cash', NULL, '2025-11-07 16:37:33', NULL, NULL, 1, NULL);

-- --------------------------------------------------------

--
-- Table structure for table `people`
--

CREATE TABLE `people` (
  `id` int(11) NOT NULL,
  `name` varchar(255) DEFAULT NULL,
  `phone` varchar(30) DEFAULT NULL,
  `owner_status` enum('active','pending','hidden') NOT NULL DEFAULT 'active',
  `prev_owner_id` int(11) DEFAULT NULL,
  `replaced_by_id` int(11) DEFAULT NULL,
  `owner_changed_by` int(11) DEFAULT NULL,
  `owner_changed_at` datetime DEFAULT NULL,
  `blacklist` tinyint(1) NOT NULL DEFAULT 0,
  `whitelist` tinyint(1) NOT NULL DEFAULT 0,
  `notes` text DEFAULT NULL,
  `notes_by` int(11) DEFAULT NULL,
  `notes_at` datetime DEFAULT NULL,
  `is_active` tinyint(1) GENERATED ALWAYS AS (case when `owner_status` = 'active' then 1 else NULL end) STORED,
  `updated_at` datetime NOT NULL DEFAULT current_timestamp() ON UPDATE current_timestamp()
) ENGINE=InnoDB DEFAULT CHARSET=utf8mb4 COLLATE=utf8mb4_unicode_ci;

--
-- Dumping data for table `people`
--

INSERT INTO `people` (`id`, `name`, `phone`, `owner_status`, `prev_owner_id`, `replaced_by_id`, `owner_changed_by`, `owner_changed_at`, `blacklist`, `whitelist`, `notes`, `notes_by`, `notes_at`, `updated_at`) VALUES
(7, 'test', NULL, 'active', NULL, NULL, NULL, NULL, 0, 0, NULL, NULL, NULL, '2025-11-07 09:54:16'),
(8, 'test3', NULL, 'active', NULL, NULL, NULL, NULL, 0, 0, NULL, NULL, NULL, '2025-11-07 10:44:55'),
(9, 'test2', NULL, 'active', NULL, NULL, NULL, NULL, 0, 0, NULL, NULL, NULL, '2025-11-07 11:26:53'),
(10, 'test4', NULL, 'active', NULL, NULL, NULL, NULL, 0, 0, NULL, NULL, NULL, '2025-11-07 12:00:04'),
(11, 'Rosu Iulian', '0743171315', 'active', NULL, NULL, NULL, NULL, 0, 0, NULL, NULL, NULL, '2025-11-11 12:36:34'),
(12, '852852852852', NULL, 'active', NULL, NULL, NULL, NULL, 0, 0, NULL, NULL, NULL, '2025-11-11 16:17:32');

-- --------------------------------------------------------

--
-- Table structure for table `price_lists`
--

CREATE TABLE `price_lists` (
  `id` int(11) NOT NULL,
  `name` text NOT NULL,
  `version` int(11) NOT NULL DEFAULT 1,
  `effective_from` date NOT NULL,
  `created_by` int(11) DEFAULT NULL,
  `created_at` datetime NOT NULL DEFAULT current_timestamp(),
  `route_id` int(11) NOT NULL,
  `category_id` int(11) NOT NULL
) ENGINE=InnoDB DEFAULT CHARSET=utf8mb4 COLLATE=utf8mb4_unicode_ci;

--
-- Dumping data for table `price_lists`
--

INSERT INTO `price_lists` (`id`, `name`, `version`, `effective_from`, `created_by`, `created_at`, `route_id`, `category_id`) VALUES
(1, '1-1-2025-10-24', 1, '2025-10-24', 1, '2025-10-24 16:14:02', 1, 1),
(2, '1-2-2025-10-31', 1, '2025-10-31', 1, '2025-10-31 22:01:12', 1, 2),
(3, '1-1-2025-11-07', 1, '2025-11-07', 1, '2025-11-07 09:03:46', 1, 1),
(4, '3-1-2025-11-10', 1, '2025-11-10', 1, '2025-11-10 15:24:00', 3, 1),
(5, '3-2-2025-11-10', 1, '2025-11-10', 1, '2025-11-10 15:25:53', 3, 2),
(6, '4-1-2025-11-10', 1, '2025-11-10', 1, '2025-11-10 15:49:59', 4, 1),
(7, '4-2-2025-11-10', 1, '2025-11-10', 1, '2025-11-10 15:50:38', 4, 2),
(8, '5-1-2025-11-11', 1, '2025-11-11', 1, '2025-11-11 10:06:52', 5, 1),
(9, '5-2-2025-11-11', 1, '2025-11-11', 1, '2025-11-11 10:07:10', 5, 2),
(10, '3-1-2025-11-11', 1, '2025-11-11', 1, '2025-11-11 14:11:38', 3, 1);

-- --------------------------------------------------------

--
-- Table structure for table `price_list_items`
--

CREATE TABLE `price_list_items` (
  `id` int(11) NOT NULL,
  `price` decimal(10,2) NOT NULL,
  `currency` varchar(5) NOT NULL DEFAULT 'RON',
  `price_return` decimal(10,2) DEFAULT NULL,
  `price_list_id` int(11) DEFAULT NULL,
  `from_station_id` int(11) NOT NULL,
  `to_station_id` int(11) NOT NULL
) ENGINE=InnoDB DEFAULT CHARSET=utf8mb4 COLLATE=utf8mb4_unicode_ci;

--
-- Dumping data for table `price_list_items`
--

INSERT INTO `price_list_items` (`id`, `price`, `currency`, `price_return`, `price_list_id`, `from_station_id`, `to_station_id`) VALUES
(2, 1.00, 'RON', 1.00, 1, 1, 2),
(3, 45.00, 'RON', NULL, 2, 1, 2),
(4, 45.00, 'RON', NULL, 2, 2, 1),
(5, 0.10, 'RON', NULL, 3, 1, 2),
(6, 0.10, 'RON', NULL, 3, 2, 1),
(7, 7.00, 'RON', NULL, 4, 45, 44),
(8, 7.00, 'RON', NULL, 4, 44, 45),
(9, 9.00, 'RON', NULL, 4, 45, 43),
(10, 9.00, 'RON', NULL, 4, 43, 45),
(11, 12.00, 'RON', NULL, 4, 45, 42),
(12, 12.00, 'RON', NULL, 4, 42, 45),
(13, 13.00, 'RON', NULL, 4, 45, 41),
(14, 13.00, 'RON', NULL, 4, 41, 45),
(15, 15.00, 'RON', NULL, 4, 45, 40),
(16, 15.00, 'RON', NULL, 4, 40, 45),
(17, 15.00, 'RON', NULL, 4, 45, 39),
(18, 15.00, 'RON', NULL, 4, 39, 45),
(19, 20.00, 'RON', NULL, 4, 45, 38),
(20, 20.00, 'RON', NULL, 4, 38, 45),
(21, 22.00, 'RON', NULL, 4, 45, 37),
(22, 22.00, 'RON', NULL, 4, 37, 45),
(23, 24.00, 'RON', NULL, 4, 45, 36),
(24, 24.00, 'RON', NULL, 4, 36, 45),
(25, 26.00, 'RON', NULL, 4, 45, 35),
(26, 26.00, 'RON', NULL, 4, 35, 45),
(27, 28.00, 'RON', NULL, 4, 45, 34),
(28, 28.00, 'RON', NULL, 4, 34, 45),
(29, 29.00, 'RON', NULL, 4, 45, 33),
(30, 29.00, 'RON', NULL, 4, 33, 45),
(31, 30.00, 'RON', NULL, 4, 45, 32),
(32, 30.00, 'RON', NULL, 4, 32, 45),
(33, 31.00, 'RON', NULL, 4, 45, 31),
(34, 31.00, 'RON', NULL, 4, 31, 45),
(35, 32.00, 'RON', NULL, 4, 45, 30),
(36, 32.00, 'RON', NULL, 4, 30, 45),
(37, 33.00, 'RON', NULL, 4, 45, 1),
(38, 33.00, 'RON', NULL, 4, 1, 45),
(39, 35.00, 'RON', NULL, 4, 45, 29),
(40, 35.00, 'RON', NULL, 4, 29, 45),
(41, 36.00, 'RON', NULL, 4, 45, 28),
(42, 36.00, 'RON', NULL, 4, 28, 45),
(43, 37.00, 'RON', NULL, 4, 45, 27),
(44, 37.00, 'RON', NULL, 4, 27, 45),
(45, 39.00, 'RON', NULL, 4, 45, 26),
(46, 39.00, 'RON', NULL, 4, 26, 45),
(47, 39.00, 'RON', NULL, 4, 45, 25),
(48, 39.00, 'RON', NULL, 4, 25, 45),
(49, 39.00, 'RON', NULL, 4, 45, 6),
(50, 39.00, 'RON', NULL, 4, 6, 45),
(51, 40.00, 'RON', NULL, 4, 45, 7),
(52, 40.00, 'RON', NULL, 4, 7, 45),
(53, 41.00, 'RON', NULL, 4, 45, 8),
(54, 41.00, 'RON', NULL, 4, 8, 45),
(55, 42.00, 'RON', NULL, 4, 45, 4),
(56, 42.00, 'RON', NULL, 4, 4, 45),
(57, 45.00, 'RON', NULL, 4, 45, 9),
(58, 45.00, 'RON', NULL, 4, 9, 45),
(59, 47.00, 'RON', NULL, 4, 45, 5),
(60, 47.00, 'RON', NULL, 4, 5, 45),
(61, 51.00, 'RON', NULL, 4, 45, 24),
(62, 51.00, 'RON', NULL, 4, 24, 45),
(63, 52.00, 'RON', NULL, 4, 45, 3),
(64, 52.00, 'RON', NULL, 4, 3, 45),
(65, 52.00, 'RON', NULL, 4, 45, 23),
(66, 52.00, 'RON', NULL, 4, 23, 45),
(67, 53.00, 'RON', NULL, 4, 45, 22),
(68, 53.00, 'RON', NULL, 4, 22, 45),
(69, 54.00, 'RON', NULL, 4, 45, 21),
(70, 54.00, 'RON', NULL, 4, 21, 45),
(71, 55.00, 'RON', NULL, 4, 45, 10),
(72, 55.00, 'RON', NULL, 4, 10, 45),
(73, 56.00, 'RON', NULL, 4, 45, 11),
(74, 56.00, 'RON', NULL, 4, 11, 45),
(75, 56.00, 'RON', NULL, 4, 45, 12),
(76, 56.00, 'RON', NULL, 4, 12, 45),
(77, 57.00, 'RON', NULL, 4, 45, 20),
(78, 57.00, 'RON', NULL, 4, 20, 45),
(79, 57.00, 'RON', NULL, 4, 45, 19),
(80, 57.00, 'RON', NULL, 4, 19, 45),
(81, 58.00, 'RON', NULL, 4, 45, 18),
(82, 58.00, 'RON', NULL, 4, 18, 45),
(83, 59.00, 'RON', NULL, 4, 45, 17),
(84, 59.00, 'RON', NULL, 4, 17, 45),
(85, 61.00, 'RON', NULL, 4, 45, 16),
(86, 61.00, 'RON', NULL, 4, 16, 45),
(87, 62.00, 'RON', NULL, 4, 45, 15),
(88, 62.00, 'RON', NULL, 4, 15, 45),
(89, 63.00, 'RON', NULL, 4, 45, 14),
(90, 63.00, 'RON', NULL, 4, 14, 45),
(91, 35.00, 'RON', NULL, 4, 45, 13),
(92, 35.00, 'RON', NULL, 4, 13, 45),
(93, 68.00, 'RON', NULL, 4, 45, 2),
(94, 68.00, 'RON', NULL, 4, 2, 45),
(95, 68.00, 'RON', NULL, 5, 45, 2),
(96, 68.00, 'RON', NULL, 5, 2, 45),
(97, 50.00, 'RON', NULL, 6, 46, 2),
(98, 50.00, 'RON', NULL, 6, 2, 46),
(101, 50.00, 'RON', NULL, 7, 46, 2),
(102, 50.00, 'RON', NULL, 7, 2, 46),
(103, 48.00, 'RON', NULL, 7, 1, 2),
(104, 48.00, 'RON', NULL, 7, 2, 1),
(107, 140.00, 'RON', NULL, 9, 1, 80),
(108, 140.00, 'RON', NULL, 9, 80, 1),
(35305, 6.00, 'RON', NULL, 8, 1, 29),
(35306, 6.00, 'RON', NULL, 8, 29, 1),
(35307, 8.00, 'RON', NULL, 8, 1, 28),
(35308, 8.00, 'RON', NULL, 8, 28, 1),
(35309, 10.00, 'RON', NULL, 8, 1, 27),
(35310, 10.00, 'RON', NULL, 8, 27, 1),
(35311, 11.00, 'RON', NULL, 8, 1, 26),
(35312, 11.00, 'RON', NULL, 8, 26, 1),
(35313, 12.00, 'RON', NULL, 8, 1, 25),
(35314, 12.00, 'RON', NULL, 8, 25, 1),
(35315, 12.00, 'RON', NULL, 8, 1, 6),
(35316, 12.00, 'RON', NULL, 8, 6, 1),
(35317, 14.00, 'RON', NULL, 8, 1, 7),
(35318, 14.00, 'RON', NULL, 8, 7, 1),
(35319, 15.00, 'RON', NULL, 8, 1, 8),
(35320, 15.00, 'RON', NULL, 8, 8, 1),
(35321, 16.00, 'RON', NULL, 8, 1, 4),
(35322, 16.00, 'RON', NULL, 8, 4, 1),
(35323, 17.00, 'RON', NULL, 8, 1, 9),
(35324, 17.00, 'RON', NULL, 8, 9, 1),
(35325, 18.00, 'RON', NULL, 8, 1, 5),
(35326, 18.00, 'RON', NULL, 8, 5, 1),
(35327, 21.00, 'RON', NULL, 8, 1, 24),
(35328, 21.00, 'RON', NULL, 8, 24, 1),
(35329, 23.00, 'RON', NULL, 8, 1, 3),
(35330, 23.00, 'RON', NULL, 8, 3, 1),
(35331, 23.00, 'RON', NULL, 8, 1, 23),
(35332, 23.00, 'RON', NULL, 8, 23, 1),
(35333, 24.00, 'RON', NULL, 8, 1, 22),
(35334, 24.00, 'RON', NULL, 8, 22, 1),
(35335, 24.00, 'RON', NULL, 8, 1, 21),
(35336, 24.00, 'RON', NULL, 8, 21, 1),
(35337, 25.00, 'RON', NULL, 8, 1, 10),
(35338, 25.00, 'RON', NULL, 8, 10, 1),
(35339, 26.00, 'RON', NULL, 8, 1, 11),
(35340, 26.00, 'RON', NULL, 8, 11, 1),
(35341, 28.00, 'RON', NULL, 8, 1, 12),
(35342, 28.00, 'RON', NULL, 8, 12, 1),
(35343, 30.00, 'RON', NULL, 8, 1, 20),
(35344, 30.00, 'RON', NULL, 8, 20, 1),
(35345, 35.00, 'RON', NULL, 8, 1, 55),
(35346, 35.00, 'RON', NULL, 8, 55, 1),
(35347, 45.00, 'RON', NULL, 8, 1, 56),
(35348, 45.00, 'RON', NULL, 8, 56, 1),
(35349, 50.00, 'RON', NULL, 8, 1, 57),
(35350, 50.00, 'RON', NULL, 8, 57, 1),
(35351, 55.00, 'RON', NULL, 8, 1, 58),
(35352, 55.00, 'RON', NULL, 8, 58, 1),
(35353, 60.00, 'RON', NULL, 8, 1, 59),
(35354, 60.00, 'RON', NULL, 8, 59, 1),
(35355, 60.00, 'RON', NULL, 8, 1, 60),
(35356, 60.00, 'RON', NULL, 8, 60, 1),
(35357, 65.00, 'RON', NULL, 8, 1, 61),
(35358, 65.00, 'RON', NULL, 8, 61, 1),
(35359, 70.00, 'RON', NULL, 8, 1, 62),
(35360, 70.00, 'RON', NULL, 8, 62, 1),
(35361, 75.00, 'RON', NULL, 8, 1, 63),
(35362, 75.00, 'RON', NULL, 8, 63, 1),
(35363, 80.00, 'RON', NULL, 8, 1, 64),
(35364, 80.00, 'RON', NULL, 8, 64, 1),
(35365, 85.00, 'RON', NULL, 8, 1, 65),
(35366, 85.00, 'RON', NULL, 8, 65, 1),
(35367, 100.00, 'RON', NULL, 8, 1, 66),
(35368, 100.00, 'RON', NULL, 8, 66, 1),
(35369, 100.00, 'RON', NULL, 8, 1, 67),
(35370, 100.00, 'RON', NULL, 8, 67, 1),
(35371, 105.00, 'RON', NULL, 8, 1, 68),
(35372, 105.00, 'RON', NULL, 8, 68, 1),
(35373, 110.00, 'RON', NULL, 8, 1, 69),
(35374, 110.00, 'RON', NULL, 8, 69, 1),
(35375, 115.00, 'RON', NULL, 8, 1, 70),
(35376, 115.00, 'RON', NULL, 8, 70, 1),
(35377, 115.00, 'RON', NULL, 8, 1, 71),
(35378, 115.00, 'RON', NULL, 8, 71, 1),
(35379, 120.00, 'RON', NULL, 8, 1, 72),
(35380, 120.00, 'RON', NULL, 8, 72, 1),
(35381, 120.00, 'RON', NULL, 8, 1, 73),
(35382, 120.00, 'RON', NULL, 8, 73, 1),
(35383, 125.00, 'RON', NULL, 8, 1, 74),
(35384, 125.00, 'RON', NULL, 8, 74, 1),
(35385, 125.00, 'RON', NULL, 8, 1, 75),
(35386, 125.00, 'RON', NULL, 8, 75, 1),
(35387, 130.00, 'RON', NULL, 8, 1, 76),
(35388, 130.00, 'RON', NULL, 8, 76, 1),
(35389, 135.00, 'RON', NULL, 8, 1, 77),
(35390, 135.00, 'RON', NULL, 8, 77, 1),
(35391, 140.00, 'RON', NULL, 8, 1, 78),
(35392, 140.00, 'RON', NULL, 8, 78, 1),
(35393, 140.00, 'RON', NULL, 8, 1, 79),
(35394, 140.00, 'RON', NULL, 8, 79, 1),
(35395, 140.00, 'RON', NULL, 8, 1, 80),
(35396, 140.00, 'RON', NULL, 8, 80, 1),
(35397, 5.00, 'RON', NULL, 8, 29, 28),
(35398, 5.00, 'RON', NULL, 8, 28, 29),
(35399, 8.00, 'RON', NULL, 8, 29, 27),
(35400, 8.00, 'RON', NULL, 8, 27, 29),
(35401, 9.00, 'RON', NULL, 8, 29, 26),
(35402, 9.00, 'RON', NULL, 8, 26, 29),
(35403, 10.00, 'RON', NULL, 8, 29, 25),
(35404, 10.00, 'RON', NULL, 8, 25, 29),
(35405, 11.00, 'RON', NULL, 8, 29, 6),
(35406, 11.00, 'RON', NULL, 8, 6, 29),
(35407, 12.00, 'RON', NULL, 8, 29, 7),
(35408, 12.00, 'RON', NULL, 8, 7, 29),
(35409, 13.00, 'RON', NULL, 8, 29, 8),
(35410, 13.00, 'RON', NULL, 8, 8, 29),
(35411, 14.00, 'RON', NULL, 8, 29, 4),
(35412, 14.00, 'RON', NULL, 8, 4, 29),
(35413, 15.00, 'RON', NULL, 8, 29, 9),
(35414, 15.00, 'RON', NULL, 8, 9, 29),
(35415, 16.00, 'RON', NULL, 8, 29, 5),
(35416, 16.00, 'RON', NULL, 8, 5, 29),
(35417, 20.00, 'RON', NULL, 8, 29, 24),
(35418, 20.00, 'RON', NULL, 8, 24, 29),
(35419, 21.00, 'RON', NULL, 8, 29, 3),
(35420, 21.00, 'RON', NULL, 8, 3, 29),
(35421, 23.00, 'RON', NULL, 8, 29, 23),
(35422, 23.00, 'RON', NULL, 8, 23, 29),
(35423, 24.00, 'RON', NULL, 8, 29, 22),
(35424, 24.00, 'RON', NULL, 8, 22, 29),
(35425, 24.00, 'RON', NULL, 8, 29, 21),
(35426, 24.00, 'RON', NULL, 8, 21, 29),
(35427, 25.00, 'RON', NULL, 8, 29, 10),
(35428, 25.00, 'RON', NULL, 8, 10, 29),
(35429, 26.00, 'RON', NULL, 8, 29, 11),
(35430, 26.00, 'RON', NULL, 8, 11, 29),
(35431, 28.00, 'RON', NULL, 8, 29, 12),
(35432, 28.00, 'RON', NULL, 8, 12, 29),
(35433, 30.00, 'RON', NULL, 8, 29, 20),
(35434, 30.00, 'RON', NULL, 8, 20, 29),
(35435, 35.00, 'RON', NULL, 8, 29, 55),
(35436, 35.00, 'RON', NULL, 8, 55, 29),
(35437, 45.00, 'RON', NULL, 8, 29, 56),
(35438, 45.00, 'RON', NULL, 8, 56, 29),
(35439, 50.00, 'RON', NULL, 8, 29, 57),
(35440, 50.00, 'RON', NULL, 8, 57, 29),
(35441, 55.00, 'RON', NULL, 8, 29, 58),
(35442, 55.00, 'RON', NULL, 8, 58, 29),
(35443, 60.00, 'RON', NULL, 8, 29, 59),
(35444, 60.00, 'RON', NULL, 8, 59, 29),
(35445, 60.00, 'RON', NULL, 8, 29, 60),
(35446, 60.00, 'RON', NULL, 8, 60, 29),
(35447, 65.00, 'RON', NULL, 8, 29, 61),
(35448, 65.00, 'RON', NULL, 8, 61, 29),
(35449, 70.00, 'RON', NULL, 8, 29, 62),
(35450, 70.00, 'RON', NULL, 8, 62, 29),
(35451, 75.00, 'RON', NULL, 8, 29, 63),
(35452, 75.00, 'RON', NULL, 8, 63, 29),
(35453, 80.00, 'RON', NULL, 8, 29, 64),
(35454, 80.00, 'RON', NULL, 8, 64, 29),
(35455, 85.00, 'RON', NULL, 8, 29, 65),
(35456, 85.00, 'RON', NULL, 8, 65, 29),
(35457, 95.00, 'RON', NULL, 8, 29, 66),
(35458, 95.00, 'RON', NULL, 8, 66, 29),
(35459, 100.00, 'RON', NULL, 8, 29, 67),
(35460, 100.00, 'RON', NULL, 8, 67, 29),
(35461, 105.00, 'RON', NULL, 8, 29, 68),
(35462, 105.00, 'RON', NULL, 8, 68, 29),
(35463, 110.00, 'RON', NULL, 8, 29, 69),
(35464, 110.00, 'RON', NULL, 8, 69, 29),
(35465, 115.00, 'RON', NULL, 8, 29, 70),
(35466, 115.00, 'RON', NULL, 8, 70, 29),
(35467, 115.00, 'RON', NULL, 8, 29, 71),
(35468, 115.00, 'RON', NULL, 8, 71, 29),
(35469, 120.00, 'RON', NULL, 8, 29, 72),
(35470, 120.00, 'RON', NULL, 8, 72, 29),
(35471, 120.00, 'RON', NULL, 8, 29, 73),
(35472, 120.00, 'RON', NULL, 8, 73, 29),
(35473, 125.00, 'RON', NULL, 8, 29, 74),
(35474, 125.00, 'RON', NULL, 8, 74, 29),
(35475, 125.00, 'RON', NULL, 8, 29, 75),
(35476, 125.00, 'RON', NULL, 8, 75, 29),
(35477, 130.00, 'RON', NULL, 8, 29, 76),
(35478, 130.00, 'RON', NULL, 8, 76, 29),
(35479, 135.00, 'RON', NULL, 8, 29, 77),
(35480, 135.00, 'RON', NULL, 8, 77, 29),
(35481, 140.00, 'RON', NULL, 8, 29, 78),
(35482, 140.00, 'RON', NULL, 8, 78, 29),
(35483, 140.00, 'RON', NULL, 8, 29, 79),
(35484, 140.00, 'RON', NULL, 8, 79, 29),
(35485, 140.00, 'RON', NULL, 8, 29, 80),
(35486, 140.00, 'RON', NULL, 8, 80, 29),
(35487, 4.00, 'RON', NULL, 8, 28, 27),
(35488, 4.00, 'RON', NULL, 8, 27, 28),
(35489, 5.00, 'RON', NULL, 8, 28, 26),
(35490, 5.00, 'RON', NULL, 8, 26, 28),
(35491, 5.00, 'RON', NULL, 8, 28, 25),
(35492, 5.00, 'RON', NULL, 8, 25, 28),
(35493, 6.00, 'RON', NULL, 8, 28, 6),
(35494, 6.00, 'RON', NULL, 8, 6, 28),
(35495, 10.00, 'RON', NULL, 8, 28, 7),
(35496, 10.00, 'RON', NULL, 8, 7, 28),
(35497, 11.00, 'RON', NULL, 8, 28, 8),
(35498, 11.00, 'RON', NULL, 8, 8, 28),
(35499, 12.00, 'RON', NULL, 8, 28, 4),
(35500, 12.00, 'RON', NULL, 8, 4, 28),
(35501, 13.00, 'RON', NULL, 8, 28, 9),
(35502, 13.00, 'RON', NULL, 8, 9, 28),
(35503, 14.00, 'RON', NULL, 8, 28, 5),
(35504, 14.00, 'RON', NULL, 8, 5, 28),
(35505, 19.00, 'RON', NULL, 8, 28, 24),
(35506, 19.00, 'RON', NULL, 8, 24, 28),
(35507, 20.00, 'RON', NULL, 8, 28, 3),
(35508, 20.00, 'RON', NULL, 8, 3, 28),
(35509, 21.00, 'RON', NULL, 8, 28, 23),
(35510, 21.00, 'RON', NULL, 8, 23, 28),
(35511, 21.00, 'RON', NULL, 8, 28, 22),
(35512, 21.00, 'RON', NULL, 8, 22, 28),
(35513, 21.00, 'RON', NULL, 8, 28, 21),
(35514, 21.00, 'RON', NULL, 8, 21, 28),
(35515, 22.00, 'RON', NULL, 8, 28, 10),
(35516, 22.00, 'RON', NULL, 8, 10, 28),
(35517, 24.00, 'RON', NULL, 8, 28, 11),
(35518, 24.00, 'RON', NULL, 8, 11, 28),
(35519, 25.00, 'RON', NULL, 8, 28, 12),
(35520, 25.00, 'RON', NULL, 8, 12, 28),
(35521, 27.00, 'RON', NULL, 8, 28, 20),
(35522, 27.00, 'RON', NULL, 8, 20, 28),
(35523, 32.00, 'RON', NULL, 8, 28, 55),
(35524, 32.00, 'RON', NULL, 8, 55, 28),
(35525, 42.00, 'RON', NULL, 8, 28, 56),
(35526, 42.00, 'RON', NULL, 8, 56, 28),
(35527, 45.00, 'RON', NULL, 8, 28, 57),
(35528, 45.00, 'RON', NULL, 8, 57, 28),
(35529, 50.00, 'RON', NULL, 8, 28, 58),
(35530, 50.00, 'RON', NULL, 8, 58, 28),
(35531, 55.00, 'RON', NULL, 8, 28, 59),
(35532, 55.00, 'RON', NULL, 8, 59, 28),
(35533, 55.00, 'RON', NULL, 8, 28, 60),
(35534, 55.00, 'RON', NULL, 8, 60, 28),
(35535, 60.00, 'RON', NULL, 8, 28, 61),
(35536, 60.00, 'RON', NULL, 8, 61, 28),
(35537, 65.00, 'RON', NULL, 8, 28, 62),
(35538, 65.00, 'RON', NULL, 8, 62, 28),
(35539, 70.00, 'RON', NULL, 8, 28, 63),
(35540, 70.00, 'RON', NULL, 8, 63, 28),
(35541, 75.00, 'RON', NULL, 8, 28, 64),
(35542, 75.00, 'RON', NULL, 8, 64, 28),
(35543, 80.00, 'RON', NULL, 8, 28, 65),
(35544, 80.00, 'RON', NULL, 8, 65, 28),
(35545, 90.00, 'RON', NULL, 8, 28, 66),
(35546, 90.00, 'RON', NULL, 8, 66, 28),
(35547, 95.00, 'RON', NULL, 8, 28, 67),
(35548, 95.00, 'RON', NULL, 8, 67, 28),
(35549, 100.00, 'RON', NULL, 8, 28, 68),
(35550, 100.00, 'RON', NULL, 8, 68, 28),
(35551, 105.00, 'RON', NULL, 8, 28, 69),
(35552, 105.00, 'RON', NULL, 8, 69, 28),
(35553, 110.00, 'RON', NULL, 8, 28, 70),
(35554, 110.00, 'RON', NULL, 8, 70, 28),
(35555, 110.00, 'RON', NULL, 8, 28, 71),
(35556, 110.00, 'RON', NULL, 8, 71, 28),
(35557, 115.00, 'RON', NULL, 8, 28, 72),
(35558, 115.00, 'RON', NULL, 8, 72, 28),
(35559, 115.00, 'RON', NULL, 8, 28, 73),
(35560, 115.00, 'RON', NULL, 8, 73, 28),
(35561, 120.00, 'RON', NULL, 8, 28, 74),
(35562, 120.00, 'RON', NULL, 8, 74, 28),
(35563, 120.00, 'RON', NULL, 8, 28, 75),
(35564, 120.00, 'RON', NULL, 8, 75, 28),
(35565, 125.00, 'RON', NULL, 8, 28, 76),
(35566, 125.00, 'RON', NULL, 8, 76, 28),
(35567, 130.00, 'RON', NULL, 8, 28, 77),
(35568, 130.00, 'RON', NULL, 8, 77, 28),
(35569, 135.00, 'RON', NULL, 8, 28, 78),
(35570, 135.00, 'RON', NULL, 8, 78, 28),
(35571, 135.00, 'RON', NULL, 8, 28, 79),
(35572, 135.00, 'RON', NULL, 8, 79, 28),
(35573, 140.00, 'RON', NULL, 8, 28, 80),
(35574, 140.00, 'RON', NULL, 8, 80, 28),
(35575, 4.00, 'RON', NULL, 8, 27, 26),
(35576, 4.00, 'RON', NULL, 8, 26, 27),
(35577, 5.00, 'RON', NULL, 8, 27, 25),
(35578, 5.00, 'RON', NULL, 8, 25, 27),
(35579, 5.00, 'RON', NULL, 8, 27, 6),
(35580, 5.00, 'RON', NULL, 8, 6, 27),
(35581, 8.00, 'RON', NULL, 8, 27, 7),
(35582, 8.00, 'RON', NULL, 8, 7, 27),
(35583, 10.00, 'RON', NULL, 8, 27, 8),
(35584, 10.00, 'RON', NULL, 8, 8, 27),
(35585, 11.00, 'RON', NULL, 8, 27, 4),
(35586, 11.00, 'RON', NULL, 8, 4, 27),
(35587, 12.00, 'RON', NULL, 8, 27, 9),
(35588, 12.00, 'RON', NULL, 8, 9, 27),
(35589, 13.00, 'RON', NULL, 8, 27, 5),
(35590, 13.00, 'RON', NULL, 8, 5, 27),
(35591, 17.00, 'RON', NULL, 8, 27, 24),
(35592, 17.00, 'RON', NULL, 8, 24, 27),
(35593, 18.00, 'RON', NULL, 8, 27, 3),
(35594, 18.00, 'RON', NULL, 8, 3, 27),
(35595, 20.00, 'RON', NULL, 8, 27, 23),
(35596, 20.00, 'RON', NULL, 8, 23, 27),
(35597, 20.00, 'RON', NULL, 8, 27, 22),
(35598, 20.00, 'RON', NULL, 8, 22, 27),
(35599, 20.00, 'RON', NULL, 8, 27, 21),
(35600, 20.00, 'RON', NULL, 8, 21, 27),
(35601, 21.00, 'RON', NULL, 8, 27, 10),
(35602, 21.00, 'RON', NULL, 8, 10, 27),
(35603, 23.00, 'RON', NULL, 8, 27, 11),
(35604, 23.00, 'RON', NULL, 8, 11, 27),
(35605, 24.00, 'RON', NULL, 8, 27, 12),
(35606, 24.00, 'RON', NULL, 8, 12, 27),
(35607, 26.00, 'RON', NULL, 8, 27, 20),
(35608, 26.00, 'RON', NULL, 8, 20, 27),
(35609, 31.00, 'RON', NULL, 8, 27, 55),
(35610, 31.00, 'RON', NULL, 8, 55, 27),
(35611, 41.00, 'RON', NULL, 8, 27, 56),
(35612, 41.00, 'RON', NULL, 8, 56, 27),
(35613, 44.00, 'RON', NULL, 8, 27, 57),
(35614, 44.00, 'RON', NULL, 8, 57, 27),
(35615, 49.00, 'RON', NULL, 8, 27, 58),
(35616, 49.00, 'RON', NULL, 8, 58, 27),
(35617, 53.00, 'RON', NULL, 8, 27, 59),
(35618, 53.00, 'RON', NULL, 8, 59, 27),
(35619, 54.00, 'RON', NULL, 8, 27, 60),
(35620, 54.00, 'RON', NULL, 8, 60, 27),
(35621, 59.00, 'RON', NULL, 8, 27, 61),
(35622, 59.00, 'RON', NULL, 8, 61, 27),
(35623, 64.00, 'RON', NULL, 8, 27, 62),
(35624, 64.00, 'RON', NULL, 8, 62, 27),
(35625, 69.00, 'RON', NULL, 8, 27, 63),
(35626, 69.00, 'RON', NULL, 8, 63, 27),
(35627, 74.00, 'RON', NULL, 8, 27, 64),
(35628, 74.00, 'RON', NULL, 8, 64, 27),
(35629, 79.00, 'RON', NULL, 8, 27, 65),
(35630, 79.00, 'RON', NULL, 8, 65, 27),
(35631, 89.00, 'RON', NULL, 8, 27, 66),
(35632, 89.00, 'RON', NULL, 8, 66, 27),
(35633, 94.00, 'RON', NULL, 8, 27, 67),
(35634, 94.00, 'RON', NULL, 8, 67, 27),
(35635, 99.00, 'RON', NULL, 8, 27, 68),
(35636, 99.00, 'RON', NULL, 8, 68, 27),
(35637, 104.00, 'RON', NULL, 8, 27, 69),
(35638, 104.00, 'RON', NULL, 8, 69, 27),
(35639, 109.00, 'RON', NULL, 8, 27, 70),
(35640, 109.00, 'RON', NULL, 8, 70, 27),
(35641, 109.00, 'RON', NULL, 8, 27, 71),
(35642, 109.00, 'RON', NULL, 8, 71, 27),
(35643, 113.00, 'RON', NULL, 8, 27, 72),
(35644, 113.00, 'RON', NULL, 8, 72, 27),
(35645, 114.00, 'RON', NULL, 8, 27, 73),
(35646, 114.00, 'RON', NULL, 8, 73, 27),
(35647, 119.00, 'RON', NULL, 8, 27, 74),
(35648, 119.00, 'RON', NULL, 8, 74, 27),
(35649, 119.00, 'RON', NULL, 8, 27, 75),
(35650, 119.00, 'RON', NULL, 8, 75, 27),
(35651, 124.00, 'RON', NULL, 8, 27, 76),
(35652, 124.00, 'RON', NULL, 8, 76, 27),
(35653, 129.00, 'RON', NULL, 8, 27, 77),
(35654, 129.00, 'RON', NULL, 8, 77, 27),
(35655, 134.00, 'RON', NULL, 8, 27, 78),
(35656, 134.00, 'RON', NULL, 8, 78, 27),
(35657, 134.00, 'RON', NULL, 8, 27, 79),
(35658, 134.00, 'RON', NULL, 8, 79, 27),
(35659, 140.00, 'RON', NULL, 8, 27, 80),
(35660, 140.00, 'RON', NULL, 8, 80, 27),
(35661, 4.00, 'RON', NULL, 8, 26, 25),
(35662, 4.00, 'RON', NULL, 8, 25, 26),
(35663, 5.00, 'RON', NULL, 8, 26, 6),
(35664, 5.00, 'RON', NULL, 8, 6, 26),
(35665, 7.00, 'RON', NULL, 8, 26, 7),
(35666, 7.00, 'RON', NULL, 8, 7, 26),
(35667, 8.00, 'RON', NULL, 8, 26, 8),
(35668, 8.00, 'RON', NULL, 8, 8, 26),
(35669, 10.00, 'RON', NULL, 8, 26, 4),
(35670, 10.00, 'RON', NULL, 8, 4, 26),
(35671, 12.00, 'RON', NULL, 8, 26, 9),
(35672, 12.00, 'RON', NULL, 8, 9, 26),
(35673, 13.00, 'RON', NULL, 8, 26, 5),
(35674, 13.00, 'RON', NULL, 8, 5, 26),
(35675, 17.00, 'RON', NULL, 8, 26, 24),
(35676, 17.00, 'RON', NULL, 8, 24, 26),
(35677, 18.00, 'RON', NULL, 8, 26, 3),
(35678, 18.00, 'RON', NULL, 8, 3, 26),
(35679, 20.00, 'RON', NULL, 8, 26, 23),
(35680, 20.00, 'RON', NULL, 8, 23, 26),
(35681, 20.00, 'RON', NULL, 8, 26, 22),
(35682, 20.00, 'RON', NULL, 8, 22, 26),
(35683, 20.00, 'RON', NULL, 8, 26, 21),
(35684, 20.00, 'RON', NULL, 8, 21, 26),
(35685, 21.00, 'RON', NULL, 8, 26, 10),
(35686, 21.00, 'RON', NULL, 8, 10, 26),
(35687, 23.00, 'RON', NULL, 8, 26, 11),
(35688, 23.00, 'RON', NULL, 8, 11, 26),
(35689, 24.00, 'RON', NULL, 8, 26, 12),
(35690, 24.00, 'RON', NULL, 8, 12, 26),
(35691, 26.00, 'RON', NULL, 8, 26, 20),
(35692, 26.00, 'RON', NULL, 8, 20, 26),
(35693, 31.00, 'RON', NULL, 8, 26, 55),
(35694, 31.00, 'RON', NULL, 8, 55, 26),
(35695, 41.00, 'RON', NULL, 8, 26, 56),
(35696, 41.00, 'RON', NULL, 8, 56, 26),
(35697, 44.00, 'RON', NULL, 8, 26, 57),
(35698, 44.00, 'RON', NULL, 8, 57, 26),
(35699, 49.00, 'RON', NULL, 8, 26, 58),
(35700, 49.00, 'RON', NULL, 8, 58, 26),
(35701, 53.00, 'RON', NULL, 8, 26, 59),
(35702, 53.00, 'RON', NULL, 8, 59, 26),
(35703, 54.00, 'RON', NULL, 8, 26, 60),
(35704, 54.00, 'RON', NULL, 8, 60, 26),
(35705, 59.00, 'RON', NULL, 8, 26, 61),
(35706, 59.00, 'RON', NULL, 8, 61, 26),
(35707, 64.00, 'RON', NULL, 8, 26, 62),
(35708, 64.00, 'RON', NULL, 8, 62, 26),
(35709, 69.00, 'RON', NULL, 8, 26, 63),
(35710, 69.00, 'RON', NULL, 8, 63, 26),
(35711, 74.00, 'RON', NULL, 8, 26, 64),
(35712, 74.00, 'RON', NULL, 8, 64, 26),
(35713, 79.00, 'RON', NULL, 8, 26, 65),
(35714, 79.00, 'RON', NULL, 8, 65, 26),
(35715, 89.00, 'RON', NULL, 8, 26, 66),
(35716, 89.00, 'RON', NULL, 8, 66, 26),
(35717, 94.00, 'RON', NULL, 8, 26, 67),
(35718, 94.00, 'RON', NULL, 8, 67, 26),
(35719, 99.00, 'RON', NULL, 8, 26, 68),
(35720, 99.00, 'RON', NULL, 8, 68, 26),
(35721, 104.00, 'RON', NULL, 8, 26, 69),
(35722, 104.00, 'RON', NULL, 8, 69, 26),
(35723, 109.00, 'RON', NULL, 8, 26, 70),
(35724, 109.00, 'RON', NULL, 8, 70, 26),
(35725, 109.00, 'RON', NULL, 8, 26, 71),
(35726, 109.00, 'RON', NULL, 8, 71, 26),
(35727, 113.00, 'RON', NULL, 8, 26, 72),
(35728, 113.00, 'RON', NULL, 8, 72, 26),
(35729, 114.00, 'RON', NULL, 8, 26, 73),
(35730, 114.00, 'RON', NULL, 8, 73, 26),
(35731, 119.00, 'RON', NULL, 8, 26, 74),
(35732, 119.00, 'RON', NULL, 8, 74, 26),
(35733, 119.00, 'RON', NULL, 8, 26, 75),
(35734, 119.00, 'RON', NULL, 8, 75, 26),
(35735, 124.00, 'RON', NULL, 8, 26, 76),
(35736, 124.00, 'RON', NULL, 8, 76, 26),
(35737, 129.00, 'RON', NULL, 8, 26, 77),
(35738, 129.00, 'RON', NULL, 8, 77, 26),
(35739, 134.00, 'RON', NULL, 8, 26, 78),
(35740, 134.00, 'RON', NULL, 8, 78, 26),
(35741, 134.00, 'RON', NULL, 8, 26, 79),
(35742, 134.00, 'RON', NULL, 8, 79, 26),
(35743, 140.00, 'RON', NULL, 8, 26, 80),
(35744, 140.00, 'RON', NULL, 8, 80, 26),
(35745, 4.00, 'RON', NULL, 8, 25, 6),
(35746, 4.00, 'RON', NULL, 8, 6, 25),
(35747, 6.00, 'RON', NULL, 8, 25, 7),
(35748, 6.00, 'RON', NULL, 8, 7, 25),
(35749, 6.00, 'RON', NULL, 8, 25, 8),
(35750, 6.00, 'RON', NULL, 8, 8, 25),
(35751, 9.00, 'RON', NULL, 8, 25, 4),
(35752, 9.00, 'RON', NULL, 8, 4, 25),
(35753, 11.00, 'RON', NULL, 8, 25, 9),
(35754, 11.00, 'RON', NULL, 8, 9, 25),
(35755, 12.00, 'RON', NULL, 8, 25, 5),
(35756, 12.00, 'RON', NULL, 8, 5, 25),
(35757, 16.00, 'RON', NULL, 8, 25, 24),
(35758, 16.00, 'RON', NULL, 8, 24, 25),
(35759, 17.00, 'RON', NULL, 8, 25, 3),
(35760, 17.00, 'RON', NULL, 8, 3, 25),
(35761, 18.00, 'RON', NULL, 8, 25, 23),
(35762, 18.00, 'RON', NULL, 8, 23, 25),
(35763, 19.00, 'RON', NULL, 8, 25, 22),
(35764, 19.00, 'RON', NULL, 8, 22, 25),
(35765, 19.00, 'RON', NULL, 8, 25, 21),
(35766, 19.00, 'RON', NULL, 8, 21, 25),
(35767, 20.00, 'RON', NULL, 8, 25, 10),
(35768, 20.00, 'RON', NULL, 8, 10, 25),
(35769, 22.00, 'RON', NULL, 8, 25, 11),
(35770, 22.00, 'RON', NULL, 8, 11, 25),
(35771, 23.00, 'RON', NULL, 8, 25, 12),
(35772, 23.00, 'RON', NULL, 8, 12, 25),
(35773, 25.00, 'RON', NULL, 8, 25, 20),
(35774, 25.00, 'RON', NULL, 8, 20, 25),
(35775, 30.00, 'RON', NULL, 8, 25, 55),
(35776, 30.00, 'RON', NULL, 8, 55, 25),
(35777, 40.00, 'RON', NULL, 8, 25, 56),
(35778, 40.00, 'RON', NULL, 8, 56, 25),
(35779, 43.00, 'RON', NULL, 8, 25, 57),
(35780, 43.00, 'RON', NULL, 8, 57, 25),
(35781, 48.00, 'RON', NULL, 8, 25, 58),
(35782, 48.00, 'RON', NULL, 8, 58, 25),
(35783, 52.00, 'RON', NULL, 8, 25, 59),
(35784, 52.00, 'RON', NULL, 8, 59, 25),
(35785, 53.00, 'RON', NULL, 8, 25, 60),
(35786, 53.00, 'RON', NULL, 8, 60, 25),
(35787, 58.00, 'RON', NULL, 8, 25, 61),
(35788, 58.00, 'RON', NULL, 8, 61, 25),
(35789, 63.00, 'RON', NULL, 8, 25, 62),
(35790, 63.00, 'RON', NULL, 8, 62, 25),
(35791, 68.00, 'RON', NULL, 8, 25, 63),
(35792, 68.00, 'RON', NULL, 8, 63, 25),
(35793, 73.00, 'RON', NULL, 8, 25, 64),
(35794, 73.00, 'RON', NULL, 8, 64, 25),
(35795, 78.00, 'RON', NULL, 8, 25, 65),
(35796, 78.00, 'RON', NULL, 8, 65, 25),
(35797, 88.00, 'RON', NULL, 8, 25, 66),
(35798, 88.00, 'RON', NULL, 8, 66, 25),
(35799, 93.00, 'RON', NULL, 8, 25, 67),
(35800, 93.00, 'RON', NULL, 8, 67, 25),
(35801, 98.00, 'RON', NULL, 8, 25, 68),
(35802, 98.00, 'RON', NULL, 8, 68, 25),
(35803, 103.00, 'RON', NULL, 8, 25, 69),
(35804, 103.00, 'RON', NULL, 8, 69, 25),
(35805, 108.00, 'RON', NULL, 8, 25, 70),
(35806, 108.00, 'RON', NULL, 8, 70, 25),
(35807, 108.00, 'RON', NULL, 8, 25, 71),
(35808, 108.00, 'RON', NULL, 8, 71, 25),
(35809, 112.00, 'RON', NULL, 8, 25, 72),
(35810, 112.00, 'RON', NULL, 8, 72, 25),
(35811, 113.00, 'RON', NULL, 8, 25, 73),
(35812, 113.00, 'RON', NULL, 8, 73, 25),
(35813, 118.00, 'RON', NULL, 8, 25, 74),
(35814, 118.00, 'RON', NULL, 8, 74, 25),
(35815, 118.00, 'RON', NULL, 8, 25, 75),
(35816, 118.00, 'RON', NULL, 8, 75, 25),
(35817, 123.00, 'RON', NULL, 8, 25, 76),
(35818, 123.00, 'RON', NULL, 8, 76, 25),
(35819, 128.00, 'RON', NULL, 8, 25, 77),
(35820, 128.00, 'RON', NULL, 8, 77, 25),
(35821, 133.00, 'RON', NULL, 8, 25, 78),
(35822, 133.00, 'RON', NULL, 8, 78, 25),
(35823, 133.00, 'RON', NULL, 8, 25, 79),
(35824, 133.00, 'RON', NULL, 8, 79, 25),
(35825, 140.00, 'RON', NULL, 8, 25, 80),
(35826, 140.00, 'RON', NULL, 8, 80, 25),
(35827, 5.00, 'RON', NULL, 8, 6, 7),
(35828, 5.00, 'RON', NULL, 8, 7, 6),
(35829, 5.00, 'RON', NULL, 8, 6, 8),
(35830, 5.00, 'RON', NULL, 8, 8, 6),
(35831, 8.00, 'RON', NULL, 8, 6, 4),
(35832, 8.00, 'RON', NULL, 8, 4, 6),
(35833, 10.00, 'RON', NULL, 8, 6, 9),
(35834, 10.00, 'RON', NULL, 8, 9, 6),
(35835, 11.00, 'RON', NULL, 8, 6, 5),
(35836, 11.00, 'RON', NULL, 8, 5, 6),
(35837, 15.00, 'RON', NULL, 8, 6, 24),
(35838, 15.00, 'RON', NULL, 8, 24, 6),
(35839, 16.00, 'RON', NULL, 8, 6, 3),
(35840, 16.00, 'RON', NULL, 8, 3, 6),
(35841, 17.00, 'RON', NULL, 8, 6, 23),
(35842, 17.00, 'RON', NULL, 8, 23, 6),
(35843, 18.00, 'RON', NULL, 8, 6, 22),
(35844, 18.00, 'RON', NULL, 8, 22, 6),
(35845, 18.00, 'RON', NULL, 8, 6, 21),
(35846, 18.00, 'RON', NULL, 8, 21, 6),
(35847, 19.00, 'RON', NULL, 8, 6, 10),
(35848, 19.00, 'RON', NULL, 8, 10, 6),
(35849, 21.00, 'RON', NULL, 8, 6, 11),
(35850, 21.00, 'RON', NULL, 8, 11, 6),
(35851, 22.00, 'RON', NULL, 8, 6, 12),
(35852, 22.00, 'RON', NULL, 8, 12, 6),
(35853, 24.00, 'RON', NULL, 8, 6, 20),
(35854, 24.00, 'RON', NULL, 8, 20, 6),
(35855, 29.00, 'RON', NULL, 8, 6, 55),
(35856, 29.00, 'RON', NULL, 8, 55, 6),
(35857, 39.00, 'RON', NULL, 8, 6, 56),
(35858, 39.00, 'RON', NULL, 8, 56, 6),
(35859, 42.00, 'RON', NULL, 8, 6, 57),
(35860, 42.00, 'RON', NULL, 8, 57, 6),
(35861, 47.00, 'RON', NULL, 8, 6, 58),
(35862, 47.00, 'RON', NULL, 8, 58, 6),
(35863, 51.00, 'RON', NULL, 8, 6, 59),
(35864, 51.00, 'RON', NULL, 8, 59, 6),
(35865, 52.00, 'RON', NULL, 8, 6, 60),
(35866, 52.00, 'RON', NULL, 8, 60, 6),
(35867, 57.00, 'RON', NULL, 8, 6, 61),
(35868, 57.00, 'RON', NULL, 8, 61, 6),
(35869, 62.00, 'RON', NULL, 8, 6, 62),
(35870, 62.00, 'RON', NULL, 8, 62, 6),
(35871, 67.00, 'RON', NULL, 8, 6, 63),
(35872, 67.00, 'RON', NULL, 8, 63, 6),
(35873, 72.00, 'RON', NULL, 8, 6, 64),
(35874, 72.00, 'RON', NULL, 8, 64, 6),
(35875, 77.00, 'RON', NULL, 8, 6, 65),
(35876, 77.00, 'RON', NULL, 8, 65, 6),
(35877, 87.00, 'RON', NULL, 8, 6, 66),
(35878, 87.00, 'RON', NULL, 8, 66, 6),
(35879, 92.00, 'RON', NULL, 8, 6, 67),
(35880, 92.00, 'RON', NULL, 8, 67, 6),
(35881, 97.00, 'RON', NULL, 8, 6, 68),
(35882, 97.00, 'RON', NULL, 8, 68, 6),
(35883, 102.00, 'RON', NULL, 8, 6, 69),
(35884, 102.00, 'RON', NULL, 8, 69, 6),
(35885, 107.00, 'RON', NULL, 8, 6, 70),
(35886, 107.00, 'RON', NULL, 8, 70, 6),
(35887, 107.00, 'RON', NULL, 8, 6, 71),
(35888, 107.00, 'RON', NULL, 8, 71, 6),
(35889, 111.00, 'RON', NULL, 8, 6, 72),
(35890, 111.00, 'RON', NULL, 8, 72, 6),
(35891, 112.00, 'RON', NULL, 8, 6, 73),
(35892, 112.00, 'RON', NULL, 8, 73, 6),
(35893, 117.00, 'RON', NULL, 8, 6, 74),
(35894, 117.00, 'RON', NULL, 8, 74, 6),
(35895, 117.00, 'RON', NULL, 8, 6, 75),
(35896, 117.00, 'RON', NULL, 8, 75, 6),
(35897, 122.00, 'RON', NULL, 8, 6, 76),
(35898, 122.00, 'RON', NULL, 8, 76, 6),
(35899, 127.00, 'RON', NULL, 8, 6, 77),
(35900, 127.00, 'RON', NULL, 8, 77, 6),
(35901, 132.00, 'RON', NULL, 8, 6, 78),
(35902, 132.00, 'RON', NULL, 8, 78, 6),
(35903, 132.00, 'RON', NULL, 8, 6, 79),
(35904, 132.00, 'RON', NULL, 8, 79, 6),
(35905, 140.00, 'RON', NULL, 8, 6, 80),
(35906, 140.00, 'RON', NULL, 8, 80, 6),
(35907, 4.00, 'RON', NULL, 8, 7, 8),
(35908, 4.00, 'RON', NULL, 8, 8, 7),
(35909, 7.00, 'RON', NULL, 8, 7, 4),
(35910, 7.00, 'RON', NULL, 8, 4, 7),
(35911, 8.00, 'RON', NULL, 8, 7, 9),
(35912, 8.00, 'RON', NULL, 8, 9, 7),
(35913, 10.00, 'RON', NULL, 8, 7, 5),
(35914, 10.00, 'RON', NULL, 8, 5, 7),
(35915, 14.00, 'RON', NULL, 8, 7, 24),
(35916, 14.00, 'RON', NULL, 8, 24, 7),
(35917, 15.00, 'RON', NULL, 8, 7, 3),
(35918, 15.00, 'RON', NULL, 8, 3, 7),
(35919, 16.00, 'RON', NULL, 8, 7, 23),
(35920, 16.00, 'RON', NULL, 8, 23, 7),
(35921, 17.00, 'RON', NULL, 8, 7, 22),
(35922, 17.00, 'RON', NULL, 8, 22, 7),
(35923, 17.00, 'RON', NULL, 8, 7, 21),
(35924, 17.00, 'RON', NULL, 8, 21, 7),
(35925, 18.00, 'RON', NULL, 8, 7, 10),
(35926, 18.00, 'RON', NULL, 8, 10, 7),
(35927, 20.00, 'RON', NULL, 8, 7, 11),
(35928, 20.00, 'RON', NULL, 8, 11, 7),
(35929, 21.00, 'RON', NULL, 8, 7, 12),
(35930, 21.00, 'RON', NULL, 8, 12, 7),
(35931, 23.00, 'RON', NULL, 8, 7, 20),
(35932, 23.00, 'RON', NULL, 8, 20, 7),
(35933, 28.00, 'RON', NULL, 8, 7, 55),
(35934, 28.00, 'RON', NULL, 8, 55, 7),
(35935, 38.00, 'RON', NULL, 8, 7, 56),
(35936, 38.00, 'RON', NULL, 8, 56, 7),
(35937, 41.00, 'RON', NULL, 8, 7, 57),
(35938, 41.00, 'RON', NULL, 8, 57, 7),
(35939, 46.00, 'RON', NULL, 8, 7, 58),
(35940, 46.00, 'RON', NULL, 8, 58, 7),
(35941, 50.00, 'RON', NULL, 8, 7, 59),
(35942, 50.00, 'RON', NULL, 8, 59, 7),
(35943, 51.00, 'RON', NULL, 8, 7, 60),
(35944, 51.00, 'RON', NULL, 8, 60, 7),
(35945, 56.00, 'RON', NULL, 8, 7, 61),
(35946, 56.00, 'RON', NULL, 8, 61, 7),
(35947, 61.00, 'RON', NULL, 8, 7, 62),
(35948, 61.00, 'RON', NULL, 8, 62, 7),
(35949, 66.00, 'RON', NULL, 8, 7, 63),
(35950, 66.00, 'RON', NULL, 8, 63, 7),
(35951, 71.00, 'RON', NULL, 8, 7, 64),
(35952, 71.00, 'RON', NULL, 8, 64, 7),
(35953, 76.00, 'RON', NULL, 8, 7, 65),
(35954, 76.00, 'RON', NULL, 8, 65, 7),
(35955, 86.00, 'RON', NULL, 8, 7, 66),
(35956, 86.00, 'RON', NULL, 8, 66, 7),
(35957, 91.00, 'RON', NULL, 8, 7, 67),
(35958, 91.00, 'RON', NULL, 8, 67, 7),
(35959, 96.00, 'RON', NULL, 8, 7, 68),
(35960, 96.00, 'RON', NULL, 8, 68, 7),
(35961, 101.00, 'RON', NULL, 8, 7, 69),
(35962, 101.00, 'RON', NULL, 8, 69, 7),
(35963, 106.00, 'RON', NULL, 8, 7, 70),
(35964, 106.00, 'RON', NULL, 8, 70, 7),
(35965, 106.00, 'RON', NULL, 8, 7, 71),
(35966, 106.00, 'RON', NULL, 8, 71, 7),
(35967, 110.00, 'RON', NULL, 8, 7, 72),
(35968, 110.00, 'RON', NULL, 8, 72, 7),
(35969, 111.00, 'RON', NULL, 8, 7, 73),
(35970, 111.00, 'RON', NULL, 8, 73, 7),
(35971, 116.00, 'RON', NULL, 8, 7, 74),
(35972, 116.00, 'RON', NULL, 8, 74, 7),
(35973, 116.00, 'RON', NULL, 8, 7, 75),
(35974, 116.00, 'RON', NULL, 8, 75, 7),
(35975, 121.00, 'RON', NULL, 8, 7, 76),
(35976, 121.00, 'RON', NULL, 8, 76, 7),
(35977, 126.00, 'RON', NULL, 8, 7, 77),
(35978, 126.00, 'RON', NULL, 8, 77, 7),
(35979, 131.00, 'RON', NULL, 8, 7, 78),
(35980, 131.00, 'RON', NULL, 8, 78, 7),
(35981, 131.00, 'RON', NULL, 8, 7, 79),
(35982, 131.00, 'RON', NULL, 8, 79, 7),
(35983, 140.00, 'RON', NULL, 8, 7, 80),
(35984, 140.00, 'RON', NULL, 8, 80, 7),
(35985, 6.00, 'RON', NULL, 8, 8, 4),
(35986, 6.00, 'RON', NULL, 8, 4, 8),
(35987, 7.00, 'RON', NULL, 8, 8, 9),
(35988, 7.00, 'RON', NULL, 8, 9, 8),
(35989, 9.00, 'RON', NULL, 8, 8, 5),
(35990, 9.00, 'RON', NULL, 8, 5, 8),
(35991, 13.00, 'RON', NULL, 8, 8, 24),
(35992, 13.00, 'RON', NULL, 8, 24, 8),
(35993, 14.00, 'RON', NULL, 8, 8, 3),
(35994, 14.00, 'RON', NULL, 8, 3, 8),
(35995, 15.00, 'RON', NULL, 8, 8, 23),
(35996, 15.00, 'RON', NULL, 8, 23, 8),
(35997, 16.00, 'RON', NULL, 8, 8, 22),
(35998, 16.00, 'RON', NULL, 8, 22, 8),
(35999, 16.00, 'RON', NULL, 8, 8, 21),
(36000, 16.00, 'RON', NULL, 8, 21, 8),
(36001, 17.00, 'RON', NULL, 8, 8, 10),
(36002, 17.00, 'RON', NULL, 8, 10, 8),
(36003, 19.00, 'RON', NULL, 8, 8, 11),
(36004, 19.00, 'RON', NULL, 8, 11, 8),
(36005, 20.00, 'RON', NULL, 8, 8, 12),
(36006, 20.00, 'RON', NULL, 8, 12, 8),
(36007, 22.00, 'RON', NULL, 8, 8, 20),
(36008, 22.00, 'RON', NULL, 8, 20, 8),
(36009, 27.00, 'RON', NULL, 8, 8, 55),
(36010, 27.00, 'RON', NULL, 8, 55, 8),
(36011, 37.00, 'RON', NULL, 8, 8, 56),
(36012, 37.00, 'RON', NULL, 8, 56, 8),
(36013, 40.00, 'RON', NULL, 8, 8, 57),
(36014, 40.00, 'RON', NULL, 8, 57, 8),
(36015, 45.00, 'RON', NULL, 8, 8, 58),
(36016, 45.00, 'RON', NULL, 8, 58, 8),
(36017, 49.00, 'RON', NULL, 8, 8, 59),
(36018, 49.00, 'RON', NULL, 8, 59, 8),
(36019, 50.00, 'RON', NULL, 8, 8, 60),
(36020, 50.00, 'RON', NULL, 8, 60, 8),
(36021, 55.00, 'RON', NULL, 8, 8, 61),
(36022, 55.00, 'RON', NULL, 8, 61, 8),
(36023, 60.00, 'RON', NULL, 8, 8, 62),
(36024, 60.00, 'RON', NULL, 8, 62, 8),
(36025, 65.00, 'RON', NULL, 8, 8, 63),
(36026, 65.00, 'RON', NULL, 8, 63, 8),
(36027, 70.00, 'RON', NULL, 8, 8, 64),
(36028, 70.00, 'RON', NULL, 8, 64, 8),
(36029, 75.00, 'RON', NULL, 8, 8, 65),
(36030, 75.00, 'RON', NULL, 8, 65, 8),
(36031, 85.00, 'RON', NULL, 8, 8, 66),
(36032, 85.00, 'RON', NULL, 8, 66, 8),
(36033, 90.00, 'RON', NULL, 8, 8, 67),
(36034, 90.00, 'RON', NULL, 8, 67, 8),
(36035, 95.00, 'RON', NULL, 8, 8, 68),
(36036, 95.00, 'RON', NULL, 8, 68, 8),
(36037, 100.00, 'RON', NULL, 8, 8, 69),
(36038, 100.00, 'RON', NULL, 8, 69, 8),
(36039, 105.00, 'RON', NULL, 8, 8, 70),
(36040, 105.00, 'RON', NULL, 8, 70, 8),
(36041, 105.00, 'RON', NULL, 8, 8, 71),
(36042, 105.00, 'RON', NULL, 8, 71, 8),
(36043, 109.00, 'RON', NULL, 8, 8, 72),
(36044, 109.00, 'RON', NULL, 8, 72, 8),
(36045, 110.00, 'RON', NULL, 8, 8, 73),
(36046, 110.00, 'RON', NULL, 8, 73, 8),
(36047, 115.00, 'RON', NULL, 8, 8, 74),
(36048, 115.00, 'RON', NULL, 8, 74, 8),
(36049, 115.00, 'RON', NULL, 8, 8, 75),
(36050, 115.00, 'RON', NULL, 8, 75, 8),
(36051, 120.00, 'RON', NULL, 8, 8, 76),
(36052, 120.00, 'RON', NULL, 8, 76, 8),
(36053, 125.00, 'RON', NULL, 8, 8, 77),
(36054, 125.00, 'RON', NULL, 8, 77, 8),
(36055, 130.00, 'RON', NULL, 8, 8, 78),
(36056, 130.00, 'RON', NULL, 8, 78, 8),
(36057, 130.00, 'RON', NULL, 8, 8, 79),
(36058, 130.00, 'RON', NULL, 8, 79, 8),
(36059, 140.00, 'RON', NULL, 8, 8, 80),
(36060, 140.00, 'RON', NULL, 8, 80, 8),
(36061, 5.00, 'RON', NULL, 8, 4, 9),
(36062, 5.00, 'RON', NULL, 8, 9, 4),
(36063, 6.00, 'RON', NULL, 8, 4, 5),
(36064, 6.00, 'RON', NULL, 8, 5, 4),
(36065, 12.00, 'RON', NULL, 8, 4, 24),
(36066, 12.00, 'RON', NULL, 8, 24, 4),
(36067, 13.00, 'RON', NULL, 8, 4, 3),
(36068, 13.00, 'RON', NULL, 8, 3, 4),
(36069, 14.00, 'RON', NULL, 8, 4, 23),
(36070, 14.00, 'RON', NULL, 8, 23, 4),
(36071, 15.00, 'RON', NULL, 8, 4, 22),
(36072, 15.00, 'RON', NULL, 8, 22, 4),
(36073, 15.00, 'RON', NULL, 8, 4, 21),
(36074, 15.00, 'RON', NULL, 8, 21, 4),
(36075, 16.00, 'RON', NULL, 8, 4, 10),
(36076, 16.00, 'RON', NULL, 8, 10, 4),
(36077, 18.00, 'RON', NULL, 8, 4, 11),
(36078, 18.00, 'RON', NULL, 8, 11, 4),
(36079, 19.00, 'RON', NULL, 8, 4, 12),
(36080, 19.00, 'RON', NULL, 8, 12, 4),
(36081, 21.00, 'RON', NULL, 8, 4, 20),
(36082, 21.00, 'RON', NULL, 8, 20, 4),
(36083, 26.00, 'RON', NULL, 8, 4, 55),
(36084, 26.00, 'RON', NULL, 8, 55, 4),
(36085, 36.00, 'RON', NULL, 8, 4, 56),
(36086, 36.00, 'RON', NULL, 8, 56, 4),
(36087, 39.00, 'RON', NULL, 8, 4, 57),
(36088, 39.00, 'RON', NULL, 8, 57, 4),
(36089, 44.00, 'RON', NULL, 8, 4, 58),
(36090, 44.00, 'RON', NULL, 8, 58, 4),
(36091, 48.00, 'RON', NULL, 8, 4, 59),
(36092, 48.00, 'RON', NULL, 8, 59, 4),
(36093, 49.00, 'RON', NULL, 8, 4, 60),
(36094, 49.00, 'RON', NULL, 8, 60, 4),
(36095, 54.00, 'RON', NULL, 8, 4, 61),
(36096, 54.00, 'RON', NULL, 8, 61, 4),
(36097, 59.00, 'RON', NULL, 8, 4, 62),
(36098, 59.00, 'RON', NULL, 8, 62, 4),
(36099, 64.00, 'RON', NULL, 8, 4, 63),
(36100, 64.00, 'RON', NULL, 8, 63, 4),
(36101, 69.00, 'RON', NULL, 8, 4, 64),
(36102, 69.00, 'RON', NULL, 8, 64, 4),
(36103, 74.00, 'RON', NULL, 8, 4, 65),
(36104, 74.00, 'RON', NULL, 8, 65, 4),
(36105, 84.00, 'RON', NULL, 8, 4, 66),
(36106, 84.00, 'RON', NULL, 8, 66, 4),
(36107, 89.00, 'RON', NULL, 8, 4, 67),
(36108, 89.00, 'RON', NULL, 8, 67, 4),
(36109, 94.00, 'RON', NULL, 8, 4, 68),
(36110, 94.00, 'RON', NULL, 8, 68, 4),
(36111, 99.00, 'RON', NULL, 8, 4, 69),
(36112, 99.00, 'RON', NULL, 8, 69, 4),
(36113, 104.00, 'RON', NULL, 8, 4, 70),
(36114, 104.00, 'RON', NULL, 8, 70, 4),
(36115, 104.00, 'RON', NULL, 8, 4, 71),
(36116, 104.00, 'RON', NULL, 8, 71, 4),
(36117, 108.00, 'RON', NULL, 8, 4, 72),
(36118, 108.00, 'RON', NULL, 8, 72, 4),
(36119, 109.00, 'RON', NULL, 8, 4, 73),
(36120, 109.00, 'RON', NULL, 8, 73, 4),
(36121, 114.00, 'RON', NULL, 8, 4, 74),
(36122, 114.00, 'RON', NULL, 8, 74, 4),
(36123, 114.00, 'RON', NULL, 8, 4, 75),
(36124, 114.00, 'RON', NULL, 8, 75, 4),
(36125, 119.00, 'RON', NULL, 8, 4, 76),
(36126, 119.00, 'RON', NULL, 8, 76, 4),
(36127, 124.00, 'RON', NULL, 8, 4, 77),
(36128, 124.00, 'RON', NULL, 8, 77, 4),
(36129, 130.00, 'RON', NULL, 8, 4, 78),
(36130, 130.00, 'RON', NULL, 8, 78, 4),
(36131, 129.00, 'RON', NULL, 8, 4, 79),
(36132, 129.00, 'RON', NULL, 8, 79, 4),
(36133, 140.00, 'RON', NULL, 8, 4, 80),
(36134, 140.00, 'RON', NULL, 8, 80, 4),
(36135, 5.00, 'RON', NULL, 8, 9, 5),
(36136, 5.00, 'RON', NULL, 8, 5, 9),
(36137, 10.00, 'RON', NULL, 8, 9, 24),
(36138, 10.00, 'RON', NULL, 8, 24, 9),
(36139, 11.00, 'RON', NULL, 8, 9, 3),
(36140, 11.00, 'RON', NULL, 8, 3, 9),
(36141, 12.00, 'RON', NULL, 8, 9, 23),
(36142, 12.00, 'RON', NULL, 8, 23, 9),
(36143, 13.00, 'RON', NULL, 8, 9, 22),
(36144, 13.00, 'RON', NULL, 8, 22, 9),
(36145, 14.00, 'RON', NULL, 8, 9, 21),
(36146, 14.00, 'RON', NULL, 8, 21, 9),
(36147, 15.00, 'RON', NULL, 8, 9, 10),
(36148, 15.00, 'RON', NULL, 8, 10, 9),
(36149, 17.00, 'RON', NULL, 8, 9, 11),
(36150, 17.00, 'RON', NULL, 8, 11, 9),
(36151, 18.00, 'RON', NULL, 8, 9, 12),
(36152, 18.00, 'RON', NULL, 8, 12, 9),
(36153, 20.00, 'RON', NULL, 8, 9, 20),
(36154, 20.00, 'RON', NULL, 8, 20, 9),
(36155, 25.00, 'RON', NULL, 8, 9, 55),
(36156, 25.00, 'RON', NULL, 8, 55, 9),
(36157, 35.00, 'RON', NULL, 8, 9, 56),
(36158, 35.00, 'RON', NULL, 8, 56, 9),
(36159, 38.00, 'RON', NULL, 8, 9, 57),
(36160, 38.00, 'RON', NULL, 8, 57, 9),
(36161, 43.00, 'RON', NULL, 8, 9, 58),
(36162, 43.00, 'RON', NULL, 8, 58, 9),
(36163, 47.00, 'RON', NULL, 8, 9, 59),
(36164, 47.00, 'RON', NULL, 8, 59, 9),
(36165, 48.00, 'RON', NULL, 8, 9, 60),
(36166, 48.00, 'RON', NULL, 8, 60, 9),
(36167, 53.00, 'RON', NULL, 8, 9, 61),
(36168, 53.00, 'RON', NULL, 8, 61, 9),
(36169, 58.00, 'RON', NULL, 8, 9, 62),
(36170, 58.00, 'RON', NULL, 8, 62, 9),
(36171, 63.00, 'RON', NULL, 8, 9, 63),
(36172, 63.00, 'RON', NULL, 8, 63, 9),
(36173, 68.00, 'RON', NULL, 8, 9, 64),
(36174, 68.00, 'RON', NULL, 8, 64, 9),
(36175, 73.00, 'RON', NULL, 8, 9, 65),
(36176, 73.00, 'RON', NULL, 8, 65, 9),
(36177, 83.00, 'RON', NULL, 8, 9, 66),
(36178, 83.00, 'RON', NULL, 8, 66, 9),
(36179, 88.00, 'RON', NULL, 8, 9, 67),
(36180, 88.00, 'RON', NULL, 8, 67, 9),
(36181, 93.00, 'RON', NULL, 8, 9, 68),
(36182, 93.00, 'RON', NULL, 8, 68, 9),
(36183, 98.00, 'RON', NULL, 8, 9, 69),
(36184, 98.00, 'RON', NULL, 8, 69, 9),
(36185, 103.00, 'RON', NULL, 8, 9, 70),
(36186, 103.00, 'RON', NULL, 8, 70, 9),
(36187, 103.00, 'RON', NULL, 8, 9, 71),
(36188, 103.00, 'RON', NULL, 8, 71, 9),
(36189, 107.00, 'RON', NULL, 8, 9, 72),
(36190, 107.00, 'RON', NULL, 8, 72, 9),
(36191, 108.00, 'RON', NULL, 8, 9, 73),
(36192, 108.00, 'RON', NULL, 8, 73, 9),
(36193, 113.00, 'RON', NULL, 8, 9, 74),
(36194, 113.00, 'RON', NULL, 8, 74, 9),
(36195, 113.00, 'RON', NULL, 8, 9, 75),
(36196, 113.00, 'RON', NULL, 8, 75, 9),
(36197, 118.00, 'RON', NULL, 8, 9, 76),
(36198, 118.00, 'RON', NULL, 8, 76, 9),
(36199, 123.00, 'RON', NULL, 8, 9, 77),
(36200, 123.00, 'RON', NULL, 8, 77, 9),
(36201, 130.00, 'RON', NULL, 8, 9, 78),
(36202, 130.00, 'RON', NULL, 8, 78, 9),
(36203, 128.00, 'RON', NULL, 8, 9, 79),
(36204, 128.00, 'RON', NULL, 8, 79, 9),
(36205, 140.00, 'RON', NULL, 8, 9, 80),
(36206, 140.00, 'RON', NULL, 8, 80, 9),
(36207, 7.00, 'RON', NULL, 8, 5, 24),
(36208, 7.00, 'RON', NULL, 8, 24, 5),
(36209, 10.00, 'RON', NULL, 8, 5, 3),
(36210, 10.00, 'RON', NULL, 8, 3, 5),
(36211, 11.00, 'RON', NULL, 8, 5, 23),
(36212, 11.00, 'RON', NULL, 8, 23, 5),
(36213, 12.00, 'RON', NULL, 8, 5, 22),
(36214, 12.00, 'RON', NULL, 8, 22, 5),
(36215, 13.00, 'RON', NULL, 8, 5, 21),
(36216, 13.00, 'RON', NULL, 8, 21, 5),
(36217, 14.00, 'RON', NULL, 8, 5, 10),
(36218, 14.00, 'RON', NULL, 8, 10, 5),
(36219, 16.00, 'RON', NULL, 8, 5, 11),
(36220, 16.00, 'RON', NULL, 8, 11, 5),
(36221, 17.00, 'RON', NULL, 8, 5, 12),
(36222, 17.00, 'RON', NULL, 8, 12, 5),
(36223, 18.00, 'RON', NULL, 8, 5, 20),
(36224, 18.00, 'RON', NULL, 8, 20, 5),
(36225, 23.00, 'RON', NULL, 8, 5, 55),
(36226, 23.00, 'RON', NULL, 8, 55, 5),
(36227, 33.00, 'RON', NULL, 8, 5, 56),
(36228, 33.00, 'RON', NULL, 8, 56, 5),
(36229, 36.00, 'RON', NULL, 8, 5, 57),
(36230, 36.00, 'RON', NULL, 8, 57, 5),
(36231, 41.00, 'RON', NULL, 8, 5, 58),
(36232, 41.00, 'RON', NULL, 8, 58, 5),
(36233, 45.00, 'RON', NULL, 8, 5, 59),
(36234, 45.00, 'RON', NULL, 8, 59, 5),
(36235, 46.00, 'RON', NULL, 8, 5, 60),
(36236, 46.00, 'RON', NULL, 8, 60, 5),
(36237, 51.00, 'RON', NULL, 8, 5, 61),
(36238, 51.00, 'RON', NULL, 8, 61, 5),
(36239, 56.00, 'RON', NULL, 8, 5, 62),
(36240, 56.00, 'RON', NULL, 8, 62, 5),
(36241, 61.00, 'RON', NULL, 8, 5, 63),
(36242, 61.00, 'RON', NULL, 8, 63, 5),
(36243, 66.00, 'RON', NULL, 8, 5, 64),
(36244, 66.00, 'RON', NULL, 8, 64, 5),
(36245, 71.00, 'RON', NULL, 8, 5, 65),
(36246, 71.00, 'RON', NULL, 8, 65, 5),
(36247, 81.00, 'RON', NULL, 8, 5, 66),
(36248, 81.00, 'RON', NULL, 8, 66, 5),
(36249, 86.00, 'RON', NULL, 8, 5, 67),
(36250, 86.00, 'RON', NULL, 8, 67, 5),
(36251, 91.00, 'RON', NULL, 8, 5, 68),
(36252, 91.00, 'RON', NULL, 8, 68, 5),
(36253, 96.00, 'RON', NULL, 8, 5, 69),
(36254, 96.00, 'RON', NULL, 8, 69, 5),
(36255, 101.00, 'RON', NULL, 8, 5, 70),
(36256, 101.00, 'RON', NULL, 8, 70, 5),
(36257, 102.00, 'RON', NULL, 8, 5, 71),
(36258, 102.00, 'RON', NULL, 8, 71, 5),
(36259, 106.00, 'RON', NULL, 8, 5, 72),
(36260, 106.00, 'RON', NULL, 8, 72, 5),
(36261, 107.00, 'RON', NULL, 8, 5, 73),
(36262, 107.00, 'RON', NULL, 8, 73, 5),
(36263, 112.00, 'RON', NULL, 8, 5, 74),
(36264, 112.00, 'RON', NULL, 8, 74, 5),
(36265, 112.00, 'RON', NULL, 8, 5, 75),
(36266, 112.00, 'RON', NULL, 8, 75, 5),
(36267, 117.00, 'RON', NULL, 8, 5, 76),
(36268, 117.00, 'RON', NULL, 8, 76, 5),
(36269, 122.00, 'RON', NULL, 8, 5, 77),
(36270, 122.00, 'RON', NULL, 8, 77, 5),
(36271, 130.00, 'RON', NULL, 8, 5, 78),
(36272, 130.00, 'RON', NULL, 8, 78, 5),
(36273, 127.00, 'RON', NULL, 8, 5, 79),
(36274, 127.00, 'RON', NULL, 8, 79, 5),
(36275, 140.00, 'RON', NULL, 8, 5, 80),
(36276, 140.00, 'RON', NULL, 8, 80, 5),
(36277, 4.00, 'RON', NULL, 8, 24, 3),
(36278, 4.00, 'RON', NULL, 8, 3, 24),
(36279, 5.00, 'RON', NULL, 8, 24, 23),
(36280, 5.00, 'RON', NULL, 8, 23, 24),
(36281, 9.00, 'RON', NULL, 8, 24, 22),
(36282, 9.00, 'RON', NULL, 8, 22, 24),
(36283, 10.00, 'RON', NULL, 8, 24, 21),
(36284, 10.00, 'RON', NULL, 8, 21, 24),
(36285, 11.00, 'RON', NULL, 8, 24, 10),
(36286, 11.00, 'RON', NULL, 8, 10, 24),
(36287, 12.00, 'RON', NULL, 8, 24, 11),
(36288, 12.00, 'RON', NULL, 8, 11, 24),
(36289, 14.00, 'RON', NULL, 8, 24, 12),
(36290, 14.00, 'RON', NULL, 8, 12, 24),
(36291, 16.00, 'RON', NULL, 8, 24, 20),
(36292, 16.00, 'RON', NULL, 8, 20, 24),
(36293, 21.00, 'RON', NULL, 8, 24, 55),
(36294, 21.00, 'RON', NULL, 8, 55, 24),
(36295, 31.00, 'RON', NULL, 8, 24, 56),
(36296, 31.00, 'RON', NULL, 8, 56, 24),
(36297, 34.00, 'RON', NULL, 8, 24, 57),
(36298, 34.00, 'RON', NULL, 8, 57, 24),
(36299, 39.00, 'RON', NULL, 8, 24, 58),
(36300, 39.00, 'RON', NULL, 8, 58, 24),
(36301, 43.00, 'RON', NULL, 8, 24, 59),
(36302, 43.00, 'RON', NULL, 8, 59, 24),
(36303, 44.00, 'RON', NULL, 8, 24, 60),
(36304, 44.00, 'RON', NULL, 8, 60, 24),
(36305, 49.00, 'RON', NULL, 8, 24, 61),
(36306, 49.00, 'RON', NULL, 8, 61, 24),
(36307, 54.00, 'RON', NULL, 8, 24, 62),
(36308, 54.00, 'RON', NULL, 8, 62, 24),
(36309, 59.00, 'RON', NULL, 8, 24, 63),
(36310, 59.00, 'RON', NULL, 8, 63, 24),
(36311, 64.00, 'RON', NULL, 8, 24, 64),
(36312, 64.00, 'RON', NULL, 8, 64, 24),
(36313, 69.00, 'RON', NULL, 8, 24, 65),
(36314, 69.00, 'RON', NULL, 8, 65, 24),
(36315, 79.00, 'RON', NULL, 8, 24, 66),
(36316, 79.00, 'RON', NULL, 8, 66, 24),
(36317, 84.00, 'RON', NULL, 8, 24, 67),
(36318, 84.00, 'RON', NULL, 8, 67, 24),
(36319, 89.00, 'RON', NULL, 8, 24, 68),
(36320, 89.00, 'RON', NULL, 8, 68, 24),
(36321, 94.00, 'RON', NULL, 8, 24, 69),
(36322, 94.00, 'RON', NULL, 8, 69, 24),
(36323, 99.00, 'RON', NULL, 8, 24, 70),
(36324, 99.00, 'RON', NULL, 8, 70, 24),
(36325, 100.00, 'RON', NULL, 8, 24, 71),
(36326, 100.00, 'RON', NULL, 8, 71, 24),
(36327, 104.00, 'RON', NULL, 8, 24, 72),
(36328, 104.00, 'RON', NULL, 8, 72, 24),
(36329, 105.00, 'RON', NULL, 8, 24, 73),
(36330, 105.00, 'RON', NULL, 8, 73, 24),
(36331, 110.00, 'RON', NULL, 8, 24, 74),
(36332, 110.00, 'RON', NULL, 8, 74, 24),
(36333, 110.00, 'RON', NULL, 8, 24, 75),
(36334, 110.00, 'RON', NULL, 8, 75, 24),
(36335, 115.00, 'RON', NULL, 8, 24, 76),
(36336, 115.00, 'RON', NULL, 8, 76, 24),
(36337, 120.00, 'RON', NULL, 8, 24, 77),
(36338, 120.00, 'RON', NULL, 8, 77, 24),
(36339, 125.00, 'RON', NULL, 8, 24, 78),
(36340, 125.00, 'RON', NULL, 8, 78, 24),
(36341, 125.00, 'RON', NULL, 8, 24, 79),
(36342, 125.00, 'RON', NULL, 8, 79, 24),
(36343, 130.00, 'RON', NULL, 8, 24, 80),
(36344, 130.00, 'RON', NULL, 8, 80, 24),
(36345, 4.00, 'RON', NULL, 8, 3, 23),
(36346, 4.00, 'RON', NULL, 8, 23, 3),
(36347, 7.00, 'RON', NULL, 8, 3, 22),
(36348, 7.00, 'RON', NULL, 8, 22, 3),
(36349, 8.00, 'RON', NULL, 8, 3, 21),
(36350, 8.00, 'RON', NULL, 8, 21, 3),
(36351, 10.00, 'RON', NULL, 8, 3, 10),
(36352, 10.00, 'RON', NULL, 8, 10, 3),
(36353, 10.00, 'RON', NULL, 8, 3, 11),
(36354, 10.00, 'RON', NULL, 8, 11, 3),
(36355, 12.00, 'RON', NULL, 8, 3, 12),
(36356, 12.00, 'RON', NULL, 8, 12, 3),
(36357, 15.00, 'RON', NULL, 8, 3, 20),
(36358, 15.00, 'RON', NULL, 8, 20, 3),
(36359, 20.00, 'RON', NULL, 8, 3, 55),
(36360, 20.00, 'RON', NULL, 8, 55, 3),
(36361, 30.00, 'RON', NULL, 8, 3, 56),
(36362, 30.00, 'RON', NULL, 8, 56, 3),
(36363, 33.00, 'RON', NULL, 8, 3, 57),
(36364, 33.00, 'RON', NULL, 8, 57, 3),
(36365, 38.00, 'RON', NULL, 8, 3, 58),
(36366, 38.00, 'RON', NULL, 8, 58, 3),
(36367, 42.00, 'RON', NULL, 8, 3, 59),
(36368, 42.00, 'RON', NULL, 8, 59, 3),
(36369, 43.00, 'RON', NULL, 8, 3, 60),
(36370, 43.00, 'RON', NULL, 8, 60, 3),
(36371, 48.00, 'RON', NULL, 8, 3, 61),
(36372, 48.00, 'RON', NULL, 8, 61, 3),
(36373, 50.00, 'RON', NULL, 8, 3, 62),
(36374, 50.00, 'RON', NULL, 8, 62, 3),
(36375, 58.00, 'RON', NULL, 8, 3, 63),
(36376, 58.00, 'RON', NULL, 8, 63, 3),
(36377, 63.00, 'RON', NULL, 8, 3, 64),
(36378, 63.00, 'RON', NULL, 8, 64, 3),
(36379, 68.00, 'RON', NULL, 8, 3, 65),
(36380, 68.00, 'RON', NULL, 8, 65, 3),
(36381, 78.00, 'RON', NULL, 8, 3, 66),
(36382, 78.00, 'RON', NULL, 8, 66, 3),
(36383, 83.00, 'RON', NULL, 8, 3, 67),
(36384, 83.00, 'RON', NULL, 8, 67, 3),
(36385, 88.00, 'RON', NULL, 8, 3, 68),
(36386, 88.00, 'RON', NULL, 8, 68, 3),
(36387, 93.00, 'RON', NULL, 8, 3, 69),
(36388, 93.00, 'RON', NULL, 8, 69, 3),
(36389, 98.00, 'RON', NULL, 8, 3, 70),
(36390, 98.00, 'RON', NULL, 8, 70, 3),
(36391, 99.00, 'RON', NULL, 8, 3, 71),
(36392, 99.00, 'RON', NULL, 8, 71, 3),
(36393, 103.00, 'RON', NULL, 8, 3, 72),
(36394, 103.00, 'RON', NULL, 8, 72, 3),
(36395, 104.00, 'RON', NULL, 8, 3, 73),
(36396, 104.00, 'RON', NULL, 8, 73, 3),
(36397, 109.00, 'RON', NULL, 8, 3, 74),
(36398, 109.00, 'RON', NULL, 8, 74, 3),
(36399, 109.00, 'RON', NULL, 8, 3, 75),
(36400, 109.00, 'RON', NULL, 8, 75, 3),
(36401, 114.00, 'RON', NULL, 8, 3, 76),
(36402, 114.00, 'RON', NULL, 8, 76, 3),
(36403, 119.00, 'RON', NULL, 8, 3, 77),
(36404, 119.00, 'RON', NULL, 8, 77, 3),
(36405, 124.00, 'RON', NULL, 8, 3, 78),
(36406, 124.00, 'RON', NULL, 8, 78, 3),
(36407, 124.00, 'RON', NULL, 8, 3, 79),
(36408, 124.00, 'RON', NULL, 8, 79, 3),
(36409, 130.00, 'RON', NULL, 8, 3, 80),
(36410, 130.00, 'RON', NULL, 8, 80, 3),
(36411, 5.00, 'RON', NULL, 8, 23, 22),
(36412, 5.00, 'RON', NULL, 8, 22, 23),
(36413, 6.00, 'RON', NULL, 8, 23, 21),
(36414, 6.00, 'RON', NULL, 8, 21, 23),
(36415, 9.00, 'RON', NULL, 8, 23, 10),
(36416, 9.00, 'RON', NULL, 8, 10, 23),
(36417, 9.00, 'RON', NULL, 8, 23, 11),
(36418, 9.00, 'RON', NULL, 8, 11, 23),
(36419, 11.00, 'RON', NULL, 8, 23, 12),
(36420, 11.00, 'RON', NULL, 8, 12, 23),
(36421, 14.00, 'RON', NULL, 8, 23, 20),
(36422, 14.00, 'RON', NULL, 8, 20, 23),
(36423, 19.00, 'RON', NULL, 8, 23, 55),
(36424, 19.00, 'RON', NULL, 8, 55, 23),
(36425, 29.00, 'RON', NULL, 8, 23, 56),
(36426, 29.00, 'RON', NULL, 8, 56, 23),
(36427, 31.00, 'RON', NULL, 8, 23, 57),
(36428, 31.00, 'RON', NULL, 8, 57, 23),
(36429, 36.00, 'RON', NULL, 8, 23, 58),
(36430, 36.00, 'RON', NULL, 8, 58, 23),
(36431, 40.00, 'RON', NULL, 8, 23, 59),
(36432, 40.00, 'RON', NULL, 8, 59, 23),
(36433, 41.00, 'RON', NULL, 8, 23, 60),
(36434, 41.00, 'RON', NULL, 8, 60, 23),
(36435, 46.00, 'RON', NULL, 8, 23, 61),
(36436, 46.00, 'RON', NULL, 8, 61, 23),
(36437, 51.00, 'RON', NULL, 8, 23, 62),
(36438, 51.00, 'RON', NULL, 8, 62, 23),
(36439, 56.00, 'RON', NULL, 8, 23, 63),
(36440, 56.00, 'RON', NULL, 8, 63, 23),
(36441, 61.00, 'RON', NULL, 8, 23, 64),
(36442, 61.00, 'RON', NULL, 8, 64, 23),
(36443, 66.00, 'RON', NULL, 8, 23, 65),
(36444, 66.00, 'RON', NULL, 8, 65, 23),
(36445, 76.00, 'RON', NULL, 8, 23, 66),
(36446, 76.00, 'RON', NULL, 8, 66, 23),
(36447, 81.00, 'RON', NULL, 8, 23, 67),
(36448, 81.00, 'RON', NULL, 8, 67, 23),
(36449, 86.00, 'RON', NULL, 8, 23, 68),
(36450, 86.00, 'RON', NULL, 8, 68, 23),
(36451, 91.00, 'RON', NULL, 8, 23, 69),
(36452, 91.00, 'RON', NULL, 8, 69, 23),
(36453, 96.00, 'RON', NULL, 8, 23, 70),
(36454, 96.00, 'RON', NULL, 8, 70, 23),
(36455, 97.00, 'RON', NULL, 8, 23, 71),
(36456, 97.00, 'RON', NULL, 8, 71, 23),
(36457, 101.00, 'RON', NULL, 8, 23, 72),
(36458, 101.00, 'RON', NULL, 8, 72, 23),
(36459, 102.00, 'RON', NULL, 8, 23, 73),
(36460, 102.00, 'RON', NULL, 8, 73, 23),
(36461, 107.00, 'RON', NULL, 8, 23, 74),
(36462, 107.00, 'RON', NULL, 8, 74, 23),
(36463, 107.00, 'RON', NULL, 8, 23, 75),
(36464, 107.00, 'RON', NULL, 8, 75, 23),
(36465, 113.00, 'RON', NULL, 8, 23, 76),
(36466, 113.00, 'RON', NULL, 8, 76, 23),
(36467, 118.00, 'RON', NULL, 8, 23, 77),
(36468, 118.00, 'RON', NULL, 8, 77, 23),
(36469, 123.00, 'RON', NULL, 8, 23, 78),
(36470, 123.00, 'RON', NULL, 8, 78, 23),
(36471, 123.00, 'RON', NULL, 8, 23, 79),
(36472, 123.00, 'RON', NULL, 8, 79, 23),
(36473, 125.00, 'RON', NULL, 8, 23, 80),
(36474, 125.00, 'RON', NULL, 8, 80, 23),
(36475, 5.00, 'RON', NULL, 8, 22, 21),
(36476, 5.00, 'RON', NULL, 8, 21, 22),
(36477, 6.00, 'RON', NULL, 8, 22, 10),
(36478, 6.00, 'RON', NULL, 8, 10, 22),
(36479, 7.00, 'RON', NULL, 8, 22, 11),
(36480, 7.00, 'RON', NULL, 8, 11, 22),
(36481, 9.00, 'RON', NULL, 8, 22, 12),
(36482, 9.00, 'RON', NULL, 8, 12, 22),
(36483, 12.00, 'RON', NULL, 8, 22, 20),
(36484, 12.00, 'RON', NULL, 8, 20, 22),
(36485, 17.00, 'RON', NULL, 8, 22, 55),
(36486, 17.00, 'RON', NULL, 8, 55, 22),
(36487, 27.00, 'RON', NULL, 8, 22, 56),
(36488, 27.00, 'RON', NULL, 8, 56, 22),
(36489, 30.00, 'RON', NULL, 8, 22, 57),
(36490, 30.00, 'RON', NULL, 8, 57, 22),
(36491, 35.00, 'RON', NULL, 8, 22, 58),
(36492, 35.00, 'RON', NULL, 8, 58, 22),
(36493, 39.00, 'RON', NULL, 8, 22, 59),
(36494, 39.00, 'RON', NULL, 8, 59, 22),
(36495, 40.00, 'RON', NULL, 8, 22, 60),
(36496, 40.00, 'RON', NULL, 8, 60, 22),
(36497, 45.00, 'RON', NULL, 8, 22, 61),
(36498, 45.00, 'RON', NULL, 8, 61, 22),
(36499, 50.00, 'RON', NULL, 8, 22, 62),
(36500, 50.00, 'RON', NULL, 8, 62, 22),
(36501, 55.00, 'RON', NULL, 8, 22, 63),
(36502, 55.00, 'RON', NULL, 8, 63, 22),
(36503, 60.00, 'RON', NULL, 8, 22, 64),
(36504, 60.00, 'RON', NULL, 8, 64, 22),
(36505, 65.00, 'RON', NULL, 8, 22, 65),
(36506, 65.00, 'RON', NULL, 8, 65, 22),
(36507, 75.00, 'RON', NULL, 8, 22, 66),
(36508, 75.00, 'RON', NULL, 8, 66, 22),
(36509, 80.00, 'RON', NULL, 8, 22, 67),
(36510, 80.00, 'RON', NULL, 8, 67, 22),
(36511, 85.00, 'RON', NULL, 8, 22, 68),
(36512, 85.00, 'RON', NULL, 8, 68, 22),
(36513, 90.00, 'RON', NULL, 8, 22, 69),
(36514, 90.00, 'RON', NULL, 8, 69, 22),
(36515, 95.00, 'RON', NULL, 8, 22, 70),
(36516, 95.00, 'RON', NULL, 8, 70, 22),
(36517, 96.00, 'RON', NULL, 8, 22, 71),
(36518, 96.00, 'RON', NULL, 8, 71, 22),
(36519, 100.00, 'RON', NULL, 8, 22, 72),
(36520, 100.00, 'RON', NULL, 8, 72, 22),
(36521, 101.00, 'RON', NULL, 8, 22, 73),
(36522, 101.00, 'RON', NULL, 8, 73, 22),
(36523, 106.00, 'RON', NULL, 8, 22, 74),
(36524, 106.00, 'RON', NULL, 8, 74, 22),
(36525, 106.00, 'RON', NULL, 8, 22, 75),
(36526, 106.00, 'RON', NULL, 8, 75, 22),
(36527, 111.00, 'RON', NULL, 8, 22, 76),
(36528, 111.00, 'RON', NULL, 8, 76, 22),
(36529, 116.00, 'RON', NULL, 8, 22, 77),
(36530, 116.00, 'RON', NULL, 8, 77, 22),
(36531, 121.00, 'RON', NULL, 8, 22, 78),
(36532, 121.00, 'RON', NULL, 8, 78, 22),
(36533, 121.00, 'RON', NULL, 8, 22, 79),
(36534, 121.00, 'RON', NULL, 8, 79, 22);
INSERT INTO `price_list_items` (`id`, `price`, `currency`, `price_return`, `price_list_id`, `from_station_id`, `to_station_id`) VALUES
(36535, 125.00, 'RON', NULL, 8, 22, 80),
(36536, 125.00, 'RON', NULL, 8, 80, 22),
(36537, 5.00, 'RON', NULL, 8, 21, 10),
(36538, 5.00, 'RON', NULL, 8, 10, 21),
(36539, 6.00, 'RON', NULL, 8, 21, 11),
(36540, 6.00, 'RON', NULL, 8, 11, 21),
(36541, 9.00, 'RON', NULL, 8, 21, 12),
(36542, 9.00, 'RON', NULL, 8, 12, 21),
(36543, 11.00, 'RON', NULL, 8, 21, 20),
(36544, 11.00, 'RON', NULL, 8, 20, 21),
(36545, 16.00, 'RON', NULL, 8, 21, 55),
(36546, 16.00, 'RON', NULL, 8, 55, 21),
(36547, 26.00, 'RON', NULL, 8, 21, 56),
(36548, 26.00, 'RON', NULL, 8, 56, 21),
(36549, 29.00, 'RON', NULL, 8, 21, 57),
(36550, 29.00, 'RON', NULL, 8, 57, 21),
(36551, 34.00, 'RON', NULL, 8, 21, 58),
(36552, 34.00, 'RON', NULL, 8, 58, 21),
(36553, 38.00, 'RON', NULL, 8, 21, 59),
(36554, 38.00, 'RON', NULL, 8, 59, 21),
(36555, 39.00, 'RON', NULL, 8, 21, 60),
(36556, 39.00, 'RON', NULL, 8, 60, 21),
(36557, 44.00, 'RON', NULL, 8, 21, 61),
(36558, 44.00, 'RON', NULL, 8, 61, 21),
(36559, 49.00, 'RON', NULL, 8, 21, 62),
(36560, 49.00, 'RON', NULL, 8, 62, 21),
(36561, 54.00, 'RON', NULL, 8, 21, 63),
(36562, 54.00, 'RON', NULL, 8, 63, 21),
(36563, 59.00, 'RON', NULL, 8, 21, 64),
(36564, 59.00, 'RON', NULL, 8, 64, 21),
(36565, 64.00, 'RON', NULL, 8, 21, 65),
(36566, 64.00, 'RON', NULL, 8, 65, 21),
(36567, 74.00, 'RON', NULL, 8, 21, 66),
(36568, 74.00, 'RON', NULL, 8, 66, 21),
(36569, 79.00, 'RON', NULL, 8, 21, 67),
(36570, 79.00, 'RON', NULL, 8, 67, 21),
(36571, 84.00, 'RON', NULL, 8, 21, 68),
(36572, 84.00, 'RON', NULL, 8, 68, 21),
(36573, 89.00, 'RON', NULL, 8, 21, 69),
(36574, 89.00, 'RON', NULL, 8, 69, 21),
(36575, 94.00, 'RON', NULL, 8, 21, 70),
(36576, 94.00, 'RON', NULL, 8, 70, 21),
(36577, 95.00, 'RON', NULL, 8, 21, 71),
(36578, 95.00, 'RON', NULL, 8, 71, 21),
(36579, 99.00, 'RON', NULL, 8, 21, 72),
(36580, 99.00, 'RON', NULL, 8, 72, 21),
(36581, 100.00, 'RON', NULL, 8, 21, 73),
(36582, 100.00, 'RON', NULL, 8, 73, 21),
(36583, 105.00, 'RON', NULL, 8, 21, 74),
(36584, 105.00, 'RON', NULL, 8, 74, 21),
(36585, 105.00, 'RON', NULL, 8, 21, 75),
(36586, 105.00, 'RON', NULL, 8, 75, 21),
(36587, 110.00, 'RON', NULL, 8, 21, 76),
(36588, 110.00, 'RON', NULL, 8, 76, 21),
(36589, 115.00, 'RON', NULL, 8, 21, 77),
(36590, 115.00, 'RON', NULL, 8, 77, 21),
(36591, 120.00, 'RON', NULL, 8, 21, 78),
(36592, 120.00, 'RON', NULL, 8, 78, 21),
(36593, 120.00, 'RON', NULL, 8, 21, 79),
(36594, 120.00, 'RON', NULL, 8, 79, 21),
(36595, 125.00, 'RON', NULL, 8, 21, 80),
(36596, 125.00, 'RON', NULL, 8, 80, 21),
(36597, 5.00, 'RON', NULL, 8, 10, 11),
(36598, 5.00, 'RON', NULL, 8, 11, 10),
(36599, 7.00, 'RON', NULL, 8, 10, 12),
(36600, 7.00, 'RON', NULL, 8, 12, 10),
(36601, 10.00, 'RON', NULL, 8, 10, 20),
(36602, 10.00, 'RON', NULL, 8, 20, 10),
(36603, 15.00, 'RON', NULL, 8, 10, 55),
(36604, 15.00, 'RON', NULL, 8, 55, 10),
(36605, 25.00, 'RON', NULL, 8, 10, 56),
(36606, 25.00, 'RON', NULL, 8, 56, 10),
(36607, 28.00, 'RON', NULL, 8, 10, 57),
(36608, 28.00, 'RON', NULL, 8, 57, 10),
(36609, 33.00, 'RON', NULL, 8, 10, 58),
(36610, 33.00, 'RON', NULL, 8, 58, 10),
(36611, 37.00, 'RON', NULL, 8, 10, 59),
(36612, 37.00, 'RON', NULL, 8, 59, 10),
(36613, 38.00, 'RON', NULL, 8, 10, 60),
(36614, 38.00, 'RON', NULL, 8, 60, 10),
(36615, 43.00, 'RON', NULL, 8, 10, 61),
(36616, 43.00, 'RON', NULL, 8, 61, 10),
(36617, 48.00, 'RON', NULL, 8, 10, 62),
(36618, 48.00, 'RON', NULL, 8, 62, 10),
(36619, 53.00, 'RON', NULL, 8, 10, 63),
(36620, 53.00, 'RON', NULL, 8, 63, 10),
(36621, 58.00, 'RON', NULL, 8, 10, 64),
(36622, 58.00, 'RON', NULL, 8, 64, 10),
(36623, 63.00, 'RON', NULL, 8, 10, 65),
(36624, 63.00, 'RON', NULL, 8, 65, 10),
(36625, 73.00, 'RON', NULL, 8, 10, 66),
(36626, 73.00, 'RON', NULL, 8, 66, 10),
(36627, 78.00, 'RON', NULL, 8, 10, 67),
(36628, 78.00, 'RON', NULL, 8, 67, 10),
(36629, 83.00, 'RON', NULL, 8, 10, 68),
(36630, 83.00, 'RON', NULL, 8, 68, 10),
(36631, 88.00, 'RON', NULL, 8, 10, 69),
(36632, 88.00, 'RON', NULL, 8, 69, 10),
(36633, 93.00, 'RON', NULL, 8, 10, 70),
(36634, 93.00, 'RON', NULL, 8, 70, 10),
(36635, 94.00, 'RON', NULL, 8, 10, 71),
(36636, 94.00, 'RON', NULL, 8, 71, 10),
(36637, 98.00, 'RON', NULL, 8, 10, 72),
(36638, 98.00, 'RON', NULL, 8, 72, 10),
(36639, 99.00, 'RON', NULL, 8, 10, 73),
(36640, 99.00, 'RON', NULL, 8, 73, 10),
(36641, 104.00, 'RON', NULL, 8, 10, 74),
(36642, 104.00, 'RON', NULL, 8, 74, 10),
(36643, 104.00, 'RON', NULL, 8, 10, 75),
(36644, 104.00, 'RON', NULL, 8, 75, 10),
(36645, 109.00, 'RON', NULL, 8, 10, 76),
(36646, 109.00, 'RON', NULL, 8, 76, 10),
(36647, 114.00, 'RON', NULL, 8, 10, 77),
(36648, 114.00, 'RON', NULL, 8, 77, 10),
(36649, 119.00, 'RON', NULL, 8, 10, 78),
(36650, 119.00, 'RON', NULL, 8, 78, 10),
(36651, 119.00, 'RON', NULL, 8, 10, 79),
(36652, 119.00, 'RON', NULL, 8, 79, 10),
(36653, 120.00, 'RON', NULL, 8, 10, 80),
(36654, 120.00, 'RON', NULL, 8, 80, 10),
(36655, 5.00, 'RON', NULL, 8, 11, 12),
(36656, 5.00, 'RON', NULL, 8, 12, 11),
(36657, 6.00, 'RON', NULL, 8, 11, 20),
(36658, 6.00, 'RON', NULL, 8, 20, 11),
(36659, 11.00, 'RON', NULL, 8, 11, 55),
(36660, 11.00, 'RON', NULL, 8, 55, 11),
(36661, 21.00, 'RON', NULL, 8, 11, 56),
(36662, 21.00, 'RON', NULL, 8, 56, 11),
(36663, 24.00, 'RON', NULL, 8, 11, 57),
(36664, 24.00, 'RON', NULL, 8, 57, 11),
(36665, 29.00, 'RON', NULL, 8, 11, 58),
(36666, 29.00, 'RON', NULL, 8, 58, 11),
(36667, 33.00, 'RON', NULL, 8, 11, 59),
(36668, 33.00, 'RON', NULL, 8, 59, 11),
(36669, 34.00, 'RON', NULL, 8, 11, 60),
(36670, 34.00, 'RON', NULL, 8, 60, 11),
(36671, 39.00, 'RON', NULL, 8, 11, 61),
(36672, 39.00, 'RON', NULL, 8, 61, 11),
(36673, 44.00, 'RON', NULL, 8, 11, 62),
(36674, 44.00, 'RON', NULL, 8, 62, 11),
(36675, 49.00, 'RON', NULL, 8, 11, 63),
(36676, 49.00, 'RON', NULL, 8, 63, 11),
(36677, 54.00, 'RON', NULL, 8, 11, 64),
(36678, 54.00, 'RON', NULL, 8, 64, 11),
(36679, 59.00, 'RON', NULL, 8, 11, 65),
(36680, 59.00, 'RON', NULL, 8, 65, 11),
(36681, 69.00, 'RON', NULL, 8, 11, 66),
(36682, 69.00, 'RON', NULL, 8, 66, 11),
(36683, 74.00, 'RON', NULL, 8, 11, 67),
(36684, 74.00, 'RON', NULL, 8, 67, 11),
(36685, 79.00, 'RON', NULL, 8, 11, 68),
(36686, 79.00, 'RON', NULL, 8, 68, 11),
(36687, 84.00, 'RON', NULL, 8, 11, 69),
(36688, 84.00, 'RON', NULL, 8, 69, 11),
(36689, 89.00, 'RON', NULL, 8, 11, 70),
(36690, 89.00, 'RON', NULL, 8, 70, 11),
(36691, 90.00, 'RON', NULL, 8, 11, 71),
(36692, 90.00, 'RON', NULL, 8, 71, 11),
(36693, 94.00, 'RON', NULL, 8, 11, 72),
(36694, 94.00, 'RON', NULL, 8, 72, 11),
(36695, 95.00, 'RON', NULL, 8, 11, 73),
(36696, 95.00, 'RON', NULL, 8, 73, 11),
(36697, 100.00, 'RON', NULL, 8, 11, 74),
(36698, 100.00, 'RON', NULL, 8, 74, 11),
(36699, 100.00, 'RON', NULL, 8, 11, 75),
(36700, 100.00, 'RON', NULL, 8, 75, 11),
(36701, 105.00, 'RON', NULL, 8, 11, 76),
(36702, 105.00, 'RON', NULL, 8, 76, 11),
(36703, 110.00, 'RON', NULL, 8, 11, 77),
(36704, 110.00, 'RON', NULL, 8, 77, 11),
(36705, 115.00, 'RON', NULL, 8, 11, 78),
(36706, 115.00, 'RON', NULL, 8, 78, 11),
(36707, 115.00, 'RON', NULL, 8, 11, 79),
(36708, 115.00, 'RON', NULL, 8, 79, 11),
(36709, 120.00, 'RON', NULL, 8, 11, 80),
(36710, 120.00, 'RON', NULL, 8, 80, 11),
(36711, 5.00, 'RON', NULL, 8, 12, 20),
(36712, 5.00, 'RON', NULL, 8, 20, 12),
(36713, 10.00, 'RON', NULL, 8, 12, 55),
(36714, 10.00, 'RON', NULL, 8, 55, 12),
(36715, 20.00, 'RON', NULL, 8, 12, 56),
(36716, 20.00, 'RON', NULL, 8, 56, 12),
(36717, 23.00, 'RON', NULL, 8, 12, 57),
(36718, 23.00, 'RON', NULL, 8, 57, 12),
(36719, 28.00, 'RON', NULL, 8, 12, 58),
(36720, 28.00, 'RON', NULL, 8, 58, 12),
(36721, 32.00, 'RON', NULL, 8, 12, 59),
(36722, 32.00, 'RON', NULL, 8, 59, 12),
(36723, 33.00, 'RON', NULL, 8, 12, 60),
(36724, 33.00, 'RON', NULL, 8, 60, 12),
(36725, 38.00, 'RON', NULL, 8, 12, 61),
(36726, 38.00, 'RON', NULL, 8, 61, 12),
(36727, 43.00, 'RON', NULL, 8, 12, 62),
(36728, 43.00, 'RON', NULL, 8, 62, 12),
(36729, 48.00, 'RON', NULL, 8, 12, 63),
(36730, 48.00, 'RON', NULL, 8, 63, 12),
(36731, 53.00, 'RON', NULL, 8, 12, 64),
(36732, 53.00, 'RON', NULL, 8, 64, 12),
(36733, 58.00, 'RON', NULL, 8, 12, 65),
(36734, 58.00, 'RON', NULL, 8, 65, 12),
(36735, 68.00, 'RON', NULL, 8, 12, 66),
(36736, 68.00, 'RON', NULL, 8, 66, 12),
(36737, 73.00, 'RON', NULL, 8, 12, 67),
(36738, 73.00, 'RON', NULL, 8, 67, 12),
(36739, 78.00, 'RON', NULL, 8, 12, 68),
(36740, 78.00, 'RON', NULL, 8, 68, 12),
(36741, 83.00, 'RON', NULL, 8, 12, 69),
(36742, 83.00, 'RON', NULL, 8, 69, 12),
(36743, 88.00, 'RON', NULL, 8, 12, 70),
(36744, 88.00, 'RON', NULL, 8, 70, 12),
(36745, 89.00, 'RON', NULL, 8, 12, 71),
(36746, 89.00, 'RON', NULL, 8, 71, 12),
(36747, 93.00, 'RON', NULL, 8, 12, 72),
(36748, 93.00, 'RON', NULL, 8, 72, 12),
(36749, 94.00, 'RON', NULL, 8, 12, 73),
(36750, 94.00, 'RON', NULL, 8, 73, 12),
(36751, 99.00, 'RON', NULL, 8, 12, 74),
(36752, 99.00, 'RON', NULL, 8, 74, 12),
(36753, 99.00, 'RON', NULL, 8, 12, 75),
(36754, 99.00, 'RON', NULL, 8, 75, 12),
(36755, 104.00, 'RON', NULL, 8, 12, 76),
(36756, 104.00, 'RON', NULL, 8, 76, 12),
(36757, 109.00, 'RON', NULL, 8, 12, 77),
(36758, 109.00, 'RON', NULL, 8, 77, 12),
(36759, 114.00, 'RON', NULL, 8, 12, 78),
(36760, 114.00, 'RON', NULL, 8, 78, 12),
(36761, 114.00, 'RON', NULL, 8, 12, 79),
(36762, 114.00, 'RON', NULL, 8, 79, 12),
(36763, 120.00, 'RON', NULL, 8, 12, 80),
(36764, 120.00, 'RON', NULL, 8, 80, 12),
(36765, 5.00, 'RON', NULL, 8, 20, 55),
(36766, 5.00, 'RON', NULL, 8, 55, 20),
(36767, 14.00, 'RON', NULL, 8, 20, 56),
(36768, 14.00, 'RON', NULL, 8, 56, 20),
(36769, 18.00, 'RON', NULL, 8, 20, 57),
(36770, 18.00, 'RON', NULL, 8, 57, 20),
(36771, 22.00, 'RON', NULL, 8, 20, 58),
(36772, 22.00, 'RON', NULL, 8, 58, 20),
(36773, 27.00, 'RON', NULL, 8, 20, 59),
(36774, 27.00, 'RON', NULL, 8, 59, 20),
(36775, 27.00, 'RON', NULL, 8, 20, 60),
(36776, 27.00, 'RON', NULL, 8, 60, 20),
(36777, 30.00, 'RON', NULL, 8, 20, 61),
(36778, 30.00, 'RON', NULL, 8, 61, 20),
(36779, 38.00, 'RON', NULL, 8, 20, 62),
(36780, 38.00, 'RON', NULL, 8, 62, 20),
(36781, 42.00, 'RON', NULL, 8, 20, 63),
(36782, 42.00, 'RON', NULL, 8, 63, 20),
(36783, 48.00, 'RON', NULL, 8, 20, 64),
(36784, 48.00, 'RON', NULL, 8, 64, 20),
(36785, 52.00, 'RON', NULL, 8, 20, 65),
(36786, 52.00, 'RON', NULL, 8, 65, 20),
(36787, 61.00, 'RON', NULL, 8, 20, 66),
(36788, 61.00, 'RON', NULL, 8, 66, 20),
(36789, 68.00, 'RON', NULL, 8, 20, 67),
(36790, 68.00, 'RON', NULL, 8, 67, 20),
(36791, 71.00, 'RON', NULL, 8, 20, 68),
(36792, 71.00, 'RON', NULL, 8, 68, 20),
(36793, 76.00, 'RON', NULL, 8, 20, 69),
(36794, 76.00, 'RON', NULL, 8, 69, 20),
(36795, 81.00, 'RON', NULL, 8, 20, 70),
(36796, 81.00, 'RON', NULL, 8, 70, 20),
(36797, 82.00, 'RON', NULL, 8, 20, 71),
(36798, 82.00, 'RON', NULL, 8, 71, 20),
(36799, 86.00, 'RON', NULL, 8, 20, 72),
(36800, 86.00, 'RON', NULL, 8, 72, 20),
(36801, 88.00, 'RON', NULL, 8, 20, 73),
(36802, 88.00, 'RON', NULL, 8, 73, 20),
(36803, 92.00, 'RON', NULL, 8, 20, 74),
(36804, 92.00, 'RON', NULL, 8, 74, 20),
(36805, 92.00, 'RON', NULL, 8, 20, 75),
(36806, 92.00, 'RON', NULL, 8, 75, 20),
(36807, 97.00, 'RON', NULL, 8, 20, 76),
(36808, 97.00, 'RON', NULL, 8, 76, 20),
(36809, 102.00, 'RON', NULL, 8, 20, 77),
(36810, 102.00, 'RON', NULL, 8, 77, 20),
(36811, 107.00, 'RON', NULL, 8, 20, 78),
(36812, 107.00, 'RON', NULL, 8, 78, 20),
(36813, 107.00, 'RON', NULL, 8, 20, 79),
(36814, 107.00, 'RON', NULL, 8, 79, 20),
(36815, 110.00, 'RON', NULL, 8, 20, 80),
(36816, 110.00, 'RON', NULL, 8, 80, 20),
(36817, 9.00, 'RON', NULL, 8, 55, 56),
(36818, 9.00, 'RON', NULL, 8, 56, 55),
(36819, 12.00, 'RON', NULL, 8, 55, 57),
(36820, 12.00, 'RON', NULL, 8, 57, 55),
(36821, 17.00, 'RON', NULL, 8, 55, 58),
(36822, 17.00, 'RON', NULL, 8, 58, 55),
(36823, 21.00, 'RON', NULL, 8, 55, 59),
(36824, 21.00, 'RON', NULL, 8, 59, 55),
(36825, 22.00, 'RON', NULL, 8, 55, 60),
(36826, 22.00, 'RON', NULL, 8, 60, 55),
(36827, 27.00, 'RON', NULL, 8, 55, 61),
(36828, 27.00, 'RON', NULL, 8, 61, 55),
(36829, 32.00, 'RON', NULL, 8, 55, 62),
(36830, 32.00, 'RON', NULL, 8, 62, 55),
(36831, 37.00, 'RON', NULL, 8, 55, 63),
(36832, 37.00, 'RON', NULL, 8, 63, 55),
(36833, 42.00, 'RON', NULL, 8, 55, 64),
(36834, 42.00, 'RON', NULL, 8, 64, 55),
(36835, 47.00, 'RON', NULL, 8, 55, 65),
(36836, 47.00, 'RON', NULL, 8, 65, 55),
(36837, 57.00, 'RON', NULL, 8, 55, 66),
(36838, 57.00, 'RON', NULL, 8, 66, 55),
(36839, 62.00, 'RON', NULL, 8, 55, 67),
(36840, 62.00, 'RON', NULL, 8, 67, 55),
(36841, 67.00, 'RON', NULL, 8, 55, 68),
(36842, 67.00, 'RON', NULL, 8, 68, 55),
(36843, 72.00, 'RON', NULL, 8, 55, 69),
(36844, 72.00, 'RON', NULL, 8, 69, 55),
(36845, 77.00, 'RON', NULL, 8, 55, 70),
(36846, 77.00, 'RON', NULL, 8, 70, 55),
(36847, 78.00, 'RON', NULL, 8, 55, 71),
(36848, 78.00, 'RON', NULL, 8, 71, 55),
(36849, 82.00, 'RON', NULL, 8, 55, 72),
(36850, 82.00, 'RON', NULL, 8, 72, 55),
(36851, 83.00, 'RON', NULL, 8, 55, 73),
(36852, 83.00, 'RON', NULL, 8, 73, 55),
(36853, 88.00, 'RON', NULL, 8, 55, 74),
(36854, 88.00, 'RON', NULL, 8, 74, 55),
(36855, 88.00, 'RON', NULL, 8, 55, 75),
(36856, 88.00, 'RON', NULL, 8, 75, 55),
(36857, 93.00, 'RON', NULL, 8, 55, 76),
(36858, 93.00, 'RON', NULL, 8, 76, 55),
(36859, 98.00, 'RON', NULL, 8, 55, 77),
(36860, 98.00, 'RON', NULL, 8, 77, 55),
(36861, 103.00, 'RON', NULL, 8, 55, 78),
(36862, 103.00, 'RON', NULL, 8, 78, 55),
(36863, 103.00, 'RON', NULL, 8, 55, 79),
(36864, 103.00, 'RON', NULL, 8, 79, 55),
(36865, 110.00, 'RON', NULL, 8, 55, 80),
(36866, 110.00, 'RON', NULL, 8, 80, 55),
(36867, 7.00, 'RON', NULL, 8, 56, 57),
(36868, 7.00, 'RON', NULL, 8, 57, 56),
(36869, 12.00, 'RON', NULL, 8, 56, 58),
(36870, 12.00, 'RON', NULL, 8, 58, 56),
(36871, 16.00, 'RON', NULL, 8, 56, 59),
(36872, 16.00, 'RON', NULL, 8, 59, 56),
(36873, 17.00, 'RON', NULL, 8, 56, 60),
(36874, 17.00, 'RON', NULL, 8, 60, 56),
(36875, 22.00, 'RON', NULL, 8, 56, 61),
(36876, 22.00, 'RON', NULL, 8, 61, 56),
(36877, 27.00, 'RON', NULL, 8, 56, 62),
(36878, 27.00, 'RON', NULL, 8, 62, 56),
(36879, 32.00, 'RON', NULL, 8, 56, 63),
(36880, 32.00, 'RON', NULL, 8, 63, 56),
(36881, 37.00, 'RON', NULL, 8, 56, 64),
(36882, 37.00, 'RON', NULL, 8, 64, 56),
(36883, 42.00, 'RON', NULL, 8, 56, 65),
(36884, 42.00, 'RON', NULL, 8, 65, 56),
(36885, 52.00, 'RON', NULL, 8, 56, 66),
(36886, 52.00, 'RON', NULL, 8, 66, 56),
(36887, 57.00, 'RON', NULL, 8, 56, 67),
(36888, 57.00, 'RON', NULL, 8, 67, 56),
(36889, 62.00, 'RON', NULL, 8, 56, 68),
(36890, 62.00, 'RON', NULL, 8, 68, 56),
(36891, 67.00, 'RON', NULL, 8, 56, 69),
(36892, 67.00, 'RON', NULL, 8, 69, 56),
(36893, 72.00, 'RON', NULL, 8, 56, 70),
(36894, 72.00, 'RON', NULL, 8, 70, 56),
(36895, 73.00, 'RON', NULL, 8, 56, 71),
(36896, 73.00, 'RON', NULL, 8, 71, 56),
(36897, 77.00, 'RON', NULL, 8, 56, 72),
(36898, 77.00, 'RON', NULL, 8, 72, 56),
(36899, 78.00, 'RON', NULL, 8, 56, 73),
(36900, 78.00, 'RON', NULL, 8, 73, 56),
(36901, 83.00, 'RON', NULL, 8, 56, 74),
(36902, 83.00, 'RON', NULL, 8, 74, 56),
(36903, 83.00, 'RON', NULL, 8, 56, 75),
(36904, 83.00, 'RON', NULL, 8, 75, 56),
(36905, 88.00, 'RON', NULL, 8, 56, 76),
(36906, 88.00, 'RON', NULL, 8, 76, 56),
(36907, 93.00, 'RON', NULL, 8, 56, 77),
(36908, 93.00, 'RON', NULL, 8, 77, 56),
(36909, 98.00, 'RON', NULL, 8, 56, 78),
(36910, 98.00, 'RON', NULL, 8, 78, 56),
(36911, 100.00, 'RON', NULL, 8, 56, 79),
(36912, 100.00, 'RON', NULL, 8, 79, 56),
(36913, 100.00, 'RON', NULL, 8, 56, 80),
(36914, 100.00, 'RON', NULL, 8, 80, 56),
(36915, 5.00, 'RON', NULL, 8, 57, 58),
(36916, 5.00, 'RON', NULL, 8, 58, 57),
(36917, 9.00, 'RON', NULL, 8, 57, 59),
(36918, 9.00, 'RON', NULL, 8, 59, 57),
(36919, 10.00, 'RON', NULL, 8, 57, 60),
(36920, 10.00, 'RON', NULL, 8, 60, 57),
(36921, 15.00, 'RON', NULL, 8, 57, 61),
(36922, 15.00, 'RON', NULL, 8, 61, 57),
(36923, 20.00, 'RON', NULL, 8, 57, 62),
(36924, 20.00, 'RON', NULL, 8, 62, 57),
(36925, 25.00, 'RON', NULL, 8, 57, 63),
(36926, 25.00, 'RON', NULL, 8, 63, 57),
(36927, 30.00, 'RON', NULL, 8, 57, 64),
(36928, 30.00, 'RON', NULL, 8, 64, 57),
(36929, 35.00, 'RON', NULL, 8, 57, 65),
(36930, 35.00, 'RON', NULL, 8, 65, 57),
(36931, 45.00, 'RON', NULL, 8, 57, 66),
(36932, 45.00, 'RON', NULL, 8, 66, 57),
(36933, 50.00, 'RON', NULL, 8, 57, 67),
(36934, 50.00, 'RON', NULL, 8, 67, 57),
(36935, 55.00, 'RON', NULL, 8, 57, 68),
(36936, 55.00, 'RON', NULL, 8, 68, 57),
(36937, 60.00, 'RON', NULL, 8, 57, 69),
(36938, 60.00, 'RON', NULL, 8, 69, 57),
(36939, 65.00, 'RON', NULL, 8, 57, 70),
(36940, 65.00, 'RON', NULL, 8, 70, 57),
(36941, 66.00, 'RON', NULL, 8, 57, 71),
(36942, 66.00, 'RON', NULL, 8, 71, 57),
(36943, 70.00, 'RON', NULL, 8, 57, 72),
(36944, 70.00, 'RON', NULL, 8, 72, 57),
(36945, 71.00, 'RON', NULL, 8, 57, 73),
(36946, 71.00, 'RON', NULL, 8, 73, 57),
(36947, 76.00, 'RON', NULL, 8, 57, 74),
(36948, 76.00, 'RON', NULL, 8, 74, 57),
(36949, 76.00, 'RON', NULL, 8, 57, 75),
(36950, 76.00, 'RON', NULL, 8, 75, 57),
(36951, 81.00, 'RON', NULL, 8, 57, 76),
(36952, 81.00, 'RON', NULL, 8, 76, 57),
(36953, 86.00, 'RON', NULL, 8, 57, 77),
(36954, 86.00, 'RON', NULL, 8, 77, 57),
(36955, 91.00, 'RON', NULL, 8, 57, 78),
(36956, 91.00, 'RON', NULL, 8, 78, 57),
(36957, 100.00, 'RON', NULL, 8, 57, 79),
(36958, 100.00, 'RON', NULL, 8, 79, 57),
(36959, 100.00, 'RON', NULL, 8, 57, 80),
(36960, 100.00, 'RON', NULL, 8, 80, 57),
(36961, 5.00, 'RON', NULL, 8, 58, 59),
(36962, 5.00, 'RON', NULL, 8, 59, 58),
(36963, 6.00, 'RON', NULL, 8, 58, 60),
(36964, 6.00, 'RON', NULL, 8, 60, 58),
(36965, 11.00, 'RON', NULL, 8, 58, 61),
(36966, 11.00, 'RON', NULL, 8, 61, 58),
(36967, 16.00, 'RON', NULL, 8, 58, 62),
(36968, 16.00, 'RON', NULL, 8, 62, 58),
(36969, 21.00, 'RON', NULL, 8, 58, 63),
(36970, 21.00, 'RON', NULL, 8, 63, 58),
(36971, 26.00, 'RON', NULL, 8, 58, 64),
(36972, 26.00, 'RON', NULL, 8, 64, 58),
(36973, 31.00, 'RON', NULL, 8, 58, 65),
(36974, 31.00, 'RON', NULL, 8, 65, 58),
(36975, 41.00, 'RON', NULL, 8, 58, 66),
(36976, 41.00, 'RON', NULL, 8, 66, 58),
(36977, 46.00, 'RON', NULL, 8, 58, 67),
(36978, 46.00, 'RON', NULL, 8, 67, 58),
(36979, 51.00, 'RON', NULL, 8, 58, 68),
(36980, 51.00, 'RON', NULL, 8, 68, 58),
(36981, 56.00, 'RON', NULL, 8, 58, 69),
(36982, 56.00, 'RON', NULL, 8, 69, 58),
(36983, 61.00, 'RON', NULL, 8, 58, 70),
(36984, 61.00, 'RON', NULL, 8, 70, 58),
(36985, 62.00, 'RON', NULL, 8, 58, 71),
(36986, 62.00, 'RON', NULL, 8, 71, 58),
(36987, 66.00, 'RON', NULL, 8, 58, 72),
(36988, 66.00, 'RON', NULL, 8, 72, 58),
(36989, 67.00, 'RON', NULL, 8, 58, 73),
(36990, 67.00, 'RON', NULL, 8, 73, 58),
(36991, 72.00, 'RON', NULL, 8, 58, 74),
(36992, 72.00, 'RON', NULL, 8, 74, 58),
(36993, 72.00, 'RON', NULL, 8, 58, 75),
(36994, 72.00, 'RON', NULL, 8, 75, 58),
(36995, 77.00, 'RON', NULL, 8, 58, 76),
(36996, 77.00, 'RON', NULL, 8, 76, 58),
(36997, 82.00, 'RON', NULL, 8, 58, 77),
(36998, 82.00, 'RON', NULL, 8, 77, 58),
(36999, 87.00, 'RON', NULL, 8, 58, 78),
(37000, 87.00, 'RON', NULL, 8, 78, 58),
(37001, 100.00, 'RON', NULL, 8, 58, 79),
(37002, 100.00, 'RON', NULL, 8, 79, 58),
(37003, 100.00, 'RON', NULL, 8, 58, 80),
(37004, 100.00, 'RON', NULL, 8, 80, 58),
(37005, 5.00, 'RON', NULL, 8, 59, 60),
(37006, 5.00, 'RON', NULL, 8, 60, 59),
(37007, 10.00, 'RON', NULL, 8, 59, 61),
(37008, 10.00, 'RON', NULL, 8, 61, 59),
(37009, 15.00, 'RON', NULL, 8, 59, 62),
(37010, 15.00, 'RON', NULL, 8, 62, 59),
(37011, 20.00, 'RON', NULL, 8, 59, 63),
(37012, 20.00, 'RON', NULL, 8, 63, 59),
(37013, 25.00, 'RON', NULL, 8, 59, 64),
(37014, 25.00, 'RON', NULL, 8, 64, 59),
(37015, 30.00, 'RON', NULL, 8, 59, 65),
(37016, 30.00, 'RON', NULL, 8, 65, 59),
(37017, 40.00, 'RON', NULL, 8, 59, 66),
(37018, 40.00, 'RON', NULL, 8, 66, 59),
(37019, 45.00, 'RON', NULL, 8, 59, 67),
(37020, 45.00, 'RON', NULL, 8, 67, 59),
(37021, 50.00, 'RON', NULL, 8, 59, 68),
(37022, 50.00, 'RON', NULL, 8, 68, 59),
(37023, 55.00, 'RON', NULL, 8, 59, 69),
(37024, 55.00, 'RON', NULL, 8, 69, 59),
(37025, 60.00, 'RON', NULL, 8, 59, 70),
(37026, 60.00, 'RON', NULL, 8, 70, 59),
(37027, 61.00, 'RON', NULL, 8, 59, 71),
(37028, 61.00, 'RON', NULL, 8, 71, 59),
(37029, 65.00, 'RON', NULL, 8, 59, 72),
(37030, 65.00, 'RON', NULL, 8, 72, 59),
(37031, 66.00, 'RON', NULL, 8, 59, 73),
(37032, 66.00, 'RON', NULL, 8, 73, 59),
(37033, 71.00, 'RON', NULL, 8, 59, 74),
(37034, 71.00, 'RON', NULL, 8, 74, 59),
(37035, 71.00, 'RON', NULL, 8, 59, 75),
(37036, 71.00, 'RON', NULL, 8, 75, 59),
(37037, 76.00, 'RON', NULL, 8, 59, 76),
(37038, 76.00, 'RON', NULL, 8, 76, 59),
(37039, 81.00, 'RON', NULL, 8, 59, 77),
(37040, 81.00, 'RON', NULL, 8, 77, 59),
(37041, 86.00, 'RON', NULL, 8, 59, 78),
(37042, 86.00, 'RON', NULL, 8, 78, 59),
(37043, 86.00, 'RON', NULL, 8, 59, 79),
(37044, 86.00, 'RON', NULL, 8, 79, 59),
(37045, 85.00, 'RON', NULL, 8, 59, 80),
(37046, 85.00, 'RON', NULL, 8, 80, 59),
(37047, 5.00, 'RON', NULL, 8, 60, 61),
(37048, 5.00, 'RON', NULL, 8, 61, 60),
(37049, 10.00, 'RON', NULL, 8, 60, 62),
(37050, 10.00, 'RON', NULL, 8, 62, 60),
(37051, 15.00, 'RON', NULL, 8, 60, 63),
(37052, 15.00, 'RON', NULL, 8, 63, 60),
(37053, 20.00, 'RON', NULL, 8, 60, 64),
(37054, 20.00, 'RON', NULL, 8, 64, 60),
(37055, 25.00, 'RON', NULL, 8, 60, 65),
(37056, 25.00, 'RON', NULL, 8, 65, 60),
(37057, 35.00, 'RON', NULL, 8, 60, 66),
(37058, 35.00, 'RON', NULL, 8, 66, 60),
(37059, 40.00, 'RON', NULL, 8, 60, 67),
(37060, 40.00, 'RON', NULL, 8, 67, 60),
(37061, 45.00, 'RON', NULL, 8, 60, 68),
(37062, 45.00, 'RON', NULL, 8, 68, 60),
(37063, 50.00, 'RON', NULL, 8, 60, 69),
(37064, 50.00, 'RON', NULL, 8, 69, 60),
(37065, 55.00, 'RON', NULL, 8, 60, 70),
(37066, 55.00, 'RON', NULL, 8, 70, 60),
(37067, 56.00, 'RON', NULL, 8, 60, 71),
(37068, 56.00, 'RON', NULL, 8, 71, 60),
(37069, 60.00, 'RON', NULL, 8, 60, 72),
(37070, 60.00, 'RON', NULL, 8, 72, 60),
(37071, 61.00, 'RON', NULL, 8, 60, 73),
(37072, 61.00, 'RON', NULL, 8, 73, 60),
(37073, 66.00, 'RON', NULL, 8, 60, 74),
(37074, 66.00, 'RON', NULL, 8, 74, 60),
(37075, 66.00, 'RON', NULL, 8, 60, 75),
(37076, 66.00, 'RON', NULL, 8, 75, 60),
(37077, 71.00, 'RON', NULL, 8, 60, 76),
(37078, 71.00, 'RON', NULL, 8, 76, 60),
(37079, 76.00, 'RON', NULL, 8, 60, 77),
(37080, 76.00, 'RON', NULL, 8, 77, 60),
(37081, 81.00, 'RON', NULL, 8, 60, 78),
(37082, 81.00, 'RON', NULL, 8, 78, 60),
(37083, 81.00, 'RON', NULL, 8, 60, 79),
(37084, 81.00, 'RON', NULL, 8, 79, 60),
(37085, 85.00, 'RON', NULL, 8, 60, 80),
(37086, 85.00, 'RON', NULL, 8, 80, 60),
(37087, 8.00, 'RON', NULL, 8, 61, 62),
(37088, 8.00, 'RON', NULL, 8, 62, 61),
(37089, 13.00, 'RON', NULL, 8, 61, 63),
(37090, 13.00, 'RON', NULL, 8, 63, 61),
(37091, 15.00, 'RON', NULL, 8, 61, 64),
(37092, 15.00, 'RON', NULL, 8, 64, 61),
(37093, 20.00, 'RON', NULL, 8, 61, 65),
(37094, 20.00, 'RON', NULL, 8, 65, 61),
(37095, 30.00, 'RON', NULL, 8, 61, 66),
(37096, 30.00, 'RON', NULL, 8, 66, 61),
(37097, 35.00, 'RON', NULL, 8, 61, 67),
(37098, 35.00, 'RON', NULL, 8, 67, 61),
(37099, 40.00, 'RON', NULL, 8, 61, 68),
(37100, 40.00, 'RON', NULL, 8, 68, 61),
(37101, 45.00, 'RON', NULL, 8, 61, 69),
(37102, 45.00, 'RON', NULL, 8, 69, 61),
(37103, 50.00, 'RON', NULL, 8, 61, 70),
(37104, 50.00, 'RON', NULL, 8, 70, 61),
(37105, 51.00, 'RON', NULL, 8, 61, 71),
(37106, 51.00, 'RON', NULL, 8, 71, 61),
(37107, 55.00, 'RON', NULL, 8, 61, 72),
(37108, 55.00, 'RON', NULL, 8, 72, 61),
(37109, 56.00, 'RON', NULL, 8, 61, 73),
(37110, 56.00, 'RON', NULL, 8, 73, 61),
(37111, 61.00, 'RON', NULL, 8, 61, 74),
(37112, 61.00, 'RON', NULL, 8, 74, 61),
(37113, 61.00, 'RON', NULL, 8, 61, 75),
(37114, 61.00, 'RON', NULL, 8, 75, 61),
(37115, 66.00, 'RON', NULL, 8, 61, 76),
(37116, 66.00, 'RON', NULL, 8, 76, 61),
(37117, 71.00, 'RON', NULL, 8, 61, 77),
(37118, 71.00, 'RON', NULL, 8, 77, 61),
(37119, 76.00, 'RON', NULL, 8, 61, 78),
(37120, 76.00, 'RON', NULL, 8, 78, 61),
(37121, 76.00, 'RON', NULL, 8, 61, 79),
(37122, 76.00, 'RON', NULL, 8, 79, 61),
(37123, 80.00, 'RON', NULL, 8, 61, 80),
(37124, 80.00, 'RON', NULL, 8, 80, 61),
(37125, 7.00, 'RON', NULL, 8, 62, 63),
(37126, 7.00, 'RON', NULL, 8, 63, 62),
(37127, 12.00, 'RON', NULL, 8, 62, 64),
(37128, 12.00, 'RON', NULL, 8, 64, 62),
(37129, 15.00, 'RON', NULL, 8, 62, 65),
(37130, 15.00, 'RON', NULL, 8, 65, 62),
(37131, 25.00, 'RON', NULL, 8, 62, 66),
(37132, 25.00, 'RON', NULL, 8, 66, 62),
(37133, 30.00, 'RON', NULL, 8, 62, 67),
(37134, 30.00, 'RON', NULL, 8, 67, 62),
(37135, 35.00, 'RON', NULL, 8, 62, 68),
(37136, 35.00, 'RON', NULL, 8, 68, 62),
(37137, 40.00, 'RON', NULL, 8, 62, 69),
(37138, 40.00, 'RON', NULL, 8, 69, 62),
(37139, 45.00, 'RON', NULL, 8, 62, 70),
(37140, 45.00, 'RON', NULL, 8, 70, 62),
(37141, 46.00, 'RON', NULL, 8, 62, 71),
(37142, 46.00, 'RON', NULL, 8, 71, 62),
(37143, 50.00, 'RON', NULL, 8, 62, 72),
(37144, 50.00, 'RON', NULL, 8, 72, 62),
(37145, 51.00, 'RON', NULL, 8, 62, 73),
(37146, 51.00, 'RON', NULL, 8, 73, 62),
(37147, 56.00, 'RON', NULL, 8, 62, 74),
(37148, 56.00, 'RON', NULL, 8, 74, 62),
(37149, 56.00, 'RON', NULL, 8, 62, 75),
(37150, 56.00, 'RON', NULL, 8, 75, 62),
(37151, 61.00, 'RON', NULL, 8, 62, 76),
(37152, 61.00, 'RON', NULL, 8, 76, 62),
(37153, 66.00, 'RON', NULL, 8, 62, 77),
(37154, 66.00, 'RON', NULL, 8, 77, 62),
(37155, 71.00, 'RON', NULL, 8, 62, 78),
(37156, 71.00, 'RON', NULL, 8, 78, 62),
(37157, 71.00, 'RON', NULL, 8, 62, 79),
(37158, 71.00, 'RON', NULL, 8, 79, 62),
(37159, 80.00, 'RON', NULL, 8, 62, 80),
(37160, 80.00, 'RON', NULL, 8, 80, 62),
(37161, 7.00, 'RON', NULL, 8, 63, 64),
(37162, 7.00, 'RON', NULL, 8, 64, 63),
(37163, 12.00, 'RON', NULL, 8, 63, 65),
(37164, 12.00, 'RON', NULL, 8, 65, 63),
(37165, 22.00, 'RON', NULL, 8, 63, 66),
(37166, 22.00, 'RON', NULL, 8, 66, 63),
(37167, 27.00, 'RON', NULL, 8, 63, 67),
(37168, 27.00, 'RON', NULL, 8, 67, 63),
(37169, 32.00, 'RON', NULL, 8, 63, 68),
(37170, 32.00, 'RON', NULL, 8, 68, 63),
(37171, 37.00, 'RON', NULL, 8, 63, 69),
(37172, 37.00, 'RON', NULL, 8, 69, 63),
(37173, 42.00, 'RON', NULL, 8, 63, 70),
(37174, 42.00, 'RON', NULL, 8, 70, 63),
(37175, 43.00, 'RON', NULL, 8, 63, 71),
(37176, 43.00, 'RON', NULL, 8, 71, 63),
(37177, 47.00, 'RON', NULL, 8, 63, 72),
(37178, 47.00, 'RON', NULL, 8, 72, 63),
(37179, 48.00, 'RON', NULL, 8, 63, 73),
(37180, 48.00, 'RON', NULL, 8, 73, 63),
(37181, 53.00, 'RON', NULL, 8, 63, 74),
(37182, 53.00, 'RON', NULL, 8, 74, 63),
(37183, 53.00, 'RON', NULL, 8, 63, 75),
(37184, 53.00, 'RON', NULL, 8, 75, 63),
(37185, 58.00, 'RON', NULL, 8, 63, 76),
(37186, 58.00, 'RON', NULL, 8, 76, 63),
(37187, 63.00, 'RON', NULL, 8, 63, 77),
(37188, 63.00, 'RON', NULL, 8, 77, 63),
(37189, 68.00, 'RON', NULL, 8, 63, 78),
(37190, 68.00, 'RON', NULL, 8, 78, 63),
(37191, 68.00, 'RON', NULL, 8, 63, 79),
(37192, 68.00, 'RON', NULL, 8, 79, 63),
(37193, 75.00, 'RON', NULL, 8, 63, 80),
(37194, 75.00, 'RON', NULL, 8, 80, 63),
(37195, 8.00, 'RON', NULL, 8, 64, 65),
(37196, 8.00, 'RON', NULL, 8, 65, 64),
(37197, 18.00, 'RON', NULL, 8, 64, 66),
(37198, 18.00, 'RON', NULL, 8, 66, 64),
(37199, 23.00, 'RON', NULL, 8, 64, 67),
(37200, 23.00, 'RON', NULL, 8, 67, 64),
(37201, 28.00, 'RON', NULL, 8, 64, 68),
(37202, 28.00, 'RON', NULL, 8, 68, 64),
(37203, 33.00, 'RON', NULL, 8, 64, 69),
(37204, 33.00, 'RON', NULL, 8, 69, 64),
(37205, 38.00, 'RON', NULL, 8, 64, 70),
(37206, 38.00, 'RON', NULL, 8, 70, 64),
(37207, 39.00, 'RON', NULL, 8, 64, 71),
(37208, 39.00, 'RON', NULL, 8, 71, 64),
(37209, 43.00, 'RON', NULL, 8, 64, 72),
(37210, 43.00, 'RON', NULL, 8, 72, 64),
(37211, 44.00, 'RON', NULL, 8, 64, 73),
(37212, 44.00, 'RON', NULL, 8, 73, 64),
(37213, 49.00, 'RON', NULL, 8, 64, 74),
(37214, 49.00, 'RON', NULL, 8, 74, 64),
(37215, 49.00, 'RON', NULL, 8, 64, 75),
(37216, 49.00, 'RON', NULL, 8, 75, 64),
(37217, 54.00, 'RON', NULL, 8, 64, 76),
(37218, 54.00, 'RON', NULL, 8, 76, 64),
(37219, 59.00, 'RON', NULL, 8, 64, 77),
(37220, 59.00, 'RON', NULL, 8, 77, 64),
(37221, 64.00, 'RON', NULL, 8, 64, 78),
(37222, 64.00, 'RON', NULL, 8, 78, 64),
(37223, 64.00, 'RON', NULL, 8, 64, 79),
(37224, 64.00, 'RON', NULL, 8, 79, 64),
(37225, 70.00, 'RON', NULL, 8, 64, 80),
(37226, 70.00, 'RON', NULL, 8, 80, 64),
(37227, 10.00, 'RON', NULL, 8, 65, 66),
(37228, 10.00, 'RON', NULL, 8, 66, 65),
(37229, 15.00, 'RON', NULL, 8, 65, 67),
(37230, 15.00, 'RON', NULL, 8, 67, 65),
(37231, 20.00, 'RON', NULL, 8, 65, 68),
(37232, 20.00, 'RON', NULL, 8, 68, 65),
(37233, 25.00, 'RON', NULL, 8, 65, 69),
(37234, 25.00, 'RON', NULL, 8, 69, 65),
(37235, 30.00, 'RON', NULL, 8, 65, 70),
(37236, 30.00, 'RON', NULL, 8, 70, 65),
(37237, 31.00, 'RON', NULL, 8, 65, 71),
(37238, 31.00, 'RON', NULL, 8, 71, 65),
(37239, 35.00, 'RON', NULL, 8, 65, 72),
(37240, 35.00, 'RON', NULL, 8, 72, 65),
(37241, 36.00, 'RON', NULL, 8, 65, 73),
(37242, 36.00, 'RON', NULL, 8, 73, 65),
(37243, 41.00, 'RON', NULL, 8, 65, 74),
(37244, 41.00, 'RON', NULL, 8, 74, 65),
(37245, 41.00, 'RON', NULL, 8, 65, 75),
(37246, 41.00, 'RON', NULL, 8, 75, 65),
(37247, 46.00, 'RON', NULL, 8, 65, 76),
(37248, 46.00, 'RON', NULL, 8, 76, 65),
(37249, 51.00, 'RON', NULL, 8, 65, 77),
(37250, 51.00, 'RON', NULL, 8, 77, 65),
(37251, 56.00, 'RON', NULL, 8, 65, 78),
(37252, 56.00, 'RON', NULL, 8, 78, 65),
(37253, 56.00, 'RON', NULL, 8, 65, 79),
(37254, 56.00, 'RON', NULL, 8, 79, 65),
(37255, 65.00, 'RON', NULL, 8, 65, 80),
(37256, 65.00, 'RON', NULL, 8, 80, 65),
(37257, 8.00, 'RON', NULL, 8, 66, 67),
(37258, 8.00, 'RON', NULL, 8, 67, 66),
(37259, 13.00, 'RON', NULL, 8, 66, 68),
(37260, 13.00, 'RON', NULL, 8, 68, 66),
(37261, 18.00, 'RON', NULL, 8, 66, 69),
(37262, 18.00, 'RON', NULL, 8, 69, 66),
(37263, 23.00, 'RON', NULL, 8, 66, 70),
(37264, 23.00, 'RON', NULL, 8, 70, 66),
(37265, 24.00, 'RON', NULL, 8, 66, 71),
(37266, 24.00, 'RON', NULL, 8, 71, 66),
(37267, 28.00, 'RON', NULL, 8, 66, 72),
(37268, 28.00, 'RON', NULL, 8, 72, 66),
(37269, 29.00, 'RON', NULL, 8, 66, 73),
(37270, 29.00, 'RON', NULL, 8, 73, 66),
(37271, 34.00, 'RON', NULL, 8, 66, 74),
(37272, 34.00, 'RON', NULL, 8, 74, 66),
(37273, 34.00, 'RON', NULL, 8, 66, 75),
(37274, 34.00, 'RON', NULL, 8, 75, 66),
(37275, 39.00, 'RON', NULL, 8, 66, 76),
(37276, 39.00, 'RON', NULL, 8, 76, 66),
(37277, 44.00, 'RON', NULL, 8, 66, 77),
(37278, 44.00, 'RON', NULL, 8, 77, 66),
(37279, 49.00, 'RON', NULL, 8, 66, 78),
(37280, 49.00, 'RON', NULL, 8, 78, 66),
(37281, 49.00, 'RON', NULL, 8, 66, 79),
(37282, 49.00, 'RON', NULL, 8, 79, 66),
(37283, 65.00, 'RON', NULL, 8, 66, 80),
(37284, 65.00, 'RON', NULL, 8, 80, 66),
(37285, 7.00, 'RON', NULL, 8, 67, 68),
(37286, 7.00, 'RON', NULL, 8, 68, 67),
(37287, 12.00, 'RON', NULL, 8, 67, 69),
(37288, 12.00, 'RON', NULL, 8, 69, 67),
(37289, 17.00, 'RON', NULL, 8, 67, 70),
(37290, 17.00, 'RON', NULL, 8, 70, 67),
(37291, 18.00, 'RON', NULL, 8, 67, 71),
(37292, 18.00, 'RON', NULL, 8, 71, 67),
(37293, 22.00, 'RON', NULL, 8, 67, 72),
(37294, 22.00, 'RON', NULL, 8, 72, 67),
(37295, 23.00, 'RON', NULL, 8, 67, 73),
(37296, 23.00, 'RON', NULL, 8, 73, 67),
(37297, 28.00, 'RON', NULL, 8, 67, 74),
(37298, 28.00, 'RON', NULL, 8, 74, 67),
(37299, 28.00, 'RON', NULL, 8, 67, 75),
(37300, 28.00, 'RON', NULL, 8, 75, 67),
(37301, 33.00, 'RON', NULL, 8, 67, 76),
(37302, 33.00, 'RON', NULL, 8, 76, 67),
(37303, 38.00, 'RON', NULL, 8, 67, 77),
(37304, 38.00, 'RON', NULL, 8, 77, 67),
(37305, 43.00, 'RON', NULL, 8, 67, 78),
(37306, 43.00, 'RON', NULL, 8, 78, 67),
(37307, 43.00, 'RON', NULL, 8, 67, 79),
(37308, 43.00, 'RON', NULL, 8, 79, 67),
(37309, 60.00, 'RON', NULL, 8, 67, 80),
(37310, 60.00, 'RON', NULL, 8, 80, 67),
(37311, 8.00, 'RON', NULL, 8, 68, 69),
(37312, 8.00, 'RON', NULL, 8, 69, 68),
(37313, 13.00, 'RON', NULL, 8, 68, 70),
(37314, 13.00, 'RON', NULL, 8, 70, 68),
(37315, 14.00, 'RON', NULL, 8, 68, 71),
(37316, 14.00, 'RON', NULL, 8, 71, 68),
(37317, 18.00, 'RON', NULL, 8, 68, 72),
(37318, 18.00, 'RON', NULL, 8, 72, 68),
(37319, 19.00, 'RON', NULL, 8, 68, 73),
(37320, 19.00, 'RON', NULL, 8, 73, 68),
(37321, 24.00, 'RON', NULL, 8, 68, 74),
(37322, 24.00, 'RON', NULL, 8, 74, 68),
(37323, 24.00, 'RON', NULL, 8, 68, 75),
(37324, 24.00, 'RON', NULL, 8, 75, 68),
(37325, 29.00, 'RON', NULL, 8, 68, 76),
(37326, 29.00, 'RON', NULL, 8, 76, 68),
(37327, 34.00, 'RON', NULL, 8, 68, 77),
(37328, 34.00, 'RON', NULL, 8, 77, 68),
(37329, 39.00, 'RON', NULL, 8, 68, 78),
(37330, 39.00, 'RON', NULL, 8, 78, 68),
(37331, 39.00, 'RON', NULL, 8, 68, 79),
(37332, 39.00, 'RON', NULL, 8, 79, 68),
(37333, 55.00, 'RON', NULL, 8, 68, 80),
(37334, 55.00, 'RON', NULL, 8, 80, 68),
(37335, 9.00, 'RON', NULL, 8, 69, 70),
(37336, 9.00, 'RON', NULL, 8, 70, 69),
(37337, 10.00, 'RON', NULL, 8, 69, 71),
(37338, 10.00, 'RON', NULL, 8, 71, 69),
(37339, 14.00, 'RON', NULL, 8, 69, 72),
(37340, 14.00, 'RON', NULL, 8, 72, 69),
(37341, 15.00, 'RON', NULL, 8, 69, 73),
(37342, 15.00, 'RON', NULL, 8, 73, 69),
(37343, 20.00, 'RON', NULL, 8, 69, 74),
(37344, 20.00, 'RON', NULL, 8, 74, 69),
(37345, 20.00, 'RON', NULL, 8, 69, 75),
(37346, 20.00, 'RON', NULL, 8, 75, 69),
(37347, 25.00, 'RON', NULL, 8, 69, 76),
(37348, 25.00, 'RON', NULL, 8, 76, 69),
(37349, 30.00, 'RON', NULL, 8, 69, 77),
(37350, 30.00, 'RON', NULL, 8, 77, 69),
(37351, 35.00, 'RON', NULL, 8, 69, 78),
(37352, 35.00, 'RON', NULL, 8, 78, 69),
(37353, 35.00, 'RON', NULL, 8, 69, 79),
(37354, 35.00, 'RON', NULL, 8, 79, 69),
(37355, 50.00, 'RON', NULL, 8, 69, 80),
(37356, 50.00, 'RON', NULL, 8, 80, 69),
(37357, 8.00, 'RON', NULL, 8, 70, 71),
(37358, 8.00, 'RON', NULL, 8, 71, 70),
(37359, 12.00, 'RON', NULL, 8, 70, 72),
(37360, 12.00, 'RON', NULL, 8, 72, 70),
(37361, 13.00, 'RON', NULL, 8, 70, 73),
(37362, 13.00, 'RON', NULL, 8, 73, 70),
(37363, 18.00, 'RON', NULL, 8, 70, 74),
(37364, 18.00, 'RON', NULL, 8, 74, 70),
(37365, 18.00, 'RON', NULL, 8, 70, 75),
(37366, 18.00, 'RON', NULL, 8, 75, 70),
(37367, 23.00, 'RON', NULL, 8, 70, 76),
(37368, 23.00, 'RON', NULL, 8, 76, 70),
(37369, 28.00, 'RON', NULL, 8, 70, 77),
(37370, 28.00, 'RON', NULL, 8, 77, 70),
(37371, 33.00, 'RON', NULL, 8, 70, 78),
(37372, 33.00, 'RON', NULL, 8, 78, 70),
(37373, 33.00, 'RON', NULL, 8, 70, 79),
(37374, 33.00, 'RON', NULL, 8, 79, 70),
(37375, 45.00, 'RON', NULL, 8, 70, 80),
(37376, 45.00, 'RON', NULL, 8, 80, 70),
(37377, 7.00, 'RON', NULL, 8, 71, 72),
(37378, 7.00, 'RON', NULL, 8, 72, 71),
(37379, 8.00, 'RON', NULL, 8, 71, 73),
(37380, 8.00, 'RON', NULL, 8, 73, 71),
(37381, 13.00, 'RON', NULL, 8, 71, 74),
(37382, 13.00, 'RON', NULL, 8, 74, 71),
(37383, 13.00, 'RON', NULL, 8, 71, 75),
(37384, 13.00, 'RON', NULL, 8, 75, 71),
(37385, 18.00, 'RON', NULL, 8, 71, 76),
(37386, 18.00, 'RON', NULL, 8, 76, 71),
(37387, 23.00, 'RON', NULL, 8, 71, 77),
(37388, 23.00, 'RON', NULL, 8, 77, 71),
(37389, 28.00, 'RON', NULL, 8, 71, 78),
(37390, 28.00, 'RON', NULL, 8, 78, 71),
(37391, 28.00, 'RON', NULL, 8, 71, 79),
(37392, 28.00, 'RON', NULL, 8, 79, 71),
(37393, 45.00, 'RON', NULL, 8, 71, 80),
(37394, 45.00, 'RON', NULL, 8, 80, 71),
(37395, 7.00, 'RON', NULL, 8, 72, 73),
(37396, 7.00, 'RON', NULL, 8, 73, 72),
(37397, 12.00, 'RON', NULL, 8, 72, 74),
(37398, 12.00, 'RON', NULL, 8, 74, 72),
(37399, 12.00, 'RON', NULL, 8, 72, 75),
(37400, 12.00, 'RON', NULL, 8, 75, 72),
(37401, 17.00, 'RON', NULL, 8, 72, 76),
(37402, 17.00, 'RON', NULL, 8, 76, 72),
(37403, 22.00, 'RON', NULL, 8, 72, 77),
(37404, 22.00, 'RON', NULL, 8, 77, 72),
(37405, 27.00, 'RON', NULL, 8, 72, 78),
(37406, 27.00, 'RON', NULL, 8, 78, 72),
(37407, 27.00, 'RON', NULL, 8, 72, 79),
(37408, 27.00, 'RON', NULL, 8, 79, 72),
(37409, 40.00, 'RON', NULL, 8, 72, 80),
(37410, 40.00, 'RON', NULL, 8, 80, 72),
(37411, 8.00, 'RON', NULL, 8, 73, 74),
(37412, 8.00, 'RON', NULL, 8, 74, 73),
(37413, 8.00, 'RON', NULL, 8, 73, 75),
(37414, 8.00, 'RON', NULL, 8, 75, 73),
(37415, 13.00, 'RON', NULL, 8, 73, 76),
(37416, 13.00, 'RON', NULL, 8, 76, 73),
(37417, 18.00, 'RON', NULL, 8, 73, 77),
(37418, 18.00, 'RON', NULL, 8, 77, 73),
(37419, 23.00, 'RON', NULL, 8, 73, 78),
(37420, 23.00, 'RON', NULL, 8, 78, 73),
(37421, 23.00, 'RON', NULL, 8, 73, 79),
(37422, 23.00, 'RON', NULL, 8, 79, 73),
(37423, 40.00, 'RON', NULL, 8, 73, 80),
(37424, 40.00, 'RON', NULL, 8, 80, 73),
(37425, 7.00, 'RON', NULL, 8, 74, 75),
(37426, 7.00, 'RON', NULL, 8, 75, 74),
(37427, 11.00, 'RON', NULL, 8, 74, 76),
(37428, 11.00, 'RON', NULL, 8, 76, 74),
(37429, 16.00, 'RON', NULL, 8, 74, 77),
(37430, 16.00, 'RON', NULL, 8, 77, 74),
(37431, 21.00, 'RON', NULL, 8, 74, 78),
(37432, 21.00, 'RON', NULL, 8, 78, 74),
(37433, 21.00, 'RON', NULL, 8, 74, 79),
(37434, 21.00, 'RON', NULL, 8, 79, 74),
(37435, 35.00, 'RON', NULL, 8, 74, 80),
(37436, 35.00, 'RON', NULL, 8, 80, 74),
(37437, 8.00, 'RON', NULL, 8, 75, 76),
(37438, 8.00, 'RON', NULL, 8, 76, 75),
(37439, 13.00, 'RON', NULL, 8, 75, 77),
(37440, 13.00, 'RON', NULL, 8, 77, 75),
(37441, 18.00, 'RON', NULL, 8, 75, 78),
(37442, 18.00, 'RON', NULL, 8, 78, 75),
(37443, 18.00, 'RON', NULL, 8, 75, 79),
(37444, 18.00, 'RON', NULL, 8, 79, 75),
(37445, 30.00, 'RON', NULL, 8, 75, 80),
(37446, 30.00, 'RON', NULL, 8, 80, 75),
(37447, 5.00, 'RON', NULL, 8, 76, 77),
(37448, 5.00, 'RON', NULL, 8, 77, 76),
(37449, 10.00, 'RON', NULL, 8, 76, 78),
(37450, 10.00, 'RON', NULL, 8, 78, 76),
(37451, 10.00, 'RON', NULL, 8, 76, 79),
(37452, 10.00, 'RON', NULL, 8, 79, 76),
(37453, 30.00, 'RON', NULL, 8, 76, 80),
(37454, 30.00, 'RON', NULL, 8, 80, 76),
(37455, 6.00, 'RON', NULL, 8, 77, 78),
(37456, 6.00, 'RON', NULL, 8, 78, 77),
(37457, 6.00, 'RON', NULL, 8, 77, 79),
(37458, 6.00, 'RON', NULL, 8, 79, 77),
(37459, 25.00, 'RON', NULL, 8, 77, 80),
(37460, 25.00, 'RON', NULL, 8, 80, 77),
(37461, 5.00, 'RON', NULL, 8, 78, 79),
(37462, 5.00, 'RON', NULL, 8, 79, 78),
(37463, 20.00, 'RON', NULL, 8, 78, 80),
(37464, 20.00, 'RON', NULL, 8, 80, 78),
(37465, 15.00, 'RON', NULL, 8, 79, 80),
(37466, 15.00, 'RON', NULL, 8, 80, 79),
(62470, 7.00, 'RON', NULL, 10, 45, 44),
(62471, 7.00, 'RON', NULL, 10, 44, 45),
(62472, 9.00, 'RON', NULL, 10, 45, 43),
(62473, 9.00, 'RON', NULL, 10, 43, 45),
(62474, 12.00, 'RON', NULL, 10, 45, 42),
(62475, 12.00, 'RON', NULL, 10, 42, 45),
(62476, 13.00, 'RON', NULL, 10, 45, 41),
(62477, 13.00, 'RON', NULL, 10, 41, 45),
(62478, 15.00, 'RON', NULL, 10, 45, 40),
(62479, 15.00, 'RON', NULL, 10, 40, 45),
(62480, 15.00, 'RON', NULL, 10, 45, 39),
(62481, 15.00, 'RON', NULL, 10, 39, 45),
(62482, 20.00, 'RON', NULL, 10, 45, 38),
(62483, 20.00, 'RON', NULL, 10, 38, 45),
(62484, 22.00, 'RON', NULL, 10, 45, 37),
(62485, 22.00, 'RON', NULL, 10, 37, 45),
(62486, 24.00, 'RON', NULL, 10, 45, 36),
(62487, 24.00, 'RON', NULL, 10, 36, 45),
(62488, 26.00, 'RON', NULL, 10, 45, 35),
(62489, 26.00, 'RON', NULL, 10, 35, 45),
(62490, 28.00, 'RON', NULL, 10, 45, 34),
(62491, 28.00, 'RON', NULL, 10, 34, 45),
(62492, 29.00, 'RON', NULL, 10, 45, 33),
(62493, 29.00, 'RON', NULL, 10, 33, 45),
(62494, 30.00, 'RON', NULL, 10, 45, 32),
(62495, 30.00, 'RON', NULL, 10, 32, 45),
(62496, 31.00, 'RON', NULL, 10, 45, 31),
(62497, 31.00, 'RON', NULL, 10, 31, 45),
(62498, 32.00, 'RON', NULL, 10, 45, 30),
(62499, 32.00, 'RON', NULL, 10, 30, 45),
(62500, 33.00, 'RON', NULL, 10, 45, 1),
(62501, 33.00, 'RON', NULL, 10, 1, 45),
(62502, 35.00, 'RON', NULL, 10, 45, 29),
(62503, 35.00, 'RON', NULL, 10, 29, 45),
(62504, 36.00, 'RON', NULL, 10, 45, 28),
(62505, 36.00, 'RON', NULL, 10, 28, 45),
(62506, 37.00, 'RON', NULL, 10, 45, 27),
(62507, 37.00, 'RON', NULL, 10, 27, 45),
(62508, 39.00, 'RON', NULL, 10, 45, 26),
(62509, 39.00, 'RON', NULL, 10, 26, 45),
(62510, 39.00, 'RON', NULL, 10, 45, 25),
(62511, 39.00, 'RON', NULL, 10, 25, 45),
(62512, 40.00, 'RON', NULL, 10, 45, 6),
(62513, 40.00, 'RON', NULL, 10, 6, 45),
(62514, 41.00, 'RON', NULL, 10, 45, 7),
(62515, 41.00, 'RON', NULL, 10, 7, 45),
(62516, 42.00, 'RON', NULL, 10, 45, 8),
(62517, 42.00, 'RON', NULL, 10, 8, 45),
(62518, 43.00, 'RON', NULL, 10, 45, 4),
(62519, 43.00, 'RON', NULL, 10, 4, 45),
(62520, 45.00, 'RON', NULL, 10, 45, 9),
(62521, 45.00, 'RON', NULL, 10, 9, 45),
(62522, 47.00, 'RON', NULL, 10, 45, 5),
(62523, 47.00, 'RON', NULL, 10, 5, 45),
(62524, 51.00, 'RON', NULL, 10, 45, 24),
(62525, 51.00, 'RON', NULL, 10, 24, 45),
(62526, 52.00, 'RON', NULL, 10, 45, 3),
(62527, 52.00, 'RON', NULL, 10, 3, 45),
(62528, 52.00, 'RON', NULL, 10, 45, 23),
(62529, 52.00, 'RON', NULL, 10, 23, 45),
(62530, 53.00, 'RON', NULL, 10, 45, 22),
(62531, 53.00, 'RON', NULL, 10, 22, 45),
(62532, 54.00, 'RON', NULL, 10, 45, 21),
(62533, 54.00, 'RON', NULL, 10, 21, 45),
(62534, 55.00, 'RON', NULL, 10, 45, 10),
(62535, 55.00, 'RON', NULL, 10, 10, 45),
(62536, 56.00, 'RON', NULL, 10, 45, 11),
(62537, 56.00, 'RON', NULL, 10, 11, 45),
(62538, 55.00, 'RON', NULL, 10, 45, 12),
(62539, 55.00, 'RON', NULL, 10, 12, 45),
(62540, 57.00, 'RON', NULL, 10, 45, 20),
(62541, 57.00, 'RON', NULL, 10, 20, 45),
(62542, 57.00, 'RON', NULL, 10, 45, 19),
(62543, 57.00, 'RON', NULL, 10, 19, 45),
(62544, 58.00, 'RON', NULL, 10, 45, 18),
(62545, 58.00, 'RON', NULL, 10, 18, 45),
(62546, 59.00, 'RON', NULL, 10, 45, 17),
(62547, 59.00, 'RON', NULL, 10, 17, 45),
(62548, 61.00, 'RON', NULL, 10, 45, 16),
(62549, 61.00, 'RON', NULL, 10, 16, 45),
(62550, 62.00, 'RON', NULL, 10, 45, 15),
(62551, 62.00, 'RON', NULL, 10, 15, 45),
(62552, 63.00, 'RON', NULL, 10, 45, 14),
(62553, 63.00, 'RON', NULL, 10, 14, 45),
(62554, 65.00, 'RON', NULL, 10, 45, 13),
(62555, 65.00, 'RON', NULL, 10, 13, 45),
(62556, 68.00, 'RON', NULL, 10, 45, 2),
(62557, 68.00, 'RON', NULL, 10, 2, 45),
(62558, 6.00, 'RON', NULL, 10, 44, 43),
(62559, 6.00, 'RON', NULL, 10, 43, 44),
(62560, 8.00, 'RON', NULL, 10, 44, 42),
(62561, 8.00, 'RON', NULL, 10, 42, 44),
(62562, 9.00, 'RON', NULL, 10, 44, 41),
(62563, 9.00, 'RON', NULL, 10, 41, 44),
(62564, 15.00, 'RON', NULL, 10, 44, 40),
(62565, 15.00, 'RON', NULL, 10, 40, 44),
(62566, 15.00, 'RON', NULL, 10, 44, 39),
(62567, 15.00, 'RON', NULL, 10, 39, 44),
(62568, 18.00, 'RON', NULL, 10, 44, 38),
(62569, 18.00, 'RON', NULL, 10, 38, 44),
(62570, 19.00, 'RON', NULL, 10, 44, 37),
(62571, 19.00, 'RON', NULL, 10, 37, 44),
(62572, 21.00, 'RON', NULL, 10, 44, 36),
(62573, 21.00, 'RON', NULL, 10, 36, 44),
(62574, 23.00, 'RON', NULL, 10, 44, 35),
(62575, 23.00, 'RON', NULL, 10, 35, 44),
(62576, 24.00, 'RON', NULL, 10, 44, 34),
(62577, 24.00, 'RON', NULL, 10, 34, 44),
(62578, 25.00, 'RON', NULL, 10, 44, 33),
(62579, 25.00, 'RON', NULL, 10, 33, 44),
(62580, 26.00, 'RON', NULL, 10, 44, 32),
(62581, 26.00, 'RON', NULL, 10, 32, 44),
(62582, 28.00, 'RON', NULL, 10, 44, 31),
(62583, 28.00, 'RON', NULL, 10, 31, 44),
(62584, 29.00, 'RON', NULL, 10, 44, 30),
(62585, 29.00, 'RON', NULL, 10, 30, 44),
(62586, 31.00, 'RON', NULL, 10, 44, 1),
(62587, 31.00, 'RON', NULL, 10, 1, 44),
(62588, 32.00, 'RON', NULL, 10, 44, 29),
(62589, 32.00, 'RON', NULL, 10, 29, 44),
(62590, 33.00, 'RON', NULL, 10, 44, 28),
(62591, 33.00, 'RON', NULL, 10, 28, 44),
(62592, 34.00, 'RON', NULL, 10, 44, 27),
(62593, 34.00, 'RON', NULL, 10, 27, 44),
(62594, 35.00, 'RON', NULL, 10, 44, 26),
(62595, 35.00, 'RON', NULL, 10, 26, 44),
(62596, 35.00, 'RON', NULL, 10, 44, 25),
(62597, 35.00, 'RON', NULL, 10, 25, 44),
(62598, 36.00, 'RON', NULL, 10, 44, 6),
(62599, 36.00, 'RON', NULL, 10, 6, 44),
(62600, 37.00, 'RON', NULL, 10, 44, 7),
(62601, 37.00, 'RON', NULL, 10, 7, 44),
(62602, 39.00, 'RON', NULL, 10, 44, 8),
(62603, 39.00, 'RON', NULL, 10, 8, 44),
(62604, 41.00, 'RON', NULL, 10, 44, 4),
(62605, 41.00, 'RON', NULL, 10, 4, 44),
(62606, 42.00, 'RON', NULL, 10, 44, 9),
(62607, 42.00, 'RON', NULL, 10, 9, 44),
(62608, 44.00, 'RON', NULL, 10, 44, 5),
(62609, 44.00, 'RON', NULL, 10, 5, 44),
(62610, 47.00, 'RON', NULL, 10, 44, 24),
(62611, 47.00, 'RON', NULL, 10, 24, 44),
(62612, 48.00, 'RON', NULL, 10, 44, 3),
(62613, 48.00, 'RON', NULL, 10, 3, 44),
(62614, 48.00, 'RON', NULL, 10, 44, 23),
(62615, 48.00, 'RON', NULL, 10, 23, 44),
(62616, 50.00, 'RON', NULL, 10, 44, 22),
(62617, 50.00, 'RON', NULL, 10, 22, 44),
(62618, 51.00, 'RON', NULL, 10, 44, 21),
(62619, 51.00, 'RON', NULL, 10, 21, 44),
(62620, 52.00, 'RON', NULL, 10, 44, 10),
(62621, 52.00, 'RON', NULL, 10, 10, 44),
(62622, 53.00, 'RON', NULL, 10, 44, 11),
(62623, 53.00, 'RON', NULL, 10, 11, 44),
(62624, 54.00, 'RON', NULL, 10, 44, 12),
(62625, 54.00, 'RON', NULL, 10, 12, 44),
(62626, 55.00, 'RON', NULL, 10, 44, 20),
(62627, 55.00, 'RON', NULL, 10, 20, 44),
(62628, 55.00, 'RON', NULL, 10, 44, 19),
(62629, 55.00, 'RON', NULL, 10, 19, 44),
(62630, 56.00, 'RON', NULL, 10, 44, 18),
(62631, 56.00, 'RON', NULL, 10, 18, 44),
(62632, 57.00, 'RON', NULL, 10, 44, 17),
(62633, 57.00, 'RON', NULL, 10, 17, 44),
(62634, 58.00, 'RON', NULL, 10, 44, 16),
(62635, 58.00, 'RON', NULL, 10, 16, 44),
(62636, 59.00, 'RON', NULL, 10, 44, 15),
(62637, 59.00, 'RON', NULL, 10, 15, 44),
(62638, 62.00, 'RON', NULL, 10, 44, 14),
(62639, 62.00, 'RON', NULL, 10, 14, 44),
(62640, 63.00, 'RON', NULL, 10, 44, 13),
(62641, 63.00, 'RON', NULL, 10, 13, 44),
(62642, 66.00, 'RON', NULL, 10, 44, 2),
(62643, 66.00, 'RON', NULL, 10, 2, 44),
(62644, 7.00, 'RON', NULL, 10, 43, 42),
(62645, 7.00, 'RON', NULL, 10, 42, 43),
(62646, 3.00, 'RON', NULL, 10, 43, 41),
(62647, 3.00, 'RON', NULL, 10, 41, 43),
(62648, 12.00, 'RON', NULL, 10, 43, 40),
(62649, 12.00, 'RON', NULL, 10, 40, 43),
(62650, 12.00, 'RON', NULL, 10, 43, 39),
(62651, 12.00, 'RON', NULL, 10, 39, 43),
(62652, 14.00, 'RON', NULL, 10, 43, 38),
(62653, 14.00, 'RON', NULL, 10, 38, 43),
(62654, 17.00, 'RON', NULL, 10, 43, 37),
(62655, 17.00, 'RON', NULL, 10, 37, 43),
(62656, 18.00, 'RON', NULL, 10, 43, 36),
(62657, 18.00, 'RON', NULL, 10, 36, 43),
(62658, 20.00, 'RON', NULL, 10, 43, 35),
(62659, 20.00, 'RON', NULL, 10, 35, 43),
(62660, 22.00, 'RON', NULL, 10, 43, 34),
(62661, 22.00, 'RON', NULL, 10, 34, 43),
(62662, 24.00, 'RON', NULL, 10, 43, 33),
(62663, 24.00, 'RON', NULL, 10, 33, 43),
(62664, 25.00, 'RON', NULL, 10, 43, 32),
(62665, 25.00, 'RON', NULL, 10, 32, 43),
(62666, 26.00, 'RON', NULL, 10, 43, 31),
(62667, 26.00, 'RON', NULL, 10, 31, 43),
(62668, 28.00, 'RON', NULL, 10, 43, 30),
(62669, 28.00, 'RON', NULL, 10, 30, 43),
(62670, 30.00, 'RON', NULL, 10, 43, 1),
(62671, 30.00, 'RON', NULL, 10, 1, 43),
(62672, 31.00, 'RON', NULL, 10, 43, 29),
(62673, 31.00, 'RON', NULL, 10, 29, 43),
(62674, 32.00, 'RON', NULL, 10, 43, 28),
(62675, 32.00, 'RON', NULL, 10, 28, 43),
(62676, 33.00, 'RON', NULL, 10, 43, 27),
(62677, 33.00, 'RON', NULL, 10, 27, 43),
(62678, 34.00, 'RON', NULL, 10, 43, 26),
(62679, 34.00, 'RON', NULL, 10, 26, 43),
(62680, 34.00, 'RON', NULL, 10, 43, 25),
(62681, 34.00, 'RON', NULL, 10, 25, 43),
(62682, 35.00, 'RON', NULL, 10, 43, 6),
(62683, 35.00, 'RON', NULL, 10, 6, 43),
(62684, 36.00, 'RON', NULL, 10, 43, 7),
(62685, 36.00, 'RON', NULL, 10, 7, 43),
(62686, 37.00, 'RON', NULL, 10, 43, 8),
(62687, 37.00, 'RON', NULL, 10, 8, 43),
(62688, 40.00, 'RON', NULL, 10, 43, 4),
(62689, 40.00, 'RON', NULL, 10, 4, 43),
(62690, 41.00, 'RON', NULL, 10, 43, 9),
(62691, 41.00, 'RON', NULL, 10, 9, 43),
(62692, 43.00, 'RON', NULL, 10, 43, 5),
(62693, 43.00, 'RON', NULL, 10, 5, 43),
(62694, 46.00, 'RON', NULL, 10, 43, 24),
(62695, 46.00, 'RON', NULL, 10, 24, 43),
(62696, 47.00, 'RON', NULL, 10, 43, 3),
(62697, 47.00, 'RON', NULL, 10, 3, 43),
(62698, 47.00, 'RON', NULL, 10, 43, 23),
(62699, 47.00, 'RON', NULL, 10, 23, 43),
(62700, 48.00, 'RON', NULL, 10, 43, 22),
(62701, 48.00, 'RON', NULL, 10, 22, 43),
(62702, 50.00, 'RON', NULL, 10, 43, 21),
(62703, 50.00, 'RON', NULL, 10, 21, 43),
(62704, 51.00, 'RON', NULL, 10, 43, 10),
(62705, 51.00, 'RON', NULL, 10, 10, 43),
(62706, 52.00, 'RON', NULL, 10, 43, 11),
(62707, 52.00, 'RON', NULL, 10, 11, 43),
(62708, 53.00, 'RON', NULL, 10, 43, 12),
(62709, 53.00, 'RON', NULL, 10, 12, 43),
(62710, 54.00, 'RON', NULL, 10, 43, 20),
(62711, 54.00, 'RON', NULL, 10, 20, 43),
(62712, 54.00, 'RON', NULL, 10, 43, 19),
(62713, 54.00, 'RON', NULL, 10, 19, 43),
(62714, 55.00, 'RON', NULL, 10, 43, 18),
(62715, 55.00, 'RON', NULL, 10, 18, 43),
(62716, 56.00, 'RON', NULL, 10, 43, 17),
(62717, 56.00, 'RON', NULL, 10, 17, 43),
(62718, 57.00, 'RON', NULL, 10, 43, 16),
(62719, 57.00, 'RON', NULL, 10, 16, 43),
(62720, 58.00, 'RON', NULL, 10, 43, 15),
(62721, 58.00, 'RON', NULL, 10, 15, 43),
(62722, 61.00, 'RON', NULL, 10, 43, 14),
(62723, 61.00, 'RON', NULL, 10, 14, 43),
(62724, 62.00, 'RON', NULL, 10, 43, 13),
(62725, 62.00, 'RON', NULL, 10, 13, 43),
(62726, 65.00, 'RON', NULL, 10, 43, 2),
(62727, 65.00, 'RON', NULL, 10, 2, 43),
(62728, 3.00, 'RON', NULL, 10, 42, 41),
(62729, 3.00, 'RON', NULL, 10, 41, 42),
(62730, 7.00, 'RON', NULL, 10, 42, 40),
(62731, 7.00, 'RON', NULL, 10, 40, 42),
(62732, 7.00, 'RON', NULL, 10, 42, 39),
(62733, 7.00, 'RON', NULL, 10, 39, 42),
(62734, 12.00, 'RON', NULL, 10, 42, 38),
(62735, 12.00, 'RON', NULL, 10, 38, 42),
(62736, 14.00, 'RON', NULL, 10, 42, 37),
(62737, 14.00, 'RON', NULL, 10, 37, 42),
(62738, 15.00, 'RON', NULL, 10, 42, 36),
(62739, 15.00, 'RON', NULL, 10, 36, 42),
(62740, 18.00, 'RON', NULL, 10, 42, 35),
(62741, 18.00, 'RON', NULL, 10, 35, 42),
(62742, 20.00, 'RON', NULL, 10, 42, 34),
(62743, 20.00, 'RON', NULL, 10, 34, 42),
(62744, 22.00, 'RON', NULL, 10, 42, 33),
(62745, 22.00, 'RON', NULL, 10, 33, 42),
(62746, 23.00, 'RON', NULL, 10, 42, 32),
(62747, 23.00, 'RON', NULL, 10, 32, 42),
(62748, 24.00, 'RON', NULL, 10, 42, 31),
(62749, 24.00, 'RON', NULL, 10, 31, 42),
(62750, 25.00, 'RON', NULL, 10, 42, 30),
(62751, 25.00, 'RON', NULL, 10, 30, 42),
(62752, 28.00, 'RON', NULL, 10, 42, 1),
(62753, 28.00, 'RON', NULL, 10, 1, 42),
(62754, 29.00, 'RON', NULL, 10, 42, 29),
(62755, 29.00, 'RON', NULL, 10, 29, 42),
(62756, 30.00, 'RON', NULL, 10, 42, 28),
(62757, 30.00, 'RON', NULL, 10, 28, 42),
(62758, 31.00, 'RON', NULL, 10, 42, 27),
(62759, 31.00, 'RON', NULL, 10, 27, 42),
(62760, 31.00, 'RON', NULL, 10, 42, 26),
(62761, 31.00, 'RON', NULL, 10, 26, 42),
(62762, 31.00, 'RON', NULL, 10, 42, 25),
(62763, 31.00, 'RON', NULL, 10, 25, 42),
(62764, 32.00, 'RON', NULL, 10, 42, 6),
(62765, 32.00, 'RON', NULL, 10, 6, 42),
(62766, 33.00, 'RON', NULL, 10, 42, 7),
(62767, 33.00, 'RON', NULL, 10, 7, 42),
(62768, 34.00, 'RON', NULL, 10, 42, 8),
(62769, 34.00, 'RON', NULL, 10, 8, 42),
(62770, 36.00, 'RON', NULL, 10, 42, 4),
(62771, 36.00, 'RON', NULL, 10, 4, 42),
(62772, 40.00, 'RON', NULL, 10, 42, 9),
(62773, 40.00, 'RON', NULL, 10, 9, 42),
(62774, 42.00, 'RON', NULL, 10, 42, 5),
(62775, 42.00, 'RON', NULL, 10, 5, 42),
(62776, 45.00, 'RON', NULL, 10, 42, 24),
(62777, 45.00, 'RON', NULL, 10, 24, 42),
(62778, 46.00, 'RON', NULL, 10, 42, 3),
(62779, 46.00, 'RON', NULL, 10, 3, 42),
(62780, 46.00, 'RON', NULL, 10, 42, 23),
(62781, 46.00, 'RON', NULL, 10, 23, 42),
(62782, 47.00, 'RON', NULL, 10, 42, 22),
(62783, 47.00, 'RON', NULL, 10, 22, 42),
(62784, 48.00, 'RON', NULL, 10, 42, 21),
(62785, 48.00, 'RON', NULL, 10, 21, 42),
(62786, 50.00, 'RON', NULL, 10, 42, 10),
(62787, 50.00, 'RON', NULL, 10, 10, 42),
(62788, 51.00, 'RON', NULL, 10, 42, 11),
(62789, 51.00, 'RON', NULL, 10, 11, 42),
(62790, 52.00, 'RON', NULL, 10, 42, 12),
(62791, 52.00, 'RON', NULL, 10, 12, 42),
(62792, 53.00, 'RON', NULL, 10, 42, 20),
(62793, 53.00, 'RON', NULL, 10, 20, 42),
(62794, 53.00, 'RON', NULL, 10, 42, 19),
(62795, 53.00, 'RON', NULL, 10, 19, 42),
(62796, 54.00, 'RON', NULL, 10, 42, 18),
(62797, 54.00, 'RON', NULL, 10, 18, 42),
(62798, 55.00, 'RON', NULL, 10, 42, 17),
(62799, 55.00, 'RON', NULL, 10, 17, 42),
(62800, 56.00, 'RON', NULL, 10, 42, 16),
(62801, 56.00, 'RON', NULL, 10, 16, 42),
(62802, 57.00, 'RON', NULL, 10, 42, 15),
(62803, 57.00, 'RON', NULL, 10, 15, 42),
(62804, 59.00, 'RON', NULL, 10, 42, 14),
(62805, 59.00, 'RON', NULL, 10, 14, 42),
(62806, 61.00, 'RON', NULL, 10, 42, 13),
(62807, 61.00, 'RON', NULL, 10, 13, 42),
(62808, 64.00, 'RON', NULL, 10, 42, 2),
(62809, 64.00, 'RON', NULL, 10, 2, 42),
(62810, 7.00, 'RON', NULL, 10, 41, 40),
(62811, 7.00, 'RON', NULL, 10, 40, 41),
(62812, 7.00, 'RON', NULL, 10, 41, 39),
(62813, 7.00, 'RON', NULL, 10, 39, 41),
(62814, 12.00, 'RON', NULL, 10, 41, 38),
(62815, 12.00, 'RON', NULL, 10, 38, 41),
(62816, 14.00, 'RON', NULL, 10, 41, 37),
(62817, 14.00, 'RON', NULL, 10, 37, 41),
(62818, 15.00, 'RON', NULL, 10, 41, 36),
(62819, 15.00, 'RON', NULL, 10, 36, 41),
(62820, 18.00, 'RON', NULL, 10, 41, 35),
(62821, 18.00, 'RON', NULL, 10, 35, 41),
(62822, 20.00, 'RON', NULL, 10, 41, 34),
(62823, 20.00, 'RON', NULL, 10, 34, 41),
(62824, 22.00, 'RON', NULL, 10, 41, 33),
(62825, 22.00, 'RON', NULL, 10, 33, 41),
(62826, 23.00, 'RON', NULL, 10, 41, 32),
(62827, 23.00, 'RON', NULL, 10, 32, 41),
(62828, 24.00, 'RON', NULL, 10, 41, 31),
(62829, 24.00, 'RON', NULL, 10, 31, 41),
(62830, 25.00, 'RON', NULL, 10, 41, 30),
(62831, 25.00, 'RON', NULL, 10, 30, 41),
(62832, 28.00, 'RON', NULL, 10, 41, 1),
(62833, 28.00, 'RON', NULL, 10, 1, 41),
(62834, 29.00, 'RON', NULL, 10, 41, 29),
(62835, 29.00, 'RON', NULL, 10, 29, 41),
(62836, 30.00, 'RON', NULL, 10, 41, 28),
(62837, 30.00, 'RON', NULL, 10, 28, 41),
(62838, 31.00, 'RON', NULL, 10, 41, 27),
(62839, 31.00, 'RON', NULL, 10, 27, 41),
(62840, 31.00, 'RON', NULL, 10, 41, 26),
(62841, 31.00, 'RON', NULL, 10, 26, 41);
INSERT INTO `price_list_items` (`id`, `price`, `currency`, `price_return`, `price_list_id`, `from_station_id`, `to_station_id`) VALUES
(62842, 31.00, 'RON', NULL, 10, 41, 25),
(62843, 31.00, 'RON', NULL, 10, 25, 41),
(62844, 32.00, 'RON', NULL, 10, 41, 6),
(62845, 32.00, 'RON', NULL, 10, 6, 41),
(62846, 33.00, 'RON', NULL, 10, 41, 7),
(62847, 33.00, 'RON', NULL, 10, 7, 41),
(62848, 34.00, 'RON', NULL, 10, 41, 8),
(62849, 34.00, 'RON', NULL, 10, 8, 41),
(62850, 36.00, 'RON', NULL, 10, 41, 4),
(62851, 36.00, 'RON', NULL, 10, 4, 41),
(62852, 40.00, 'RON', NULL, 10, 41, 9),
(62853, 40.00, 'RON', NULL, 10, 9, 41),
(62854, 42.00, 'RON', NULL, 10, 41, 5),
(62855, 42.00, 'RON', NULL, 10, 5, 41),
(62856, 45.00, 'RON', NULL, 10, 41, 24),
(62857, 45.00, 'RON', NULL, 10, 24, 41),
(62858, 46.00, 'RON', NULL, 10, 41, 3),
(62859, 46.00, 'RON', NULL, 10, 3, 41),
(62860, 46.00, 'RON', NULL, 10, 41, 23),
(62861, 46.00, 'RON', NULL, 10, 23, 41),
(62862, 47.00, 'RON', NULL, 10, 41, 22),
(62863, 47.00, 'RON', NULL, 10, 22, 41),
(62864, 48.00, 'RON', NULL, 10, 41, 21),
(62865, 48.00, 'RON', NULL, 10, 21, 41),
(62866, 50.00, 'RON', NULL, 10, 41, 10),
(62867, 50.00, 'RON', NULL, 10, 10, 41),
(62868, 51.00, 'RON', NULL, 10, 41, 11),
(62869, 51.00, 'RON', NULL, 10, 11, 41),
(62870, 52.00, 'RON', NULL, 10, 41, 12),
(62871, 52.00, 'RON', NULL, 10, 12, 41),
(62872, 53.00, 'RON', NULL, 10, 41, 20),
(62873, 53.00, 'RON', NULL, 10, 20, 41),
(62874, 53.00, 'RON', NULL, 10, 41, 19),
(62875, 53.00, 'RON', NULL, 10, 19, 41),
(62876, 54.00, 'RON', NULL, 10, 41, 18),
(62877, 54.00, 'RON', NULL, 10, 18, 41),
(62878, 55.00, 'RON', NULL, 10, 41, 17),
(62879, 55.00, 'RON', NULL, 10, 17, 41),
(62880, 56.00, 'RON', NULL, 10, 41, 16),
(62881, 56.00, 'RON', NULL, 10, 16, 41),
(62882, 57.00, 'RON', NULL, 10, 41, 15),
(62883, 57.00, 'RON', NULL, 10, 15, 41),
(62884, 59.00, 'RON', NULL, 10, 41, 14),
(62885, 59.00, 'RON', NULL, 10, 14, 41),
(62886, 61.00, 'RON', NULL, 10, 41, 13),
(62887, 61.00, 'RON', NULL, 10, 13, 41),
(62888, 64.00, 'RON', NULL, 10, 41, 2),
(62889, 64.00, 'RON', NULL, 10, 2, 41),
(62890, 4.00, 'RON', NULL, 10, 40, 39),
(62891, 4.00, 'RON', NULL, 10, 39, 40),
(62892, 7.00, 'RON', NULL, 10, 40, 38),
(62893, 7.00, 'RON', NULL, 10, 38, 40),
(62894, 9.00, 'RON', NULL, 10, 40, 37),
(62895, 9.00, 'RON', NULL, 10, 37, 40),
(62896, 10.00, 'RON', NULL, 10, 40, 36),
(62897, 10.00, 'RON', NULL, 10, 36, 40),
(62898, 13.00, 'RON', NULL, 10, 40, 35),
(62899, 13.00, 'RON', NULL, 10, 35, 40),
(62900, 15.00, 'RON', NULL, 10, 40, 34),
(62901, 15.00, 'RON', NULL, 10, 34, 40),
(62902, 19.00, 'RON', NULL, 10, 40, 33),
(62903, 19.00, 'RON', NULL, 10, 33, 40),
(62904, 20.00, 'RON', NULL, 10, 40, 32),
(62905, 20.00, 'RON', NULL, 10, 32, 40),
(62906, 21.00, 'RON', NULL, 10, 40, 31),
(62907, 21.00, 'RON', NULL, 10, 31, 40),
(62908, 22.00, 'RON', NULL, 10, 40, 30),
(62909, 22.00, 'RON', NULL, 10, 30, 40),
(62910, 24.00, 'RON', NULL, 10, 40, 1),
(62911, 24.00, 'RON', NULL, 10, 1, 40),
(62912, 25.00, 'RON', NULL, 10, 40, 29),
(62913, 25.00, 'RON', NULL, 10, 29, 40),
(62914, 26.00, 'RON', NULL, 10, 40, 28),
(62915, 26.00, 'RON', NULL, 10, 28, 40),
(62916, 28.00, 'RON', NULL, 10, 40, 27),
(62917, 28.00, 'RON', NULL, 10, 27, 40),
(62918, 29.00, 'RON', NULL, 10, 40, 26),
(62919, 29.00, 'RON', NULL, 10, 26, 40),
(62920, 29.00, 'RON', NULL, 10, 40, 25),
(62921, 29.00, 'RON', NULL, 10, 25, 40),
(62922, 30.00, 'RON', NULL, 10, 40, 6),
(62923, 30.00, 'RON', NULL, 10, 6, 40),
(62924, 31.00, 'RON', NULL, 10, 40, 7),
(62925, 31.00, 'RON', NULL, 10, 7, 40),
(62926, 32.00, 'RON', NULL, 10, 40, 8),
(62927, 32.00, 'RON', NULL, 10, 8, 40),
(62928, 34.00, 'RON', NULL, 10, 40, 4),
(62929, 34.00, 'RON', NULL, 10, 4, 40),
(62930, 36.00, 'RON', NULL, 10, 40, 9),
(62931, 36.00, 'RON', NULL, 10, 9, 40),
(62932, 39.00, 'RON', NULL, 10, 40, 5),
(62933, 39.00, 'RON', NULL, 10, 5, 40),
(62934, 42.00, 'RON', NULL, 10, 40, 24),
(62935, 42.00, 'RON', NULL, 10, 24, 40),
(62936, 44.00, 'RON', NULL, 10, 40, 3),
(62937, 44.00, 'RON', NULL, 10, 3, 40),
(62938, 44.00, 'RON', NULL, 10, 40, 23),
(62939, 44.00, 'RON', NULL, 10, 23, 40),
(62940, 45.00, 'RON', NULL, 10, 40, 22),
(62941, 45.00, 'RON', NULL, 10, 22, 40),
(62942, 45.00, 'RON', NULL, 10, 40, 21),
(62943, 45.00, 'RON', NULL, 10, 21, 40),
(62944, 46.00, 'RON', NULL, 10, 40, 10),
(62945, 46.00, 'RON', NULL, 10, 10, 40),
(62946, 47.00, 'RON', NULL, 10, 40, 11),
(62947, 47.00, 'RON', NULL, 10, 11, 40),
(62948, 48.00, 'RON', NULL, 10, 40, 12),
(62949, 48.00, 'RON', NULL, 10, 12, 40),
(62950, 50.00, 'RON', NULL, 10, 40, 20),
(62951, 50.00, 'RON', NULL, 10, 20, 40),
(62952, 51.00, 'RON', NULL, 10, 40, 19),
(62953, 51.00, 'RON', NULL, 10, 19, 40),
(62954, 52.00, 'RON', NULL, 10, 40, 18),
(62955, 52.00, 'RON', NULL, 10, 18, 40),
(62956, 53.00, 'RON', NULL, 10, 40, 17),
(62957, 53.00, 'RON', NULL, 10, 17, 40),
(62958, 54.00, 'RON', NULL, 10, 40, 16),
(62959, 54.00, 'RON', NULL, 10, 16, 40),
(62960, 55.00, 'RON', NULL, 10, 40, 15),
(62961, 55.00, 'RON', NULL, 10, 15, 40),
(62962, 57.00, 'RON', NULL, 10, 40, 14),
(62963, 57.00, 'RON', NULL, 10, 14, 40),
(62964, 59.00, 'RON', NULL, 10, 40, 13),
(62965, 59.00, 'RON', NULL, 10, 13, 40),
(62966, 62.00, 'RON', NULL, 10, 40, 2),
(62967, 62.00, 'RON', NULL, 10, 2, 40),
(62968, 6.00, 'RON', NULL, 10, 39, 38),
(62969, 6.00, 'RON', NULL, 10, 38, 39),
(62970, 9.00, 'RON', NULL, 10, 39, 37),
(62971, 9.00, 'RON', NULL, 10, 37, 39),
(62972, 10.00, 'RON', NULL, 10, 39, 36),
(62973, 10.00, 'RON', NULL, 10, 36, 39),
(62974, 13.00, 'RON', NULL, 10, 39, 35),
(62975, 13.00, 'RON', NULL, 10, 35, 39),
(62976, 15.00, 'RON', NULL, 10, 39, 34),
(62977, 15.00, 'RON', NULL, 10, 34, 39),
(62978, 19.00, 'RON', NULL, 10, 39, 33),
(62979, 19.00, 'RON', NULL, 10, 33, 39),
(62980, 20.00, 'RON', NULL, 10, 39, 32),
(62981, 20.00, 'RON', NULL, 10, 32, 39),
(62982, 21.00, 'RON', NULL, 10, 39, 31),
(62983, 21.00, 'RON', NULL, 10, 31, 39),
(62984, 22.00, 'RON', NULL, 10, 39, 30),
(62985, 22.00, 'RON', NULL, 10, 30, 39),
(62986, 24.00, 'RON', NULL, 10, 39, 1),
(62987, 24.00, 'RON', NULL, 10, 1, 39),
(62988, 25.00, 'RON', NULL, 10, 39, 29),
(62989, 25.00, 'RON', NULL, 10, 29, 39),
(62990, 26.00, 'RON', NULL, 10, 39, 28),
(62991, 26.00, 'RON', NULL, 10, 28, 39),
(62992, 28.00, 'RON', NULL, 10, 39, 27),
(62993, 28.00, 'RON', NULL, 10, 27, 39),
(62994, 29.00, 'RON', NULL, 10, 39, 26),
(62995, 29.00, 'RON', NULL, 10, 26, 39),
(62996, 29.00, 'RON', NULL, 10, 39, 25),
(62997, 29.00, 'RON', NULL, 10, 25, 39),
(62998, 30.00, 'RON', NULL, 10, 39, 6),
(62999, 30.00, 'RON', NULL, 10, 6, 39),
(63000, 31.00, 'RON', NULL, 10, 39, 7),
(63001, 31.00, 'RON', NULL, 10, 7, 39),
(63002, 32.00, 'RON', NULL, 10, 39, 8),
(63003, 32.00, 'RON', NULL, 10, 8, 39),
(63004, 34.00, 'RON', NULL, 10, 39, 4),
(63005, 34.00, 'RON', NULL, 10, 4, 39),
(63006, 36.00, 'RON', NULL, 10, 39, 9),
(63007, 36.00, 'RON', NULL, 10, 9, 39),
(63008, 39.00, 'RON', NULL, 10, 39, 5),
(63009, 39.00, 'RON', NULL, 10, 5, 39),
(63010, 42.00, 'RON', NULL, 10, 39, 24),
(63011, 42.00, 'RON', NULL, 10, 24, 39),
(63012, 44.00, 'RON', NULL, 10, 39, 3),
(63013, 44.00, 'RON', NULL, 10, 3, 39),
(63014, 44.00, 'RON', NULL, 10, 39, 23),
(63015, 44.00, 'RON', NULL, 10, 23, 39),
(63016, 45.00, 'RON', NULL, 10, 39, 22),
(63017, 45.00, 'RON', NULL, 10, 22, 39),
(63018, 45.00, 'RON', NULL, 10, 39, 21),
(63019, 45.00, 'RON', NULL, 10, 21, 39),
(63020, 46.00, 'RON', NULL, 10, 39, 10),
(63021, 46.00, 'RON', NULL, 10, 10, 39),
(63022, 47.00, 'RON', NULL, 10, 39, 11),
(63023, 47.00, 'RON', NULL, 10, 11, 39),
(63024, 48.00, 'RON', NULL, 10, 39, 12),
(63025, 48.00, 'RON', NULL, 10, 12, 39),
(63026, 50.00, 'RON', NULL, 10, 39, 20),
(63027, 50.00, 'RON', NULL, 10, 20, 39),
(63028, 51.00, 'RON', NULL, 10, 39, 19),
(63029, 51.00, 'RON', NULL, 10, 19, 39),
(63030, 52.00, 'RON', NULL, 10, 39, 18),
(63031, 52.00, 'RON', NULL, 10, 18, 39),
(63032, 53.00, 'RON', NULL, 10, 39, 17),
(63033, 53.00, 'RON', NULL, 10, 17, 39),
(63034, 54.00, 'RON', NULL, 10, 39, 16),
(63035, 54.00, 'RON', NULL, 10, 16, 39),
(63036, 55.00, 'RON', NULL, 10, 39, 15),
(63037, 55.00, 'RON', NULL, 10, 15, 39),
(63038, 57.00, 'RON', NULL, 10, 39, 14),
(63039, 57.00, 'RON', NULL, 10, 14, 39),
(63040, 59.00, 'RON', NULL, 10, 39, 13),
(63041, 59.00, 'RON', NULL, 10, 13, 39),
(63042, 62.00, 'RON', NULL, 10, 39, 2),
(63043, 62.00, 'RON', NULL, 10, 2, 39),
(63044, 6.00, 'RON', NULL, 10, 38, 37),
(63045, 6.00, 'RON', NULL, 10, 37, 38),
(63046, 8.00, 'RON', NULL, 10, 38, 36),
(63047, 8.00, 'RON', NULL, 10, 36, 38),
(63048, 9.00, 'RON', NULL, 10, 38, 35),
(63049, 9.00, 'RON', NULL, 10, 35, 38),
(63050, 13.00, 'RON', NULL, 10, 38, 34),
(63051, 13.00, 'RON', NULL, 10, 34, 38),
(63052, 17.00, 'RON', NULL, 10, 38, 33),
(63053, 17.00, 'RON', NULL, 10, 33, 38),
(63054, 18.00, 'RON', NULL, 10, 38, 32),
(63055, 18.00, 'RON', NULL, 10, 32, 38),
(63056, 19.00, 'RON', NULL, 10, 38, 31),
(63057, 19.00, 'RON', NULL, 10, 31, 38),
(63058, 20.00, 'RON', NULL, 10, 38, 30),
(63059, 20.00, 'RON', NULL, 10, 30, 38),
(63060, 22.00, 'RON', NULL, 10, 38, 1),
(63061, 22.00, 'RON', NULL, 10, 1, 38),
(63062, 23.00, 'RON', NULL, 10, 38, 29),
(63063, 23.00, 'RON', NULL, 10, 29, 38),
(63064, 24.00, 'RON', NULL, 10, 38, 28),
(63065, 24.00, 'RON', NULL, 10, 28, 38),
(63066, 25.00, 'RON', NULL, 10, 38, 27),
(63067, 25.00, 'RON', NULL, 10, 27, 38),
(63068, 26.00, 'RON', NULL, 10, 38, 26),
(63069, 26.00, 'RON', NULL, 10, 26, 38),
(63070, 26.00, 'RON', NULL, 10, 38, 25),
(63071, 26.00, 'RON', NULL, 10, 25, 38),
(63072, 28.00, 'RON', NULL, 10, 38, 6),
(63073, 28.00, 'RON', NULL, 10, 6, 38),
(63074, 29.00, 'RON', NULL, 10, 38, 7),
(63075, 29.00, 'RON', NULL, 10, 7, 38),
(63076, 30.00, 'RON', NULL, 10, 38, 8),
(63077, 30.00, 'RON', NULL, 10, 8, 38),
(63078, 32.00, 'RON', NULL, 10, 38, 4),
(63079, 32.00, 'RON', NULL, 10, 4, 38),
(63080, 35.00, 'RON', NULL, 10, 38, 9),
(63081, 35.00, 'RON', NULL, 10, 9, 38),
(63082, 37.00, 'RON', NULL, 10, 38, 5),
(63083, 37.00, 'RON', NULL, 10, 5, 38),
(63084, 41.00, 'RON', NULL, 10, 38, 24),
(63085, 41.00, 'RON', NULL, 10, 24, 38),
(63086, 42.00, 'RON', NULL, 10, 38, 3),
(63087, 42.00, 'RON', NULL, 10, 3, 38),
(63088, 43.00, 'RON', NULL, 10, 38, 23),
(63089, 43.00, 'RON', NULL, 10, 23, 38),
(63090, 44.00, 'RON', NULL, 10, 38, 22),
(63091, 44.00, 'RON', NULL, 10, 22, 38),
(63092, 44.00, 'RON', NULL, 10, 38, 21),
(63093, 44.00, 'RON', NULL, 10, 21, 38),
(63094, 45.00, 'RON', NULL, 10, 38, 10),
(63095, 45.00, 'RON', NULL, 10, 10, 38),
(63096, 46.00, 'RON', NULL, 10, 38, 11),
(63097, 46.00, 'RON', NULL, 10, 11, 38),
(63098, 47.00, 'RON', NULL, 10, 38, 12),
(63099, 47.00, 'RON', NULL, 10, 12, 38),
(63100, 48.00, 'RON', NULL, 10, 38, 20),
(63101, 48.00, 'RON', NULL, 10, 20, 38),
(63102, 50.00, 'RON', NULL, 10, 38, 19),
(63103, 50.00, 'RON', NULL, 10, 19, 38),
(63104, 51.00, 'RON', NULL, 10, 38, 18),
(63105, 51.00, 'RON', NULL, 10, 18, 38),
(63106, 52.00, 'RON', NULL, 10, 38, 17),
(63107, 52.00, 'RON', NULL, 10, 17, 38),
(63108, 53.00, 'RON', NULL, 10, 38, 16),
(63109, 53.00, 'RON', NULL, 10, 16, 38),
(63110, 54.00, 'RON', NULL, 10, 38, 15),
(63111, 54.00, 'RON', NULL, 10, 15, 38),
(63112, 56.00, 'RON', NULL, 10, 38, 14),
(63113, 56.00, 'RON', NULL, 10, 14, 38),
(63114, 58.00, 'RON', NULL, 10, 38, 13),
(63115, 58.00, 'RON', NULL, 10, 13, 38),
(63116, 61.00, 'RON', NULL, 10, 38, 2),
(63117, 61.00, 'RON', NULL, 10, 2, 38),
(63118, 6.00, 'RON', NULL, 10, 37, 36),
(63119, 6.00, 'RON', NULL, 10, 36, 37),
(63120, 8.00, 'RON', NULL, 10, 37, 35),
(63121, 8.00, 'RON', NULL, 10, 35, 37),
(63122, 10.00, 'RON', NULL, 10, 37, 34),
(63123, 10.00, 'RON', NULL, 10, 34, 37),
(63124, 13.00, 'RON', NULL, 10, 37, 33),
(63125, 13.00, 'RON', NULL, 10, 33, 37),
(63126, 14.00, 'RON', NULL, 10, 37, 32),
(63127, 14.00, 'RON', NULL, 10, 32, 37),
(63128, 17.00, 'RON', NULL, 10, 37, 31),
(63129, 17.00, 'RON', NULL, 10, 31, 37),
(63130, 18.00, 'RON', NULL, 10, 37, 30),
(63131, 18.00, 'RON', NULL, 10, 30, 37),
(63132, 21.00, 'RON', NULL, 10, 37, 1),
(63133, 21.00, 'RON', NULL, 10, 1, 37),
(63134, 22.00, 'RON', NULL, 10, 37, 29),
(63135, 22.00, 'RON', NULL, 10, 29, 37),
(63136, 23.00, 'RON', NULL, 10, 37, 28),
(63137, 23.00, 'RON', NULL, 10, 28, 37),
(63138, 24.00, 'RON', NULL, 10, 37, 27),
(63139, 24.00, 'RON', NULL, 10, 27, 37),
(63140, 25.00, 'RON', NULL, 10, 37, 26),
(63141, 25.00, 'RON', NULL, 10, 26, 37),
(63142, 25.00, 'RON', NULL, 10, 37, 25),
(63143, 25.00, 'RON', NULL, 10, 25, 37),
(63144, 26.00, 'RON', NULL, 10, 37, 6),
(63145, 26.00, 'RON', NULL, 10, 6, 37),
(63146, 28.00, 'RON', NULL, 10, 37, 7),
(63147, 28.00, 'RON', NULL, 10, 7, 37),
(63148, 29.00, 'RON', NULL, 10, 37, 8),
(63149, 29.00, 'RON', NULL, 10, 8, 37),
(63150, 31.00, 'RON', NULL, 10, 37, 4),
(63151, 31.00, 'RON', NULL, 10, 4, 37),
(63152, 34.00, 'RON', NULL, 10, 37, 9),
(63153, 34.00, 'RON', NULL, 10, 9, 37),
(63154, 36.00, 'RON', NULL, 10, 37, 5),
(63155, 36.00, 'RON', NULL, 10, 5, 37),
(63156, 40.00, 'RON', NULL, 10, 37, 24),
(63157, 40.00, 'RON', NULL, 10, 24, 37),
(63158, 41.00, 'RON', NULL, 10, 37, 3),
(63159, 41.00, 'RON', NULL, 10, 3, 37),
(63160, 42.00, 'RON', NULL, 10, 37, 23),
(63161, 42.00, 'RON', NULL, 10, 23, 37),
(63162, 43.00, 'RON', NULL, 10, 37, 22),
(63163, 43.00, 'RON', NULL, 10, 22, 37),
(63164, 45.00, 'RON', NULL, 10, 37, 21),
(63165, 45.00, 'RON', NULL, 10, 21, 37),
(63166, 44.00, 'RON', NULL, 10, 37, 10),
(63167, 44.00, 'RON', NULL, 10, 10, 37),
(63168, 45.00, 'RON', NULL, 10, 37, 11),
(63169, 45.00, 'RON', NULL, 10, 11, 37),
(63170, 46.00, 'RON', NULL, 10, 37, 12),
(63171, 46.00, 'RON', NULL, 10, 12, 37),
(63172, 47.00, 'RON', NULL, 10, 37, 20),
(63173, 47.00, 'RON', NULL, 10, 20, 37),
(63174, 48.00, 'RON', NULL, 10, 37, 19),
(63175, 48.00, 'RON', NULL, 10, 19, 37),
(63176, 50.00, 'RON', NULL, 10, 37, 18),
(63177, 50.00, 'RON', NULL, 10, 18, 37),
(63178, 51.00, 'RON', NULL, 10, 37, 17),
(63179, 51.00, 'RON', NULL, 10, 17, 37),
(63180, 52.00, 'RON', NULL, 10, 37, 16),
(63181, 52.00, 'RON', NULL, 10, 16, 37),
(63182, 53.00, 'RON', NULL, 10, 37, 15),
(63183, 53.00, 'RON', NULL, 10, 15, 37),
(63184, 55.00, 'RON', NULL, 10, 37, 14),
(63185, 55.00, 'RON', NULL, 10, 14, 37),
(63186, 57.00, 'RON', NULL, 10, 37, 13),
(63187, 57.00, 'RON', NULL, 10, 13, 37),
(63188, 61.00, 'RON', NULL, 10, 37, 2),
(63189, 61.00, 'RON', NULL, 10, 2, 37),
(63190, 6.00, 'RON', NULL, 10, 36, 35),
(63191, 6.00, 'RON', NULL, 10, 35, 36),
(63192, 9.00, 'RON', NULL, 10, 36, 34),
(63193, 9.00, 'RON', NULL, 10, 34, 36),
(63194, 11.00, 'RON', NULL, 10, 36, 33),
(63195, 11.00, 'RON', NULL, 10, 33, 36),
(63196, 12.00, 'RON', NULL, 10, 36, 32),
(63197, 12.00, 'RON', NULL, 10, 32, 36),
(63198, 15.00, 'RON', NULL, 10, 36, 31),
(63199, 15.00, 'RON', NULL, 10, 31, 36),
(63200, 18.00, 'RON', NULL, 10, 36, 30),
(63201, 18.00, 'RON', NULL, 10, 30, 36),
(63202, 19.00, 'RON', NULL, 10, 36, 1),
(63203, 19.00, 'RON', NULL, 10, 1, 36),
(63204, 20.00, 'RON', NULL, 10, 36, 29),
(63205, 20.00, 'RON', NULL, 10, 29, 36),
(63206, 21.00, 'RON', NULL, 10, 36, 28),
(63207, 21.00, 'RON', NULL, 10, 28, 36),
(63208, 23.00, 'RON', NULL, 10, 36, 27),
(63209, 23.00, 'RON', NULL, 10, 27, 36),
(63210, 24.00, 'RON', NULL, 10, 36, 26),
(63211, 24.00, 'RON', NULL, 10, 26, 36),
(63212, 24.00, 'RON', NULL, 10, 36, 25),
(63213, 24.00, 'RON', NULL, 10, 25, 36),
(63214, 25.00, 'RON', NULL, 10, 36, 6),
(63215, 25.00, 'RON', NULL, 10, 6, 36),
(63216, 26.00, 'RON', NULL, 10, 36, 7),
(63217, 26.00, 'RON', NULL, 10, 7, 36),
(63218, 28.00, 'RON', NULL, 10, 36, 8),
(63219, 28.00, 'RON', NULL, 10, 8, 36),
(63220, 30.00, 'RON', NULL, 10, 36, 4),
(63221, 30.00, 'RON', NULL, 10, 4, 36),
(63222, 33.00, 'RON', NULL, 10, 36, 9),
(63223, 33.00, 'RON', NULL, 10, 9, 36),
(63224, 35.00, 'RON', NULL, 10, 36, 5),
(63225, 35.00, 'RON', NULL, 10, 5, 36),
(63226, 39.00, 'RON', NULL, 10, 36, 24),
(63227, 39.00, 'RON', NULL, 10, 24, 36),
(63228, 40.00, 'RON', NULL, 10, 36, 3),
(63229, 40.00, 'RON', NULL, 10, 3, 36),
(63230, 41.00, 'RON', NULL, 10, 36, 23),
(63231, 41.00, 'RON', NULL, 10, 23, 36),
(63232, 42.00, 'RON', NULL, 10, 36, 22),
(63233, 42.00, 'RON', NULL, 10, 22, 36),
(63234, 42.00, 'RON', NULL, 10, 36, 21),
(63235, 42.00, 'RON', NULL, 10, 21, 36),
(63236, 43.00, 'RON', NULL, 10, 36, 10),
(63237, 43.00, 'RON', NULL, 10, 10, 36),
(63238, 44.00, 'RON', NULL, 10, 36, 11),
(63239, 44.00, 'RON', NULL, 10, 11, 36),
(63240, 45.00, 'RON', NULL, 10, 36, 12),
(63241, 45.00, 'RON', NULL, 10, 12, 36),
(63242, 46.00, 'RON', NULL, 10, 36, 20),
(63243, 46.00, 'RON', NULL, 10, 20, 36),
(63244, 47.00, 'RON', NULL, 10, 36, 19),
(63245, 47.00, 'RON', NULL, 10, 19, 36),
(63246, 48.00, 'RON', NULL, 10, 36, 18),
(63247, 48.00, 'RON', NULL, 10, 18, 36),
(63248, 50.00, 'RON', NULL, 10, 36, 17),
(63249, 50.00, 'RON', NULL, 10, 17, 36),
(63250, 51.00, 'RON', NULL, 10, 36, 16),
(63251, 51.00, 'RON', NULL, 10, 16, 36),
(63252, 52.00, 'RON', NULL, 10, 36, 15),
(63253, 52.00, 'RON', NULL, 10, 15, 36),
(63254, 53.00, 'RON', NULL, 10, 36, 14),
(63255, 53.00, 'RON', NULL, 10, 14, 36),
(63256, 56.00, 'RON', NULL, 10, 36, 13),
(63257, 56.00, 'RON', NULL, 10, 13, 36),
(63258, 61.00, 'RON', NULL, 10, 36, 2),
(63259, 61.00, 'RON', NULL, 10, 2, 36),
(63260, 8.00, 'RON', NULL, 10, 35, 34),
(63261, 8.00, 'RON', NULL, 10, 34, 35),
(63262, 9.00, 'RON', NULL, 10, 35, 33),
(63263, 9.00, 'RON', NULL, 10, 33, 35),
(63264, 10.00, 'RON', NULL, 10, 35, 32),
(63265, 10.00, 'RON', NULL, 10, 32, 35),
(63266, 13.00, 'RON', NULL, 10, 35, 31),
(63267, 13.00, 'RON', NULL, 10, 31, 35),
(63268, 15.00, 'RON', NULL, 10, 35, 30),
(63269, 15.00, 'RON', NULL, 10, 30, 35),
(63270, 18.00, 'RON', NULL, 10, 35, 1),
(63271, 18.00, 'RON', NULL, 10, 1, 35),
(63272, 19.00, 'RON', NULL, 10, 35, 29),
(63273, 19.00, 'RON', NULL, 10, 29, 35),
(63274, 20.00, 'RON', NULL, 10, 35, 28),
(63275, 20.00, 'RON', NULL, 10, 28, 35),
(63276, 22.00, 'RON', NULL, 10, 35, 27),
(63277, 22.00, 'RON', NULL, 10, 27, 35),
(63278, 23.00, 'RON', NULL, 10, 35, 26),
(63279, 23.00, 'RON', NULL, 10, 26, 35),
(63280, 23.00, 'RON', NULL, 10, 35, 25),
(63281, 23.00, 'RON', NULL, 10, 25, 35),
(63282, 24.00, 'RON', NULL, 10, 35, 6),
(63283, 24.00, 'RON', NULL, 10, 6, 35),
(63284, 25.00, 'RON', NULL, 10, 35, 7),
(63285, 25.00, 'RON', NULL, 10, 7, 35),
(63286, 26.00, 'RON', NULL, 10, 35, 8),
(63287, 26.00, 'RON', NULL, 10, 8, 35),
(63288, 29.00, 'RON', NULL, 10, 35, 4),
(63289, 29.00, 'RON', NULL, 10, 4, 35),
(63290, 31.00, 'RON', NULL, 10, 35, 9),
(63291, 31.00, 'RON', NULL, 10, 9, 35),
(63292, 33.00, 'RON', NULL, 10, 35, 5),
(63293, 33.00, 'RON', NULL, 10, 5, 35),
(63294, 37.00, 'RON', NULL, 10, 35, 24),
(63295, 37.00, 'RON', NULL, 10, 24, 35),
(63296, 39.00, 'RON', NULL, 10, 35, 3),
(63297, 39.00, 'RON', NULL, 10, 3, 35),
(63298, 40.00, 'RON', NULL, 10, 35, 23),
(63299, 40.00, 'RON', NULL, 10, 23, 35),
(63300, 41.00, 'RON', NULL, 10, 35, 22),
(63301, 41.00, 'RON', NULL, 10, 22, 35),
(63302, 41.00, 'RON', NULL, 10, 35, 21),
(63303, 41.00, 'RON', NULL, 10, 21, 35),
(63304, 42.00, 'RON', NULL, 10, 35, 10),
(63305, 42.00, 'RON', NULL, 10, 10, 35),
(63306, 43.00, 'RON', NULL, 10, 35, 11),
(63307, 43.00, 'RON', NULL, 10, 11, 35),
(63308, 44.00, 'RON', NULL, 10, 35, 12),
(63309, 44.00, 'RON', NULL, 10, 12, 35),
(63310, 45.00, 'RON', NULL, 10, 35, 20),
(63311, 45.00, 'RON', NULL, 10, 20, 35),
(63312, 46.00, 'RON', NULL, 10, 35, 19),
(63313, 46.00, 'RON', NULL, 10, 19, 35),
(63314, 47.00, 'RON', NULL, 10, 35, 18),
(63315, 47.00, 'RON', NULL, 10, 18, 35),
(63316, 50.00, 'RON', NULL, 10, 35, 17),
(63317, 50.00, 'RON', NULL, 10, 17, 35),
(63318, 50.00, 'RON', NULL, 10, 35, 16),
(63319, 50.00, 'RON', NULL, 10, 16, 35),
(63320, 51.00, 'RON', NULL, 10, 35, 15),
(63321, 51.00, 'RON', NULL, 10, 15, 35),
(63322, 53.00, 'RON', NULL, 10, 35, 14),
(63323, 53.00, 'RON', NULL, 10, 14, 35),
(63324, 55.00, 'RON', NULL, 10, 35, 13),
(63325, 55.00, 'RON', NULL, 10, 13, 35),
(63326, 59.00, 'RON', NULL, 10, 35, 2),
(63327, 59.00, 'RON', NULL, 10, 2, 35),
(63328, 6.00, 'RON', NULL, 10, 34, 33),
(63329, 6.00, 'RON', NULL, 10, 33, 34),
(63330, 8.00, 'RON', NULL, 10, 34, 32),
(63331, 8.00, 'RON', NULL, 10, 32, 34),
(63332, 11.00, 'RON', NULL, 10, 34, 31),
(63333, 11.00, 'RON', NULL, 10, 31, 34),
(63334, 13.00, 'RON', NULL, 10, 34, 30),
(63335, 13.00, 'RON', NULL, 10, 30, 34),
(63336, 17.00, 'RON', NULL, 10, 34, 1),
(63337, 17.00, 'RON', NULL, 10, 1, 34),
(63338, 18.00, 'RON', NULL, 10, 34, 29),
(63339, 18.00, 'RON', NULL, 10, 29, 34),
(63340, 19.00, 'RON', NULL, 10, 34, 28),
(63341, 19.00, 'RON', NULL, 10, 28, 34),
(63342, 21.00, 'RON', NULL, 10, 34, 27),
(63343, 21.00, 'RON', NULL, 10, 27, 34),
(63344, 22.00, 'RON', NULL, 10, 34, 26),
(63345, 22.00, 'RON', NULL, 10, 26, 34),
(63346, 22.00, 'RON', NULL, 10, 34, 25),
(63347, 22.00, 'RON', NULL, 10, 25, 34),
(63348, 23.00, 'RON', NULL, 10, 34, 6),
(63349, 23.00, 'RON', NULL, 10, 6, 34),
(63350, 24.00, 'RON', NULL, 10, 34, 7),
(63351, 24.00, 'RON', NULL, 10, 7, 34),
(63352, 25.00, 'RON', NULL, 10, 34, 8),
(63353, 25.00, 'RON', NULL, 10, 8, 34),
(63354, 28.00, 'RON', NULL, 10, 34, 4),
(63355, 28.00, 'RON', NULL, 10, 4, 34),
(63356, 30.00, 'RON', NULL, 10, 34, 9),
(63357, 30.00, 'RON', NULL, 10, 9, 34),
(63358, 32.00, 'RON', NULL, 10, 34, 5),
(63359, 32.00, 'RON', NULL, 10, 5, 34),
(63360, 36.00, 'RON', NULL, 10, 34, 24),
(63361, 36.00, 'RON', NULL, 10, 24, 34),
(63362, 37.00, 'RON', NULL, 10, 34, 3),
(63363, 37.00, 'RON', NULL, 10, 3, 34),
(63364, 39.00, 'RON', NULL, 10, 34, 23),
(63365, 39.00, 'RON', NULL, 10, 23, 34),
(63366, 40.00, 'RON', NULL, 10, 34, 22),
(63367, 40.00, 'RON', NULL, 10, 22, 34),
(63368, 40.00, 'RON', NULL, 10, 34, 21),
(63369, 40.00, 'RON', NULL, 10, 21, 34),
(63370, 41.00, 'RON', NULL, 10, 34, 10),
(63371, 41.00, 'RON', NULL, 10, 10, 34),
(63372, 42.00, 'RON', NULL, 10, 34, 11),
(63373, 42.00, 'RON', NULL, 10, 11, 34),
(63374, 43.00, 'RON', NULL, 10, 34, 12),
(63375, 43.00, 'RON', NULL, 10, 12, 34),
(63376, 44.00, 'RON', NULL, 10, 34, 20),
(63377, 44.00, 'RON', NULL, 10, 20, 34),
(63378, 45.00, 'RON', NULL, 10, 34, 19),
(63379, 45.00, 'RON', NULL, 10, 19, 34),
(63380, 46.00, 'RON', NULL, 10, 34, 18),
(63381, 46.00, 'RON', NULL, 10, 18, 34),
(63382, 47.00, 'RON', NULL, 10, 34, 17),
(63383, 47.00, 'RON', NULL, 10, 17, 34),
(63384, 48.00, 'RON', NULL, 10, 34, 16),
(63385, 48.00, 'RON', NULL, 10, 16, 34),
(63386, 50.00, 'RON', NULL, 10, 34, 15),
(63387, 50.00, 'RON', NULL, 10, 15, 34),
(63388, 52.00, 'RON', NULL, 10, 34, 14),
(63389, 52.00, 'RON', NULL, 10, 14, 34),
(63390, 54.00, 'RON', NULL, 10, 34, 13),
(63391, 54.00, 'RON', NULL, 10, 13, 34),
(63392, 58.00, 'RON', NULL, 10, 34, 2),
(63393, 58.00, 'RON', NULL, 10, 2, 34),
(63394, 6.00, 'RON', NULL, 10, 33, 32),
(63395, 6.00, 'RON', NULL, 10, 32, 33),
(63396, 8.00, 'RON', NULL, 10, 33, 31),
(63397, 8.00, 'RON', NULL, 10, 31, 33),
(63398, 10.00, 'RON', NULL, 10, 33, 30),
(63399, 10.00, 'RON', NULL, 10, 30, 33),
(63400, 15.00, 'RON', NULL, 10, 33, 1),
(63401, 15.00, 'RON', NULL, 10, 1, 33),
(63402, 17.00, 'RON', NULL, 10, 33, 29),
(63403, 17.00, 'RON', NULL, 10, 29, 33),
(63404, 18.00, 'RON', NULL, 10, 33, 28),
(63405, 18.00, 'RON', NULL, 10, 28, 33),
(63406, 20.00, 'RON', NULL, 10, 33, 27),
(63407, 20.00, 'RON', NULL, 10, 27, 33),
(63408, 21.00, 'RON', NULL, 10, 33, 26),
(63409, 21.00, 'RON', NULL, 10, 26, 33),
(63410, 21.00, 'RON', NULL, 10, 33, 25),
(63411, 21.00, 'RON', NULL, 10, 25, 33),
(63412, 22.00, 'RON', NULL, 10, 33, 6),
(63413, 22.00, 'RON', NULL, 10, 6, 33),
(63414, 23.00, 'RON', NULL, 10, 33, 7),
(63415, 23.00, 'RON', NULL, 10, 7, 33),
(63416, 24.00, 'RON', NULL, 10, 33, 8),
(63417, 24.00, 'RON', NULL, 10, 8, 33),
(63418, 26.00, 'RON', NULL, 10, 33, 4),
(63419, 26.00, 'RON', NULL, 10, 4, 33),
(63420, 29.00, 'RON', NULL, 10, 33, 9),
(63421, 29.00, 'RON', NULL, 10, 9, 33),
(63422, 31.00, 'RON', NULL, 10, 33, 5),
(63423, 31.00, 'RON', NULL, 10, 5, 33),
(63424, 35.00, 'RON', NULL, 10, 33, 24),
(63425, 35.00, 'RON', NULL, 10, 24, 33),
(63426, 36.00, 'RON', NULL, 10, 33, 3),
(63427, 36.00, 'RON', NULL, 10, 3, 33),
(63428, 37.00, 'RON', NULL, 10, 33, 23),
(63429, 37.00, 'RON', NULL, 10, 23, 33),
(63430, 39.00, 'RON', NULL, 10, 33, 22),
(63431, 39.00, 'RON', NULL, 10, 22, 33),
(63432, 39.00, 'RON', NULL, 10, 33, 21),
(63433, 39.00, 'RON', NULL, 10, 21, 33),
(63434, 40.00, 'RON', NULL, 10, 33, 10),
(63435, 40.00, 'RON', NULL, 10, 10, 33),
(63436, 41.00, 'RON', NULL, 10, 33, 11),
(63437, 41.00, 'RON', NULL, 10, 11, 33),
(63438, 42.00, 'RON', NULL, 10, 33, 12),
(63439, 42.00, 'RON', NULL, 10, 12, 33),
(63440, 43.00, 'RON', NULL, 10, 33, 20),
(63441, 43.00, 'RON', NULL, 10, 20, 33),
(63442, 44.00, 'RON', NULL, 10, 33, 19),
(63443, 44.00, 'RON', NULL, 10, 19, 33),
(63444, 45.00, 'RON', NULL, 10, 33, 18),
(63445, 45.00, 'RON', NULL, 10, 18, 33),
(63446, 46.00, 'RON', NULL, 10, 33, 17),
(63447, 46.00, 'RON', NULL, 10, 17, 33),
(63448, 47.00, 'RON', NULL, 10, 33, 16),
(63449, 47.00, 'RON', NULL, 10, 16, 33),
(63450, 48.00, 'RON', NULL, 10, 33, 15),
(63451, 48.00, 'RON', NULL, 10, 15, 33),
(63452, 51.00, 'RON', NULL, 10, 33, 14),
(63453, 51.00, 'RON', NULL, 10, 14, 33),
(63454, 53.00, 'RON', NULL, 10, 33, 13),
(63455, 53.00, 'RON', NULL, 10, 13, 33),
(63456, 57.00, 'RON', NULL, 10, 33, 2),
(63457, 57.00, 'RON', NULL, 10, 2, 33),
(63458, 6.00, 'RON', NULL, 10, 32, 31),
(63459, 6.00, 'RON', NULL, 10, 31, 32),
(63460, 9.00, 'RON', NULL, 10, 32, 30),
(63461, 9.00, 'RON', NULL, 10, 30, 32),
(63462, 13.00, 'RON', NULL, 10, 32, 1),
(63463, 13.00, 'RON', NULL, 10, 1, 32),
(63464, 14.00, 'RON', NULL, 10, 32, 29),
(63465, 14.00, 'RON', NULL, 10, 29, 32),
(63466, 15.00, 'RON', NULL, 10, 32, 28),
(63467, 15.00, 'RON', NULL, 10, 28, 32),
(63468, 17.00, 'RON', NULL, 10, 32, 27),
(63469, 17.00, 'RON', NULL, 10, 27, 32),
(63470, 18.00, 'RON', NULL, 10, 32, 26),
(63471, 18.00, 'RON', NULL, 10, 26, 32),
(63472, 18.00, 'RON', NULL, 10, 32, 25),
(63473, 18.00, 'RON', NULL, 10, 25, 32),
(63474, 19.00, 'RON', NULL, 10, 32, 6),
(63475, 19.00, 'RON', NULL, 10, 6, 32),
(63476, 20.00, 'RON', NULL, 10, 32, 7),
(63477, 20.00, 'RON', NULL, 10, 7, 32),
(63478, 21.00, 'RON', NULL, 10, 32, 8),
(63479, 21.00, 'RON', NULL, 10, 8, 32),
(63480, 23.00, 'RON', NULL, 10, 32, 4),
(63481, 23.00, 'RON', NULL, 10, 4, 32),
(63482, 25.00, 'RON', NULL, 10, 32, 9),
(63483, 25.00, 'RON', NULL, 10, 9, 32),
(63484, 28.00, 'RON', NULL, 10, 32, 5),
(63485, 28.00, 'RON', NULL, 10, 5, 32),
(63486, 34.00, 'RON', NULL, 10, 32, 24),
(63487, 34.00, 'RON', NULL, 10, 24, 32),
(63488, 35.00, 'RON', NULL, 10, 32, 3),
(63489, 35.00, 'RON', NULL, 10, 3, 32),
(63490, 36.00, 'RON', NULL, 10, 32, 23),
(63491, 36.00, 'RON', NULL, 10, 23, 32),
(63492, 37.00, 'RON', NULL, 10, 32, 22),
(63493, 37.00, 'RON', NULL, 10, 22, 32),
(63494, 37.00, 'RON', NULL, 10, 32, 21),
(63495, 37.00, 'RON', NULL, 10, 21, 32),
(63496, 39.00, 'RON', NULL, 10, 32, 10),
(63497, 39.00, 'RON', NULL, 10, 10, 32),
(63498, 40.00, 'RON', NULL, 10, 32, 11),
(63499, 40.00, 'RON', NULL, 10, 11, 32),
(63500, 40.00, 'RON', NULL, 10, 32, 12),
(63501, 40.00, 'RON', NULL, 10, 12, 32),
(63502, 41.00, 'RON', NULL, 10, 32, 20),
(63503, 41.00, 'RON', NULL, 10, 20, 32),
(63504, 42.00, 'RON', NULL, 10, 32, 19),
(63505, 42.00, 'RON', NULL, 10, 19, 32),
(63506, 43.00, 'RON', NULL, 10, 32, 18),
(63507, 43.00, 'RON', NULL, 10, 18, 32),
(63508, 44.00, 'RON', NULL, 10, 32, 17),
(63509, 44.00, 'RON', NULL, 10, 17, 32),
(63510, 45.00, 'RON', NULL, 10, 32, 16),
(63511, 45.00, 'RON', NULL, 10, 16, 32),
(63512, 46.00, 'RON', NULL, 10, 32, 15),
(63513, 46.00, 'RON', NULL, 10, 15, 32),
(63514, 48.00, 'RON', NULL, 10, 32, 14),
(63515, 48.00, 'RON', NULL, 10, 14, 32),
(63516, 51.00, 'RON', NULL, 10, 32, 13),
(63517, 51.00, 'RON', NULL, 10, 13, 32),
(63518, 55.00, 'RON', NULL, 10, 32, 2),
(63519, 55.00, 'RON', NULL, 10, 2, 32),
(63520, 6.00, 'RON', NULL, 10, 31, 30),
(63521, 6.00, 'RON', NULL, 10, 30, 31),
(63522, 11.00, 'RON', NULL, 10, 31, 1),
(63523, 11.00, 'RON', NULL, 10, 1, 31),
(63524, 12.00, 'RON', NULL, 10, 31, 29),
(63525, 12.00, 'RON', NULL, 10, 29, 31),
(63526, 14.00, 'RON', NULL, 10, 31, 28),
(63527, 14.00, 'RON', NULL, 10, 28, 31),
(63528, 17.00, 'RON', NULL, 10, 31, 27),
(63529, 17.00, 'RON', NULL, 10, 27, 31),
(63530, 18.00, 'RON', NULL, 10, 31, 26),
(63531, 18.00, 'RON', NULL, 10, 26, 31),
(63532, 18.00, 'RON', NULL, 10, 31, 25),
(63533, 18.00, 'RON', NULL, 10, 25, 31),
(63534, 19.00, 'RON', NULL, 10, 31, 6),
(63535, 19.00, 'RON', NULL, 10, 6, 31),
(63536, 20.00, 'RON', NULL, 10, 31, 7),
(63537, 20.00, 'RON', NULL, 10, 7, 31),
(63538, 21.00, 'RON', NULL, 10, 31, 8),
(63539, 21.00, 'RON', NULL, 10, 8, 31),
(63540, 22.00, 'RON', NULL, 10, 31, 4),
(63541, 22.00, 'RON', NULL, 10, 4, 31),
(63542, 23.00, 'RON', NULL, 10, 31, 9),
(63543, 23.00, 'RON', NULL, 10, 9, 31),
(63544, 26.00, 'RON', NULL, 10, 31, 5),
(63545, 26.00, 'RON', NULL, 10, 5, 31),
(63546, 29.00, 'RON', NULL, 10, 31, 24),
(63547, 29.00, 'RON', NULL, 10, 24, 31),
(63548, 31.00, 'RON', NULL, 10, 31, 3),
(63549, 31.00, 'RON', NULL, 10, 3, 31),
(63550, 33.00, 'RON', NULL, 10, 31, 23),
(63551, 33.00, 'RON', NULL, 10, 23, 31),
(63552, 34.00, 'RON', NULL, 10, 31, 22),
(63553, 34.00, 'RON', NULL, 10, 22, 31),
(63554, 35.00, 'RON', NULL, 10, 31, 21),
(63555, 35.00, 'RON', NULL, 10, 21, 31),
(63556, 36.00, 'RON', NULL, 10, 31, 10),
(63557, 36.00, 'RON', NULL, 10, 10, 31),
(63558, 37.00, 'RON', NULL, 10, 31, 11),
(63559, 37.00, 'RON', NULL, 10, 11, 31),
(63560, 39.00, 'RON', NULL, 10, 31, 12),
(63561, 39.00, 'RON', NULL, 10, 12, 31),
(63562, 40.00, 'RON', NULL, 10, 31, 20),
(63563, 40.00, 'RON', NULL, 10, 20, 31),
(63564, 41.00, 'RON', NULL, 10, 31, 19),
(63565, 41.00, 'RON', NULL, 10, 19, 31),
(63566, 42.00, 'RON', NULL, 10, 31, 18),
(63567, 42.00, 'RON', NULL, 10, 18, 31),
(63568, 43.00, 'RON', NULL, 10, 31, 17),
(63569, 43.00, 'RON', NULL, 10, 17, 31),
(63570, 44.00, 'RON', NULL, 10, 31, 16),
(63571, 44.00, 'RON', NULL, 10, 16, 31),
(63572, 45.00, 'RON', NULL, 10, 31, 15),
(63573, 45.00, 'RON', NULL, 10, 15, 31),
(63574, 47.00, 'RON', NULL, 10, 31, 14),
(63575, 47.00, 'RON', NULL, 10, 14, 31),
(63576, 50.00, 'RON', NULL, 10, 31, 13),
(63577, 50.00, 'RON', NULL, 10, 13, 31),
(63578, 53.00, 'RON', NULL, 10, 31, 2),
(63579, 53.00, 'RON', NULL, 10, 2, 31),
(63580, 8.00, 'RON', NULL, 10, 30, 1),
(63581, 8.00, 'RON', NULL, 10, 1, 30),
(63582, 9.00, 'RON', NULL, 10, 30, 29),
(63583, 9.00, 'RON', NULL, 10, 29, 30),
(63584, 11.00, 'RON', NULL, 10, 30, 28),
(63585, 11.00, 'RON', NULL, 10, 28, 30),
(63586, 13.00, 'RON', NULL, 10, 30, 27),
(63587, 13.00, 'RON', NULL, 10, 27, 30),
(63588, 14.00, 'RON', NULL, 10, 30, 26),
(63589, 14.00, 'RON', NULL, 10, 26, 30),
(63590, 15.00, 'RON', NULL, 10, 30, 25),
(63591, 15.00, 'RON', NULL, 10, 25, 30),
(63592, 17.00, 'RON', NULL, 10, 30, 6),
(63593, 17.00, 'RON', NULL, 10, 6, 30),
(63594, 18.00, 'RON', NULL, 10, 30, 7),
(63595, 18.00, 'RON', NULL, 10, 7, 30),
(63596, 19.00, 'RON', NULL, 10, 30, 8),
(63597, 19.00, 'RON', NULL, 10, 8, 30),
(63598, 21.00, 'RON', NULL, 10, 30, 4),
(63599, 21.00, 'RON', NULL, 10, 4, 30),
(63600, 23.00, 'RON', NULL, 10, 30, 9),
(63601, 23.00, 'RON', NULL, 10, 9, 30),
(63602, 25.00, 'RON', NULL, 10, 30, 5),
(63603, 25.00, 'RON', NULL, 10, 5, 30),
(63604, 29.00, 'RON', NULL, 10, 30, 24),
(63605, 29.00, 'RON', NULL, 10, 24, 30),
(63606, 31.00, 'RON', NULL, 10, 30, 3),
(63607, 31.00, 'RON', NULL, 10, 3, 30),
(63608, 31.00, 'RON', NULL, 10, 30, 23),
(63609, 31.00, 'RON', NULL, 10, 23, 30),
(63610, 32.00, 'RON', NULL, 10, 30, 22),
(63611, 32.00, 'RON', NULL, 10, 22, 30),
(63612, 33.00, 'RON', NULL, 10, 30, 21),
(63613, 33.00, 'RON', NULL, 10, 21, 30),
(63614, 34.00, 'RON', NULL, 10, 30, 10),
(63615, 34.00, 'RON', NULL, 10, 10, 30),
(63616, 35.00, 'RON', NULL, 10, 30, 11),
(63617, 35.00, 'RON', NULL, 10, 11, 30),
(63618, 36.00, 'RON', NULL, 10, 30, 12),
(63619, 36.00, 'RON', NULL, 10, 12, 30),
(63620, 37.00, 'RON', NULL, 10, 30, 20),
(63621, 37.00, 'RON', NULL, 10, 20, 30),
(63622, 39.00, 'RON', NULL, 10, 30, 19),
(63623, 39.00, 'RON', NULL, 10, 19, 30),
(63624, 40.00, 'RON', NULL, 10, 30, 18),
(63625, 40.00, 'RON', NULL, 10, 18, 30),
(63626, 41.00, 'RON', NULL, 10, 30, 17),
(63627, 41.00, 'RON', NULL, 10, 17, 30),
(63628, 42.00, 'RON', NULL, 10, 30, 16),
(63629, 42.00, 'RON', NULL, 10, 16, 30),
(63630, 44.00, 'RON', NULL, 10, 30, 15),
(63631, 44.00, 'RON', NULL, 10, 15, 30),
(63632, 46.00, 'RON', NULL, 10, 30, 14),
(63633, 46.00, 'RON', NULL, 10, 14, 30),
(63634, 48.00, 'RON', NULL, 10, 30, 13),
(63635, 48.00, 'RON', NULL, 10, 13, 30),
(63636, 52.00, 'RON', NULL, 10, 30, 2),
(63637, 52.00, 'RON', NULL, 10, 2, 30),
(63638, 7.00, 'RON', NULL, 10, 1, 29),
(63639, 7.00, 'RON', NULL, 10, 29, 1),
(63640, 9.00, 'RON', NULL, 10, 1, 28),
(63641, 9.00, 'RON', NULL, 10, 28, 1),
(63642, 11.00, 'RON', NULL, 10, 1, 27),
(63643, 11.00, 'RON', NULL, 10, 27, 1),
(63644, 12.00, 'RON', NULL, 10, 1, 26),
(63645, 12.00, 'RON', NULL, 10, 26, 1),
(63646, 13.00, 'RON', NULL, 10, 1, 25),
(63647, 13.00, 'RON', NULL, 10, 25, 1),
(63648, 13.00, 'RON', NULL, 10, 1, 6),
(63649, 13.00, 'RON', NULL, 10, 6, 1),
(63650, 15.00, 'RON', NULL, 10, 1, 7),
(63651, 15.00, 'RON', NULL, 10, 7, 1),
(63652, 17.00, 'RON', NULL, 10, 1, 8),
(63653, 17.00, 'RON', NULL, 10, 8, 1),
(63654, 18.00, 'RON', NULL, 10, 1, 4),
(63655, 18.00, 'RON', NULL, 10, 4, 1),
(63656, 19.00, 'RON', NULL, 10, 1, 9),
(63657, 19.00, 'RON', NULL, 10, 9, 1),
(63658, 20.00, 'RON', NULL, 10, 1, 5),
(63659, 20.00, 'RON', NULL, 10, 5, 1),
(63660, 23.00, 'RON', NULL, 10, 1, 24),
(63661, 23.00, 'RON', NULL, 10, 24, 1),
(63662, 25.00, 'RON', NULL, 10, 1, 3),
(63663, 25.00, 'RON', NULL, 10, 3, 1),
(63664, 25.00, 'RON', NULL, 10, 1, 23),
(63665, 25.00, 'RON', NULL, 10, 23, 1),
(63666, 26.00, 'RON', NULL, 10, 1, 22),
(63667, 26.00, 'RON', NULL, 10, 22, 1),
(63668, 26.00, 'RON', NULL, 10, 1, 21),
(63669, 26.00, 'RON', NULL, 10, 21, 1),
(63670, 28.00, 'RON', NULL, 10, 1, 10),
(63671, 28.00, 'RON', NULL, 10, 10, 1),
(63672, 29.00, 'RON', NULL, 10, 1, 11),
(63673, 29.00, 'RON', NULL, 10, 11, 1),
(63674, 31.00, 'RON', NULL, 10, 1, 12),
(63675, 31.00, 'RON', NULL, 10, 12, 1),
(63676, 33.00, 'RON', NULL, 10, 1, 20),
(63677, 33.00, 'RON', NULL, 10, 20, 1),
(63678, 34.00, 'RON', NULL, 10, 1, 19),
(63679, 34.00, 'RON', NULL, 10, 19, 1),
(63680, 36.00, 'RON', NULL, 10, 1, 18),
(63681, 36.00, 'RON', NULL, 10, 18, 1),
(63682, 37.00, 'RON', NULL, 10, 1, 17),
(63683, 37.00, 'RON', NULL, 10, 17, 1),
(63684, 39.00, 'RON', NULL, 10, 1, 16),
(63685, 39.00, 'RON', NULL, 10, 16, 1),
(63686, 41.00, 'RON', NULL, 10, 1, 15),
(63687, 41.00, 'RON', NULL, 10, 15, 1),
(63688, 44.00, 'RON', NULL, 10, 1, 14),
(63689, 44.00, 'RON', NULL, 10, 14, 1),
(63690, 46.00, 'RON', NULL, 10, 1, 13),
(63691, 46.00, 'RON', NULL, 10, 13, 1),
(63692, 48.00, 'RON', NULL, 10, 1, 2),
(63693, 48.00, 'RON', NULL, 10, 2, 1),
(63694, 6.00, 'RON', NULL, 10, 29, 28),
(63695, 6.00, 'RON', NULL, 10, 28, 29),
(63696, 9.00, 'RON', NULL, 10, 29, 27),
(63697, 9.00, 'RON', NULL, 10, 27, 29),
(63698, 10.00, 'RON', NULL, 10, 29, 26),
(63699, 10.00, 'RON', NULL, 10, 26, 29),
(63700, 11.00, 'RON', NULL, 10, 29, 25),
(63701, 11.00, 'RON', NULL, 10, 25, 29),
(63702, 12.00, 'RON', NULL, 10, 29, 6),
(63703, 12.00, 'RON', NULL, 10, 6, 29),
(63704, 13.00, 'RON', NULL, 10, 29, 7),
(63705, 13.00, 'RON', NULL, 10, 7, 29),
(63706, 14.00, 'RON', NULL, 10, 29, 8),
(63707, 14.00, 'RON', NULL, 10, 8, 29),
(63708, 15.00, 'RON', NULL, 10, 29, 4),
(63709, 15.00, 'RON', NULL, 10, 4, 29),
(63710, 17.00, 'RON', NULL, 10, 29, 9),
(63711, 17.00, 'RON', NULL, 10, 9, 29),
(63712, 18.00, 'RON', NULL, 10, 29, 5),
(63713, 18.00, 'RON', NULL, 10, 5, 29),
(63714, 22.00, 'RON', NULL, 10, 29, 24),
(63715, 22.00, 'RON', NULL, 10, 24, 29),
(63716, 23.00, 'RON', NULL, 10, 29, 3),
(63717, 23.00, 'RON', NULL, 10, 3, 29),
(63718, 24.00, 'RON', NULL, 10, 29, 23),
(63719, 24.00, 'RON', NULL, 10, 23, 29),
(63720, 24.00, 'RON', NULL, 10, 29, 22),
(63721, 24.00, 'RON', NULL, 10, 22, 29),
(63722, 24.00, 'RON', NULL, 10, 29, 21),
(63723, 24.00, 'RON', NULL, 10, 21, 29),
(63724, 25.00, 'RON', NULL, 10, 29, 10),
(63725, 25.00, 'RON', NULL, 10, 10, 29),
(63726, 28.00, 'RON', NULL, 10, 29, 11),
(63727, 28.00, 'RON', NULL, 10, 11, 29),
(63728, 29.00, 'RON', NULL, 10, 29, 12),
(63729, 29.00, 'RON', NULL, 10, 12, 29),
(63730, 31.00, 'RON', NULL, 10, 29, 20),
(63731, 31.00, 'RON', NULL, 10, 20, 29),
(63732, 32.00, 'RON', NULL, 10, 29, 19),
(63733, 32.00, 'RON', NULL, 10, 19, 29),
(63734, 34.00, 'RON', NULL, 10, 29, 18),
(63735, 34.00, 'RON', NULL, 10, 18, 29),
(63736, 35.00, 'RON', NULL, 10, 29, 17),
(63737, 35.00, 'RON', NULL, 10, 17, 29),
(63738, 36.00, 'RON', NULL, 10, 29, 16),
(63739, 36.00, 'RON', NULL, 10, 16, 29),
(63740, 39.00, 'RON', NULL, 10, 29, 15),
(63741, 39.00, 'RON', NULL, 10, 15, 29),
(63742, 41.00, 'RON', NULL, 10, 29, 14),
(63743, 41.00, 'RON', NULL, 10, 14, 29),
(63744, 44.00, 'RON', NULL, 10, 29, 13),
(63745, 44.00, 'RON', NULL, 10, 13, 29),
(63746, 46.00, 'RON', NULL, 10, 29, 2),
(63747, 46.00, 'RON', NULL, 10, 2, 29),
(63748, 4.00, 'RON', NULL, 10, 28, 27),
(63749, 4.00, 'RON', NULL, 10, 27, 28),
(63750, 6.00, 'RON', NULL, 10, 28, 26),
(63751, 6.00, 'RON', NULL, 10, 26, 28),
(63752, 6.00, 'RON', NULL, 10, 28, 25),
(63753, 6.00, 'RON', NULL, 10, 25, 28),
(63754, 7.00, 'RON', NULL, 10, 28, 6),
(63755, 7.00, 'RON', NULL, 10, 6, 28),
(63756, 11.00, 'RON', NULL, 10, 28, 7),
(63757, 11.00, 'RON', NULL, 10, 7, 28),
(63758, 12.00, 'RON', NULL, 10, 28, 8),
(63759, 12.00, 'RON', NULL, 10, 8, 28),
(63760, 13.00, 'RON', NULL, 10, 28, 4),
(63761, 13.00, 'RON', NULL, 10, 4, 28),
(63762, 14.00, 'RON', NULL, 10, 28, 9),
(63763, 14.00, 'RON', NULL, 10, 9, 28),
(63764, 15.00, 'RON', NULL, 10, 28, 5),
(63765, 15.00, 'RON', NULL, 10, 5, 28),
(63766, 21.00, 'RON', NULL, 10, 28, 24),
(63767, 21.00, 'RON', NULL, 10, 24, 28),
(63768, 22.00, 'RON', NULL, 10, 28, 3),
(63769, 22.00, 'RON', NULL, 10, 3, 28),
(63770, 23.00, 'RON', NULL, 10, 28, 23),
(63771, 23.00, 'RON', NULL, 10, 23, 28),
(63772, 23.00, 'RON', NULL, 10, 28, 22),
(63773, 23.00, 'RON', NULL, 10, 22, 28),
(63774, 23.00, 'RON', NULL, 10, 28, 21),
(63775, 23.00, 'RON', NULL, 10, 21, 28),
(63776, 24.00, 'RON', NULL, 10, 28, 10),
(63777, 24.00, 'RON', NULL, 10, 10, 28),
(63778, 26.00, 'RON', NULL, 10, 28, 11),
(63779, 26.00, 'RON', NULL, 10, 11, 28),
(63780, 28.00, 'RON', NULL, 10, 28, 12),
(63781, 28.00, 'RON', NULL, 10, 12, 28),
(63782, 30.00, 'RON', NULL, 10, 28, 20),
(63783, 30.00, 'RON', NULL, 10, 20, 28),
(63784, 31.00, 'RON', NULL, 10, 28, 19),
(63785, 31.00, 'RON', NULL, 10, 19, 28),
(63786, 33.00, 'RON', NULL, 10, 28, 18),
(63787, 33.00, 'RON', NULL, 10, 18, 28),
(63788, 34.00, 'RON', NULL, 10, 28, 17),
(63789, 34.00, 'RON', NULL, 10, 17, 28),
(63790, 35.00, 'RON', NULL, 10, 28, 16),
(63791, 35.00, 'RON', NULL, 10, 16, 28),
(63792, 37.00, 'RON', NULL, 10, 28, 15),
(63793, 37.00, 'RON', NULL, 10, 15, 28),
(63794, 40.00, 'RON', NULL, 10, 28, 14),
(63795, 40.00, 'RON', NULL, 10, 14, 28),
(63796, 42.00, 'RON', NULL, 10, 28, 13),
(63797, 42.00, 'RON', NULL, 10, 13, 28),
(63798, 44.00, 'RON', NULL, 10, 28, 2),
(63799, 44.00, 'RON', NULL, 10, 2, 28),
(63800, 4.00, 'RON', NULL, 10, 27, 26),
(63801, 4.00, 'RON', NULL, 10, 26, 27),
(63802, 6.00, 'RON', NULL, 10, 27, 25),
(63803, 6.00, 'RON', NULL, 10, 25, 27),
(63804, 6.00, 'RON', NULL, 10, 27, 6),
(63805, 6.00, 'RON', NULL, 10, 6, 27),
(63806, 8.00, 'RON', NULL, 10, 27, 7),
(63807, 8.00, 'RON', NULL, 10, 7, 27),
(63808, 9.00, 'RON', NULL, 10, 27, 8),
(63809, 9.00, 'RON', NULL, 10, 8, 27),
(63810, 11.00, 'RON', NULL, 10, 27, 4),
(63811, 11.00, 'RON', NULL, 10, 4, 27),
(63812, 13.00, 'RON', NULL, 10, 27, 9),
(63813, 13.00, 'RON', NULL, 10, 9, 27),
(63814, 14.00, 'RON', NULL, 10, 27, 5),
(63815, 14.00, 'RON', NULL, 10, 5, 27),
(63816, 19.00, 'RON', NULL, 10, 27, 24),
(63817, 19.00, 'RON', NULL, 10, 24, 27),
(63818, 20.00, 'RON', NULL, 10, 27, 3),
(63819, 20.00, 'RON', NULL, 10, 3, 27),
(63820, 22.00, 'RON', NULL, 10, 27, 23),
(63821, 22.00, 'RON', NULL, 10, 23, 27),
(63822, 22.00, 'RON', NULL, 10, 27, 22),
(63823, 22.00, 'RON', NULL, 10, 22, 27),
(63824, 22.00, 'RON', NULL, 10, 27, 21),
(63825, 22.00, 'RON', NULL, 10, 21, 27),
(63826, 23.00, 'RON', NULL, 10, 27, 10),
(63827, 23.00, 'RON', NULL, 10, 10, 27),
(63828, 25.00, 'RON', NULL, 10, 27, 11),
(63829, 25.00, 'RON', NULL, 10, 11, 27),
(63830, 26.00, 'RON', NULL, 10, 27, 12),
(63831, 26.00, 'RON', NULL, 10, 12, 27),
(63832, 29.00, 'RON', NULL, 10, 27, 20),
(63833, 29.00, 'RON', NULL, 10, 20, 27),
(63834, 30.00, 'RON', NULL, 10, 27, 19),
(63835, 30.00, 'RON', NULL, 10, 19, 27),
(63836, 32.00, 'RON', NULL, 10, 27, 18),
(63837, 32.00, 'RON', NULL, 10, 18, 27),
(63838, 33.00, 'RON', NULL, 10, 27, 17),
(63839, 33.00, 'RON', NULL, 10, 17, 27),
(63840, 34.00, 'RON', NULL, 10, 27, 16),
(63841, 34.00, 'RON', NULL, 10, 16, 27),
(63842, 36.00, 'RON', NULL, 10, 27, 15),
(63843, 36.00, 'RON', NULL, 10, 15, 27),
(63844, 39.00, 'RON', NULL, 10, 27, 14),
(63845, 39.00, 'RON', NULL, 10, 14, 27),
(63846, 41.00, 'RON', NULL, 10, 27, 13),
(63847, 41.00, 'RON', NULL, 10, 13, 27),
(63848, 43.00, 'RON', NULL, 10, 27, 2),
(63849, 43.00, 'RON', NULL, 10, 2, 27),
(63850, 4.00, 'RON', NULL, 10, 26, 25),
(63851, 4.00, 'RON', NULL, 10, 25, 26),
(63852, 6.00, 'RON', NULL, 10, 26, 6),
(63853, 6.00, 'RON', NULL, 10, 6, 26),
(63854, 8.00, 'RON', NULL, 10, 26, 7),
(63855, 8.00, 'RON', NULL, 10, 7, 26),
(63856, 9.00, 'RON', NULL, 10, 26, 8),
(63857, 9.00, 'RON', NULL, 10, 8, 26),
(63858, 11.00, 'RON', NULL, 10, 26, 4),
(63859, 11.00, 'RON', NULL, 10, 4, 26),
(63860, 13.00, 'RON', NULL, 10, 26, 9),
(63861, 13.00, 'RON', NULL, 10, 9, 26),
(63862, 14.00, 'RON', NULL, 10, 26, 5),
(63863, 14.00, 'RON', NULL, 10, 5, 26),
(63864, 19.00, 'RON', NULL, 10, 26, 24),
(63865, 19.00, 'RON', NULL, 10, 24, 26),
(63866, 20.00, 'RON', NULL, 10, 26, 3),
(63867, 20.00, 'RON', NULL, 10, 3, 26),
(63868, 22.00, 'RON', NULL, 10, 26, 23),
(63869, 22.00, 'RON', NULL, 10, 23, 26),
(63870, 22.00, 'RON', NULL, 10, 26, 22),
(63871, 22.00, 'RON', NULL, 10, 22, 26),
(63872, 22.00, 'RON', NULL, 10, 26, 21),
(63873, 22.00, 'RON', NULL, 10, 21, 26),
(63874, 23.00, 'RON', NULL, 10, 26, 10),
(63875, 23.00, 'RON', NULL, 10, 10, 26),
(63876, 25.00, 'RON', NULL, 10, 26, 11),
(63877, 25.00, 'RON', NULL, 10, 11, 26),
(63878, 26.00, 'RON', NULL, 10, 26, 12),
(63879, 26.00, 'RON', NULL, 10, 12, 26),
(63880, 29.00, 'RON', NULL, 10, 26, 20),
(63881, 29.00, 'RON', NULL, 10, 20, 26),
(63882, 30.00, 'RON', NULL, 10, 26, 19),
(63883, 30.00, 'RON', NULL, 10, 19, 26),
(63884, 32.00, 'RON', NULL, 10, 26, 18),
(63885, 32.00, 'RON', NULL, 10, 18, 26),
(63886, 33.00, 'RON', NULL, 10, 26, 17),
(63887, 33.00, 'RON', NULL, 10, 17, 26),
(63888, 33.00, 'RON', NULL, 10, 26, 16),
(63889, 33.00, 'RON', NULL, 10, 16, 26),
(63890, 35.00, 'RON', NULL, 10, 26, 15),
(63891, 35.00, 'RON', NULL, 10, 15, 26),
(63892, 37.00, 'RON', NULL, 10, 26, 14),
(63893, 37.00, 'RON', NULL, 10, 14, 26),
(63894, 40.00, 'RON', NULL, 10, 26, 13),
(63895, 40.00, 'RON', NULL, 10, 13, 26),
(63896, 42.00, 'RON', NULL, 10, 26, 2),
(63897, 42.00, 'RON', NULL, 10, 2, 26),
(63898, 4.00, 'RON', NULL, 10, 25, 6),
(63899, 4.00, 'RON', NULL, 10, 6, 25),
(63900, 7.00, 'RON', NULL, 10, 25, 7),
(63901, 7.00, 'RON', NULL, 10, 7, 25),
(63902, 7.00, 'RON', NULL, 10, 25, 8),
(63903, 7.00, 'RON', NULL, 10, 8, 25),
(63904, 10.00, 'RON', NULL, 10, 25, 4),
(63905, 10.00, 'RON', NULL, 10, 4, 25),
(63906, 12.00, 'RON', NULL, 10, 25, 9),
(63907, 12.00, 'RON', NULL, 10, 9, 25),
(63908, 13.00, 'RON', NULL, 10, 25, 5),
(63909, 13.00, 'RON', NULL, 10, 5, 25),
(63910, 18.00, 'RON', NULL, 10, 25, 24),
(63911, 18.00, 'RON', NULL, 10, 24, 25),
(63912, 19.00, 'RON', NULL, 10, 25, 3),
(63913, 19.00, 'RON', NULL, 10, 3, 25),
(63914, 20.00, 'RON', NULL, 10, 25, 23),
(63915, 20.00, 'RON', NULL, 10, 23, 25),
(63916, 21.00, 'RON', NULL, 10, 25, 22),
(63917, 21.00, 'RON', NULL, 10, 22, 25),
(63918, 21.00, 'RON', NULL, 10, 25, 21),
(63919, 21.00, 'RON', NULL, 10, 21, 25),
(63920, 22.00, 'RON', NULL, 10, 25, 10),
(63921, 22.00, 'RON', NULL, 10, 10, 25),
(63922, 24.00, 'RON', NULL, 10, 25, 11),
(63923, 24.00, 'RON', NULL, 10, 11, 25),
(63924, 25.00, 'RON', NULL, 10, 25, 12),
(63925, 25.00, 'RON', NULL, 10, 12, 25),
(63926, 28.00, 'RON', NULL, 10, 25, 20),
(63927, 28.00, 'RON', NULL, 10, 20, 25),
(63928, 29.00, 'RON', NULL, 10, 25, 19),
(63929, 29.00, 'RON', NULL, 10, 19, 25),
(63930, 31.00, 'RON', NULL, 10, 25, 18),
(63931, 31.00, 'RON', NULL, 10, 18, 25),
(63932, 32.00, 'RON', NULL, 10, 25, 17),
(63933, 32.00, 'RON', NULL, 10, 17, 25),
(63934, 32.00, 'RON', NULL, 10, 25, 16),
(63935, 32.00, 'RON', NULL, 10, 16, 25),
(63936, 34.00, 'RON', NULL, 10, 25, 15),
(63937, 34.00, 'RON', NULL, 10, 15, 25),
(63938, 36.00, 'RON', NULL, 10, 25, 14),
(63939, 36.00, 'RON', NULL, 10, 14, 25),
(63940, 39.00, 'RON', NULL, 10, 25, 13),
(63941, 39.00, 'RON', NULL, 10, 13, 25),
(63942, 41.00, 'RON', NULL, 10, 25, 2),
(63943, 41.00, 'RON', NULL, 10, 2, 25),
(63944, 6.00, 'RON', NULL, 10, 6, 7),
(63945, 6.00, 'RON', NULL, 10, 7, 6),
(63946, 6.00, 'RON', NULL, 10, 6, 8),
(63947, 6.00, 'RON', NULL, 10, 8, 6),
(63948, 9.00, 'RON', NULL, 10, 6, 4),
(63949, 9.00, 'RON', NULL, 10, 4, 6),
(63950, 11.00, 'RON', NULL, 10, 6, 9),
(63951, 11.00, 'RON', NULL, 10, 9, 6),
(63952, 12.00, 'RON', NULL, 10, 6, 5),
(63953, 12.00, 'RON', NULL, 10, 5, 6),
(63954, 17.00, 'RON', NULL, 10, 6, 24),
(63955, 17.00, 'RON', NULL, 10, 24, 6),
(63956, 18.00, 'RON', NULL, 10, 6, 3),
(63957, 18.00, 'RON', NULL, 10, 3, 6),
(63958, 19.00, 'RON', NULL, 10, 6, 23),
(63959, 19.00, 'RON', NULL, 10, 23, 6),
(63960, 20.00, 'RON', NULL, 10, 6, 22),
(63961, 20.00, 'RON', NULL, 10, 22, 6),
(63962, 20.00, 'RON', NULL, 10, 6, 21),
(63963, 20.00, 'RON', NULL, 10, 21, 6),
(63964, 21.00, 'RON', NULL, 10, 6, 10),
(63965, 21.00, 'RON', NULL, 10, 10, 6),
(63966, 23.00, 'RON', NULL, 10, 6, 11),
(63967, 23.00, 'RON', NULL, 10, 11, 6),
(63968, 24.00, 'RON', NULL, 10, 6, 12),
(63969, 24.00, 'RON', NULL, 10, 12, 6),
(63970, 26.00, 'RON', NULL, 10, 6, 20),
(63971, 26.00, 'RON', NULL, 10, 20, 6),
(63972, 28.00, 'RON', NULL, 10, 6, 19),
(63973, 28.00, 'RON', NULL, 10, 19, 6),
(63974, 30.00, 'RON', NULL, 10, 6, 18),
(63975, 30.00, 'RON', NULL, 10, 18, 6),
(63976, 31.00, 'RON', NULL, 10, 6, 17),
(63977, 31.00, 'RON', NULL, 10, 17, 6),
(63978, 32.00, 'RON', NULL, 10, 6, 16),
(63979, 32.00, 'RON', NULL, 10, 16, 6),
(63980, 33.00, 'RON', NULL, 10, 6, 15),
(63981, 33.00, 'RON', NULL, 10, 15, 6),
(63982, 35.00, 'RON', NULL, 10, 6, 14),
(63983, 35.00, 'RON', NULL, 10, 14, 6),
(63984, 36.00, 'RON', NULL, 10, 6, 13),
(63985, 36.00, 'RON', NULL, 10, 13, 6),
(63986, 41.00, 'RON', NULL, 10, 6, 2),
(63987, 41.00, 'RON', NULL, 10, 2, 6),
(63988, 4.00, 'RON', NULL, 10, 7, 8),
(63989, 4.00, 'RON', NULL, 10, 8, 7),
(63990, 8.00, 'RON', NULL, 10, 7, 4),
(63991, 8.00, 'RON', NULL, 10, 4, 7),
(63992, 9.00, 'RON', NULL, 10, 7, 9),
(63993, 9.00, 'RON', NULL, 10, 9, 7),
(63994, 11.00, 'RON', NULL, 10, 7, 5),
(63995, 11.00, 'RON', NULL, 10, 5, 7),
(63996, 15.00, 'RON', NULL, 10, 7, 24),
(63997, 15.00, 'RON', NULL, 10, 24, 7),
(63998, 17.00, 'RON', NULL, 10, 7, 3),
(63999, 17.00, 'RON', NULL, 10, 3, 7),
(64000, 18.00, 'RON', NULL, 10, 7, 23),
(64001, 18.00, 'RON', NULL, 10, 23, 7),
(64002, 19.00, 'RON', NULL, 10, 7, 22),
(64003, 19.00, 'RON', NULL, 10, 22, 7),
(64004, 19.00, 'RON', NULL, 10, 7, 21),
(64005, 19.00, 'RON', NULL, 10, 21, 7),
(64006, 20.00, 'RON', NULL, 10, 7, 10),
(64007, 20.00, 'RON', NULL, 10, 10, 7),
(64008, 22.00, 'RON', NULL, 10, 7, 11),
(64009, 22.00, 'RON', NULL, 10, 11, 7),
(64010, 23.00, 'RON', NULL, 10, 7, 12),
(64011, 23.00, 'RON', NULL, 10, 12, 7),
(64012, 25.00, 'RON', NULL, 10, 7, 20),
(64013, 25.00, 'RON', NULL, 10, 20, 7),
(64014, 26.00, 'RON', NULL, 10, 7, 19),
(64015, 26.00, 'RON', NULL, 10, 19, 7),
(64016, 29.00, 'RON', NULL, 10, 7, 18),
(64017, 29.00, 'RON', NULL, 10, 18, 7),
(64018, 30.00, 'RON', NULL, 10, 7, 17),
(64019, 30.00, 'RON', NULL, 10, 17, 7),
(64020, 30.00, 'RON', NULL, 10, 7, 16),
(64021, 30.00, 'RON', NULL, 10, 16, 7),
(64022, 32.00, 'RON', NULL, 10, 7, 15),
(64023, 32.00, 'RON', NULL, 10, 15, 7),
(64024, 34.00, 'RON', NULL, 10, 7, 14),
(64025, 34.00, 'RON', NULL, 10, 14, 7),
(64026, 35.00, 'RON', NULL, 10, 7, 13),
(64027, 35.00, 'RON', NULL, 10, 13, 7),
(64028, 40.00, 'RON', NULL, 10, 7, 2),
(64029, 40.00, 'RON', NULL, 10, 2, 7),
(64030, 7.00, 'RON', NULL, 10, 8, 4),
(64031, 7.00, 'RON', NULL, 10, 4, 8),
(64032, 8.00, 'RON', NULL, 10, 8, 9),
(64033, 8.00, 'RON', NULL, 10, 9, 8),
(64034, 10.00, 'RON', NULL, 10, 8, 5),
(64035, 10.00, 'RON', NULL, 10, 5, 8),
(64036, 14.00, 'RON', NULL, 10, 8, 24),
(64037, 14.00, 'RON', NULL, 10, 24, 8),
(64038, 15.00, 'RON', NULL, 10, 8, 3),
(64039, 15.00, 'RON', NULL, 10, 3, 8),
(64040, 17.00, 'RON', NULL, 10, 8, 23),
(64041, 17.00, 'RON', NULL, 10, 23, 8),
(64042, 18.00, 'RON', NULL, 10, 8, 22),
(64043, 18.00, 'RON', NULL, 10, 22, 8),
(64044, 18.00, 'RON', NULL, 10, 8, 21),
(64045, 18.00, 'RON', NULL, 10, 21, 8),
(64046, 19.00, 'RON', NULL, 10, 8, 10),
(64047, 19.00, 'RON', NULL, 10, 10, 8),
(64048, 21.00, 'RON', NULL, 10, 8, 11),
(64049, 21.00, 'RON', NULL, 10, 11, 8),
(64050, 22.00, 'RON', NULL, 10, 8, 12),
(64051, 22.00, 'RON', NULL, 10, 12, 8),
(64052, 24.00, 'RON', NULL, 10, 8, 20),
(64053, 24.00, 'RON', NULL, 10, 20, 8),
(64054, 25.00, 'RON', NULL, 10, 8, 19),
(64055, 25.00, 'RON', NULL, 10, 19, 8),
(64056, 28.00, 'RON', NULL, 10, 8, 18),
(64057, 28.00, 'RON', NULL, 10, 18, 8),
(64058, 29.00, 'RON', NULL, 10, 8, 17),
(64059, 29.00, 'RON', NULL, 10, 17, 8),
(64060, 30.00, 'RON', NULL, 10, 8, 16),
(64061, 30.00, 'RON', NULL, 10, 16, 8),
(64062, 31.00, 'RON', NULL, 10, 8, 15),
(64063, 31.00, 'RON', NULL, 10, 15, 8),
(64064, 33.00, 'RON', NULL, 10, 8, 14),
(64065, 33.00, 'RON', NULL, 10, 14, 8),
(64066, 35.00, 'RON', NULL, 10, 8, 13),
(64067, 35.00, 'RON', NULL, 10, 13, 8),
(64068, 39.00, 'RON', NULL, 10, 8, 2),
(64069, 39.00, 'RON', NULL, 10, 2, 8),
(64070, 6.00, 'RON', NULL, 10, 4, 9),
(64071, 6.00, 'RON', NULL, 10, 9, 4),
(64072, 7.00, 'RON', NULL, 10, 4, 5),
(64073, 7.00, 'RON', NULL, 10, 5, 4),
(64074, 13.00, 'RON', NULL, 10, 4, 24),
(64075, 13.00, 'RON', NULL, 10, 24, 4),
(64076, 14.00, 'RON', NULL, 10, 4, 3),
(64077, 14.00, 'RON', NULL, 10, 3, 4),
(64078, 15.00, 'RON', NULL, 10, 4, 23),
(64079, 15.00, 'RON', NULL, 10, 23, 4),
(64080, 17.00, 'RON', NULL, 10, 4, 22),
(64081, 17.00, 'RON', NULL, 10, 22, 4),
(64082, 17.00, 'RON', NULL, 10, 4, 21),
(64083, 17.00, 'RON', NULL, 10, 21, 4),
(64084, 18.00, 'RON', NULL, 10, 4, 10),
(64085, 18.00, 'RON', NULL, 10, 10, 4),
(64086, 20.00, 'RON', NULL, 10, 4, 11),
(64087, 20.00, 'RON', NULL, 10, 11, 4),
(64088, 21.00, 'RON', NULL, 10, 4, 12),
(64089, 21.00, 'RON', NULL, 10, 12, 4),
(64090, 23.00, 'RON', NULL, 10, 4, 20),
(64091, 23.00, 'RON', NULL, 10, 20, 4),
(64092, 24.00, 'RON', NULL, 10, 4, 19),
(64093, 24.00, 'RON', NULL, 10, 19, 4),
(64094, 26.00, 'RON', NULL, 10, 4, 18),
(64095, 26.00, 'RON', NULL, 10, 18, 4),
(64096, 26.00, 'RON', NULL, 10, 4, 17),
(64097, 26.00, 'RON', NULL, 10, 17, 4),
(64098, 28.00, 'RON', NULL, 10, 4, 16),
(64099, 28.00, 'RON', NULL, 10, 16, 4),
(64100, 29.00, 'RON', NULL, 10, 4, 15),
(64101, 29.00, 'RON', NULL, 10, 15, 4),
(64102, 31.00, 'RON', NULL, 10, 4, 14),
(64103, 31.00, 'RON', NULL, 10, 14, 4),
(64104, 33.00, 'RON', NULL, 10, 4, 13),
(64105, 33.00, 'RON', NULL, 10, 13, 4),
(64106, 36.00, 'RON', NULL, 10, 4, 2),
(64107, 36.00, 'RON', NULL, 10, 2, 4),
(64108, 6.00, 'RON', NULL, 10, 9, 5),
(64109, 6.00, 'RON', NULL, 10, 5, 9),
(64110, 11.00, 'RON', NULL, 10, 9, 24),
(64111, 11.00, 'RON', NULL, 10, 24, 9),
(64112, 12.00, 'RON', NULL, 10, 9, 3),
(64113, 12.00, 'RON', NULL, 10, 3, 9),
(64114, 13.00, 'RON', NULL, 10, 9, 23),
(64115, 13.00, 'RON', NULL, 10, 23, 9),
(64116, 14.00, 'RON', NULL, 10, 9, 22),
(64117, 14.00, 'RON', NULL, 10, 22, 9),
(64118, 15.00, 'RON', NULL, 10, 9, 21),
(64119, 15.00, 'RON', NULL, 10, 21, 9),
(64120, 17.00, 'RON', NULL, 10, 9, 10),
(64121, 17.00, 'RON', NULL, 10, 10, 9),
(64122, 19.00, 'RON', NULL, 10, 9, 11),
(64123, 19.00, 'RON', NULL, 10, 11, 9),
(64124, 20.00, 'RON', NULL, 10, 9, 12),
(64125, 20.00, 'RON', NULL, 10, 12, 9),
(64126, 22.00, 'RON', NULL, 10, 9, 20),
(64127, 22.00, 'RON', NULL, 10, 20, 9),
(64128, 24.00, 'RON', NULL, 10, 9, 19),
(64129, 24.00, 'RON', NULL, 10, 19, 9),
(64130, 25.00, 'RON', NULL, 10, 9, 18),
(64131, 25.00, 'RON', NULL, 10, 18, 9),
(64132, 25.00, 'RON', NULL, 10, 9, 17),
(64133, 25.00, 'RON', NULL, 10, 17, 9),
(64134, 26.00, 'RON', NULL, 10, 9, 16),
(64135, 26.00, 'RON', NULL, 10, 16, 9),
(64136, 28.00, 'RON', NULL, 10, 9, 15),
(64137, 28.00, 'RON', NULL, 10, 15, 9);
INSERT INTO `price_list_items` (`id`, `price`, `currency`, `price_return`, `price_list_id`, `from_station_id`, `to_station_id`) VALUES
(64138, 30.00, 'RON', NULL, 10, 9, 14),
(64139, 30.00, 'RON', NULL, 10, 14, 9),
(64140, 32.00, 'RON', NULL, 10, 9, 13),
(64141, 32.00, 'RON', NULL, 10, 13, 9),
(64142, 35.00, 'RON', NULL, 10, 9, 2),
(64143, 35.00, 'RON', NULL, 10, 2, 9),
(64144, 8.00, 'RON', NULL, 10, 5, 24),
(64145, 8.00, 'RON', NULL, 10, 24, 5),
(64146, 11.00, 'RON', NULL, 10, 5, 3),
(64147, 11.00, 'RON', NULL, 10, 3, 5),
(64148, 12.00, 'RON', NULL, 10, 5, 23),
(64149, 12.00, 'RON', NULL, 10, 23, 5),
(64150, 13.00, 'RON', NULL, 10, 5, 22),
(64151, 13.00, 'RON', NULL, 10, 22, 5),
(64152, 14.00, 'RON', NULL, 10, 5, 21),
(64153, 14.00, 'RON', NULL, 10, 21, 5),
(64154, 15.00, 'RON', NULL, 10, 5, 10),
(64155, 15.00, 'RON', NULL, 10, 10, 5),
(64156, 18.00, 'RON', NULL, 10, 5, 11),
(64157, 18.00, 'RON', NULL, 10, 11, 5),
(64158, 19.00, 'RON', NULL, 10, 5, 12),
(64159, 19.00, 'RON', NULL, 10, 12, 5),
(64160, 20.00, 'RON', NULL, 10, 5, 20),
(64161, 20.00, 'RON', NULL, 10, 20, 5),
(64162, 21.00, 'RON', NULL, 10, 5, 19),
(64163, 21.00, 'RON', NULL, 10, 19, 5),
(64164, 22.00, 'RON', NULL, 10, 5, 18),
(64165, 22.00, 'RON', NULL, 10, 18, 5),
(64166, 24.00, 'RON', NULL, 10, 5, 17),
(64167, 24.00, 'RON', NULL, 10, 17, 5),
(64168, 25.00, 'RON', NULL, 10, 5, 16),
(64169, 25.00, 'RON', NULL, 10, 16, 5),
(64170, 26.00, 'RON', NULL, 10, 5, 15),
(64171, 26.00, 'RON', NULL, 10, 15, 5),
(64172, 29.00, 'RON', NULL, 10, 5, 14),
(64173, 29.00, 'RON', NULL, 10, 14, 5),
(64174, 30.00, 'RON', NULL, 10, 5, 13),
(64175, 30.00, 'RON', NULL, 10, 13, 5),
(64176, 32.00, 'RON', NULL, 10, 5, 2),
(64177, 32.00, 'RON', NULL, 10, 2, 5),
(64178, 4.00, 'RON', NULL, 10, 24, 3),
(64179, 4.00, 'RON', NULL, 10, 3, 24),
(64180, 6.00, 'RON', NULL, 10, 24, 23),
(64181, 6.00, 'RON', NULL, 10, 23, 24),
(64182, 10.00, 'RON', NULL, 10, 24, 22),
(64183, 10.00, 'RON', NULL, 10, 22, 24),
(64184, 11.00, 'RON', NULL, 10, 24, 21),
(64185, 11.00, 'RON', NULL, 10, 21, 24),
(64186, 12.00, 'RON', NULL, 10, 24, 10),
(64187, 12.00, 'RON', NULL, 10, 10, 24),
(64188, 13.00, 'RON', NULL, 10, 24, 11),
(64189, 13.00, 'RON', NULL, 10, 11, 24),
(64190, 15.00, 'RON', NULL, 10, 24, 12),
(64191, 15.00, 'RON', NULL, 10, 12, 24),
(64192, 17.00, 'RON', NULL, 10, 24, 20),
(64193, 17.00, 'RON', NULL, 10, 20, 24),
(64194, 18.00, 'RON', NULL, 10, 24, 19),
(64195, 18.00, 'RON', NULL, 10, 19, 24),
(64196, 21.00, 'RON', NULL, 10, 24, 18),
(64197, 21.00, 'RON', NULL, 10, 18, 24),
(64198, 22.00, 'RON', NULL, 10, 24, 17),
(64199, 22.00, 'RON', NULL, 10, 17, 24),
(64200, 24.00, 'RON', NULL, 10, 24, 16),
(64201, 24.00, 'RON', NULL, 10, 16, 24),
(64202, 25.00, 'RON', NULL, 10, 24, 15),
(64203, 25.00, 'RON', NULL, 10, 15, 24),
(64204, 26.00, 'RON', NULL, 10, 24, 14),
(64205, 26.00, 'RON', NULL, 10, 14, 24),
(64206, 28.00, 'RON', NULL, 10, 24, 13),
(64207, 28.00, 'RON', NULL, 10, 13, 24),
(64208, 29.00, 'RON', NULL, 10, 24, 2),
(64209, 29.00, 'RON', NULL, 10, 2, 24),
(64210, 4.00, 'RON', NULL, 10, 3, 23),
(64211, 4.00, 'RON', NULL, 10, 23, 3),
(64212, 8.00, 'RON', NULL, 10, 3, 22),
(64213, 8.00, 'RON', NULL, 10, 22, 3),
(64214, 9.00, 'RON', NULL, 10, 3, 21),
(64215, 9.00, 'RON', NULL, 10, 21, 3),
(64216, 11.00, 'RON', NULL, 10, 3, 10),
(64217, 11.00, 'RON', NULL, 10, 10, 3),
(64218, 11.00, 'RON', NULL, 10, 3, 11),
(64219, 11.00, 'RON', NULL, 10, 11, 3),
(64220, 13.00, 'RON', NULL, 10, 3, 12),
(64221, 13.00, 'RON', NULL, 10, 12, 3),
(64222, 17.00, 'RON', NULL, 10, 3, 20),
(64223, 17.00, 'RON', NULL, 10, 20, 3),
(64224, 17.00, 'RON', NULL, 10, 3, 19),
(64225, 17.00, 'RON', NULL, 10, 19, 3),
(64226, 20.00, 'RON', NULL, 10, 3, 18),
(64227, 20.00, 'RON', NULL, 10, 18, 3),
(64228, 21.00, 'RON', NULL, 10, 3, 17),
(64229, 21.00, 'RON', NULL, 10, 17, 3),
(64230, 22.00, 'RON', NULL, 10, 3, 16),
(64231, 22.00, 'RON', NULL, 10, 16, 3),
(64232, 24.00, 'RON', NULL, 10, 3, 15),
(64233, 24.00, 'RON', NULL, 10, 15, 3),
(64234, 24.00, 'RON', NULL, 10, 3, 14),
(64235, 24.00, 'RON', NULL, 10, 14, 3),
(64236, 25.00, 'RON', NULL, 10, 3, 13),
(64237, 25.00, 'RON', NULL, 10, 13, 3),
(64238, 28.00, 'RON', NULL, 10, 3, 2),
(64239, 28.00, 'RON', NULL, 10, 2, 3),
(64240, 6.00, 'RON', NULL, 10, 23, 22),
(64241, 6.00, 'RON', NULL, 10, 22, 23),
(64242, 7.00, 'RON', NULL, 10, 23, 21),
(64243, 7.00, 'RON', NULL, 10, 21, 23),
(64244, 10.00, 'RON', NULL, 10, 23, 10),
(64245, 10.00, 'RON', NULL, 10, 10, 23),
(64246, 10.00, 'RON', NULL, 10, 23, 11),
(64247, 10.00, 'RON', NULL, 10, 11, 23),
(64248, 12.00, 'RON', NULL, 10, 23, 12),
(64249, 12.00, 'RON', NULL, 10, 12, 23),
(64250, 15.00, 'RON', NULL, 10, 23, 20),
(64251, 15.00, 'RON', NULL, 10, 20, 23),
(64252, 15.00, 'RON', NULL, 10, 23, 19),
(64253, 15.00, 'RON', NULL, 10, 19, 23),
(64254, 19.00, 'RON', NULL, 10, 23, 18),
(64255, 19.00, 'RON', NULL, 10, 18, 23),
(64256, 20.00, 'RON', NULL, 10, 23, 17),
(64257, 20.00, 'RON', NULL, 10, 17, 23),
(64258, 21.00, 'RON', NULL, 10, 23, 16),
(64259, 21.00, 'RON', NULL, 10, 16, 23),
(64260, 22.00, 'RON', NULL, 10, 23, 15),
(64261, 22.00, 'RON', NULL, 10, 15, 23),
(64262, 23.00, 'RON', NULL, 10, 23, 14),
(64263, 23.00, 'RON', NULL, 10, 14, 23),
(64264, 24.00, 'RON', NULL, 10, 23, 13),
(64265, 24.00, 'RON', NULL, 10, 13, 23),
(64266, 25.00, 'RON', NULL, 10, 23, 2),
(64267, 25.00, 'RON', NULL, 10, 2, 23),
(64268, 6.00, 'RON', NULL, 10, 22, 21),
(64269, 6.00, 'RON', NULL, 10, 21, 22),
(64270, 7.00, 'RON', NULL, 10, 22, 10),
(64271, 7.00, 'RON', NULL, 10, 10, 22),
(64272, 8.00, 'RON', NULL, 10, 22, 11),
(64273, 8.00, 'RON', NULL, 10, 11, 22),
(64274, 10.00, 'RON', NULL, 10, 22, 12),
(64275, 10.00, 'RON', NULL, 10, 12, 22),
(64276, 13.00, 'RON', NULL, 10, 22, 20),
(64277, 13.00, 'RON', NULL, 10, 20, 22),
(64278, 14.00, 'RON', NULL, 10, 22, 19),
(64279, 14.00, 'RON', NULL, 10, 19, 22),
(64280, 18.00, 'RON', NULL, 10, 22, 18),
(64281, 18.00, 'RON', NULL, 10, 18, 22),
(64282, 19.00, 'RON', NULL, 10, 22, 17),
(64283, 19.00, 'RON', NULL, 10, 17, 22),
(64284, 20.00, 'RON', NULL, 10, 22, 16),
(64285, 20.00, 'RON', NULL, 10, 16, 22),
(64286, 21.00, 'RON', NULL, 10, 22, 15),
(64287, 21.00, 'RON', NULL, 10, 15, 22),
(64288, 22.00, 'RON', NULL, 10, 22, 14),
(64289, 22.00, 'RON', NULL, 10, 14, 22),
(64290, 23.00, 'RON', NULL, 10, 22, 13),
(64291, 23.00, 'RON', NULL, 10, 13, 22),
(64292, 24.00, 'RON', NULL, 10, 22, 2),
(64293, 24.00, 'RON', NULL, 10, 2, 22),
(64294, 6.00, 'RON', NULL, 10, 21, 10),
(64295, 6.00, 'RON', NULL, 10, 10, 21),
(64296, 7.00, 'RON', NULL, 10, 21, 11),
(64297, 7.00, 'RON', NULL, 10, 11, 21),
(64298, 10.00, 'RON', NULL, 10, 21, 12),
(64299, 10.00, 'RON', NULL, 10, 12, 21),
(64300, 12.00, 'RON', NULL, 10, 21, 20),
(64301, 12.00, 'RON', NULL, 10, 20, 21),
(64302, 13.00, 'RON', NULL, 10, 21, 19),
(64303, 13.00, 'RON', NULL, 10, 19, 21),
(64304, 17.00, 'RON', NULL, 10, 21, 18),
(64305, 17.00, 'RON', NULL, 10, 18, 21),
(64306, 18.00, 'RON', NULL, 10, 21, 17),
(64307, 18.00, 'RON', NULL, 10, 17, 21),
(64308, 19.00, 'RON', NULL, 10, 21, 16),
(64309, 19.00, 'RON', NULL, 10, 16, 21),
(64310, 20.00, 'RON', NULL, 10, 21, 15),
(64311, 20.00, 'RON', NULL, 10, 15, 21),
(64312, 21.00, 'RON', NULL, 10, 21, 14),
(64313, 21.00, 'RON', NULL, 10, 14, 21),
(64314, 22.00, 'RON', NULL, 10, 21, 13),
(64315, 22.00, 'RON', NULL, 10, 13, 21),
(64316, 24.00, 'RON', NULL, 10, 21, 2),
(64317, 24.00, 'RON', NULL, 10, 2, 21),
(64318, 6.00, 'RON', NULL, 10, 10, 11),
(64319, 6.00, 'RON', NULL, 10, 11, 10),
(64320, 8.00, 'RON', NULL, 10, 10, 12),
(64321, 8.00, 'RON', NULL, 10, 12, 10),
(64322, 11.00, 'RON', NULL, 10, 10, 20),
(64323, 11.00, 'RON', NULL, 10, 20, 10),
(64324, 12.00, 'RON', NULL, 10, 10, 19),
(64325, 12.00, 'RON', NULL, 10, 19, 10),
(64326, 15.00, 'RON', NULL, 10, 10, 18),
(64327, 15.00, 'RON', NULL, 10, 18, 10),
(64328, 17.00, 'RON', NULL, 10, 10, 17),
(64329, 17.00, 'RON', NULL, 10, 17, 10),
(64330, 18.00, 'RON', NULL, 10, 10, 16),
(64331, 18.00, 'RON', NULL, 10, 16, 10),
(64332, 19.00, 'RON', NULL, 10, 10, 15),
(64333, 19.00, 'RON', NULL, 10, 15, 10),
(64334, 20.00, 'RON', NULL, 10, 10, 14),
(64335, 20.00, 'RON', NULL, 10, 14, 10),
(64336, 22.00, 'RON', NULL, 10, 10, 13),
(64337, 22.00, 'RON', NULL, 10, 13, 10),
(64338, 23.00, 'RON', NULL, 10, 10, 2),
(64339, 23.00, 'RON', NULL, 10, 2, 10),
(64340, 6.00, 'RON', NULL, 10, 11, 12),
(64341, 6.00, 'RON', NULL, 10, 12, 11),
(64342, 7.00, 'RON', NULL, 10, 11, 20),
(64343, 7.00, 'RON', NULL, 10, 20, 11),
(64344, 9.00, 'RON', NULL, 10, 11, 19),
(64345, 9.00, 'RON', NULL, 10, 19, 11),
(64346, 12.00, 'RON', NULL, 10, 11, 18),
(64347, 12.00, 'RON', NULL, 10, 18, 11),
(64348, 14.00, 'RON', NULL, 10, 11, 17),
(64349, 14.00, 'RON', NULL, 10, 17, 11),
(64350, 15.00, 'RON', NULL, 10, 11, 16),
(64351, 15.00, 'RON', NULL, 10, 16, 11),
(64352, 17.00, 'RON', NULL, 10, 11, 15),
(64353, 17.00, 'RON', NULL, 10, 15, 11),
(64354, 18.00, 'RON', NULL, 10, 11, 14),
(64355, 18.00, 'RON', NULL, 10, 14, 11),
(64356, 19.00, 'RON', NULL, 10, 11, 13),
(64357, 19.00, 'RON', NULL, 10, 13, 11),
(64358, 21.00, 'RON', NULL, 10, 11, 2),
(64359, 21.00, 'RON', NULL, 10, 2, 11),
(64360, 6.00, 'RON', NULL, 10, 12, 20),
(64361, 6.00, 'RON', NULL, 10, 20, 12),
(64362, 8.00, 'RON', NULL, 10, 12, 19),
(64363, 8.00, 'RON', NULL, 10, 19, 12),
(64364, 10.00, 'RON', NULL, 10, 12, 18),
(64365, 10.00, 'RON', NULL, 10, 18, 12),
(64366, 11.00, 'RON', NULL, 10, 12, 17),
(64367, 11.00, 'RON', NULL, 10, 17, 12),
(64368, 13.00, 'RON', NULL, 10, 12, 16),
(64369, 13.00, 'RON', NULL, 10, 16, 12),
(64370, 14.00, 'RON', NULL, 10, 12, 15),
(64371, 14.00, 'RON', NULL, 10, 15, 12),
(64372, 15.00, 'RON', NULL, 10, 12, 14),
(64373, 15.00, 'RON', NULL, 10, 14, 12),
(64374, 17.00, 'RON', NULL, 10, 12, 13),
(64375, 17.00, 'RON', NULL, 10, 13, 12),
(64376, 19.00, 'RON', NULL, 10, 12, 2),
(64377, 19.00, 'RON', NULL, 10, 2, 12),
(64378, 4.00, 'RON', NULL, 10, 20, 19),
(64379, 4.00, 'RON', NULL, 10, 19, 20),
(64380, 8.00, 'RON', NULL, 10, 20, 18),
(64381, 8.00, 'RON', NULL, 10, 18, 20),
(64382, 9.00, 'RON', NULL, 10, 20, 17),
(64383, 9.00, 'RON', NULL, 10, 17, 20),
(64384, 11.00, 'RON', NULL, 10, 20, 16),
(64385, 11.00, 'RON', NULL, 10, 16, 20),
(64386, 12.00, 'RON', NULL, 10, 20, 15),
(64387, 12.00, 'RON', NULL, 10, 15, 20),
(64388, 13.00, 'RON', NULL, 10, 20, 14),
(64389, 13.00, 'RON', NULL, 10, 14, 20),
(64390, 15.00, 'RON', NULL, 10, 20, 13),
(64391, 15.00, 'RON', NULL, 10, 13, 20),
(64392, 17.00, 'RON', NULL, 10, 20, 2),
(64393, 17.00, 'RON', NULL, 10, 2, 20),
(64394, 7.00, 'RON', NULL, 10, 19, 18),
(64395, 7.00, 'RON', NULL, 10, 18, 19),
(64396, 8.00, 'RON', NULL, 10, 19, 17),
(64397, 8.00, 'RON', NULL, 10, 17, 19),
(64398, 10.00, 'RON', NULL, 10, 19, 16),
(64399, 10.00, 'RON', NULL, 10, 16, 19),
(64400, 11.00, 'RON', NULL, 10, 19, 15),
(64401, 11.00, 'RON', NULL, 10, 15, 19),
(64402, 12.00, 'RON', NULL, 10, 19, 14),
(64403, 12.00, 'RON', NULL, 10, 14, 19),
(64404, 14.00, 'RON', NULL, 10, 19, 13),
(64405, 14.00, 'RON', NULL, 10, 13, 19),
(64406, 15.00, 'RON', NULL, 10, 19, 2),
(64407, 15.00, 'RON', NULL, 10, 2, 19),
(64408, 6.00, 'RON', NULL, 10, 18, 17),
(64409, 6.00, 'RON', NULL, 10, 17, 18),
(64410, 8.00, 'RON', NULL, 10, 18, 16),
(64411, 8.00, 'RON', NULL, 10, 16, 18),
(64412, 10.00, 'RON', NULL, 10, 18, 15),
(64413, 10.00, 'RON', NULL, 10, 15, 18),
(64414, 11.00, 'RON', NULL, 10, 18, 14),
(64415, 11.00, 'RON', NULL, 10, 14, 18),
(64416, 13.00, 'RON', NULL, 10, 18, 13),
(64417, 13.00, 'RON', NULL, 10, 13, 18),
(64418, 14.00, 'RON', NULL, 10, 18, 2),
(64419, 14.00, 'RON', NULL, 10, 2, 18),
(64420, 6.00, 'RON', NULL, 10, 17, 16),
(64421, 6.00, 'RON', NULL, 10, 16, 17),
(64422, 8.00, 'RON', NULL, 10, 17, 15),
(64423, 8.00, 'RON', NULL, 10, 15, 17),
(64424, 9.00, 'RON', NULL, 10, 17, 14),
(64425, 9.00, 'RON', NULL, 10, 14, 17),
(64426, 12.00, 'RON', NULL, 10, 17, 13),
(64427, 12.00, 'RON', NULL, 10, 13, 17),
(64428, 14.00, 'RON', NULL, 10, 17, 2),
(64429, 14.00, 'RON', NULL, 10, 2, 17),
(64430, 7.00, 'RON', NULL, 10, 16, 15),
(64431, 7.00, 'RON', NULL, 10, 15, 16),
(64432, 8.00, 'RON', NULL, 10, 16, 14),
(64433, 8.00, 'RON', NULL, 10, 14, 16),
(64434, 11.00, 'RON', NULL, 10, 16, 13),
(64435, 11.00, 'RON', NULL, 10, 13, 16),
(64436, 13.00, 'RON', NULL, 10, 16, 2),
(64437, 13.00, 'RON', NULL, 10, 2, 16),
(64438, 6.00, 'RON', NULL, 10, 15, 14),
(64439, 6.00, 'RON', NULL, 10, 14, 15),
(64440, 9.00, 'RON', NULL, 10, 15, 13),
(64441, 9.00, 'RON', NULL, 10, 13, 15),
(64442, 12.00, 'RON', NULL, 10, 15, 2),
(64443, 12.00, 'RON', NULL, 10, 2, 15),
(64444, 7.00, 'RON', NULL, 10, 14, 13),
(64445, 7.00, 'RON', NULL, 10, 13, 14),
(64446, 11.00, 'RON', NULL, 10, 14, 2),
(64447, 11.00, 'RON', NULL, 10, 2, 14),
(64448, 9.00, 'RON', NULL, 10, 13, 2),
(64449, 9.00, 'RON', NULL, 10, 2, 13);

-- --------------------------------------------------------

--
-- Table structure for table `pricing_categories`
--

CREATE TABLE `pricing_categories` (
  `id` int(11) NOT NULL,
  `name` varchar(100) NOT NULL,
  `description` text DEFAULT NULL,
  `active` tinyint(1) NOT NULL DEFAULT 1
) ENGINE=InnoDB DEFAULT CHARSET=utf8mb4 COLLATE=utf8mb4_general_ci;

--
-- Dumping data for table `pricing_categories`
--

INSERT INTO `pricing_categories` (`id`, `name`, `description`, `active`) VALUES
(1, 'Normal', 'Preț standard pentru bilete individuale', 1),
(2, 'Online', 'Preț standard pentru bilete online', 1),
(3, 'Student', 'Preț standard pentru studenți', 1);

-- --------------------------------------------------------

--
-- Table structure for table `promo_codes`
--

CREATE TABLE `promo_codes` (
  `id` int(11) NOT NULL,
  `code` varchar(50) NOT NULL,
  `label` text NOT NULL,
  `type` enum('percent','fixed') NOT NULL,
  `value_off` decimal(7,2) NOT NULL,
  `valid_from` datetime DEFAULT NULL,
  `valid_to` datetime DEFAULT NULL,
  `active` tinyint(1) NOT NULL DEFAULT 1,
  `channels` set('online','agent') NOT NULL DEFAULT 'online',
  `min_price` decimal(10,2) DEFAULT NULL,
  `max_discount` decimal(10,2) DEFAULT NULL,
  `max_total_uses` int(11) DEFAULT NULL,
  `max_uses_per_person` int(11) DEFAULT NULL,
  `combinable` tinyint(1) NOT NULL DEFAULT 0,
  `created_by` int(11) DEFAULT NULL,
  `created_at` datetime NOT NULL DEFAULT current_timestamp()
) ENGINE=InnoDB DEFAULT CHARSET=utf8mb4 COLLATE=utf8mb4_general_ci;

-- --------------------------------------------------------

--
-- Table structure for table `promo_code_hours`
--

CREATE TABLE `promo_code_hours` (
  `promo_code_id` int(11) NOT NULL,
  `start_time` time NOT NULL,
  `end_time` time NOT NULL
) ENGINE=InnoDB DEFAULT CHARSET=utf8mb4 COLLATE=utf8mb4_general_ci;

-- --------------------------------------------------------

--
-- Table structure for table `promo_code_routes`
--

CREATE TABLE `promo_code_routes` (
  `promo_code_id` int(11) NOT NULL,
  `route_id` int(11) NOT NULL
) ENGINE=InnoDB DEFAULT CHARSET=utf8mb4 COLLATE=utf8mb4_general_ci;

-- --------------------------------------------------------

--
-- Table structure for table `promo_code_schedules`
--

CREATE TABLE `promo_code_schedules` (
  `promo_code_id` int(11) NOT NULL,
  `route_schedule_id` int(11) NOT NULL
) ENGINE=InnoDB DEFAULT CHARSET=utf8mb4 COLLATE=utf8mb4_general_ci;

-- --------------------------------------------------------

--
-- Table structure for table `promo_code_usages`
--

CREATE TABLE `promo_code_usages` (
  `id` int(11) NOT NULL,
  `promo_code_id` int(11) NOT NULL,
  `reservation_id` int(11) DEFAULT NULL,
  `phone` varchar(30) DEFAULT NULL,
  `used_at` datetime NOT NULL DEFAULT current_timestamp(),
  `discount_amount` decimal(10,2) NOT NULL
) ENGINE=InnoDB DEFAULT CHARSET=utf8mb4 COLLATE=utf8mb4_general_ci;

-- --------------------------------------------------------

--
-- Table structure for table `promo_code_weekdays`
--

CREATE TABLE `promo_code_weekdays` (
  `promo_code_id` int(11) NOT NULL,
  `weekday` tinyint(1) NOT NULL
) ENGINE=InnoDB DEFAULT CHARSET=utf8mb3 COLLATE=utf8mb3_general_ci;

-- --------------------------------------------------------

--
-- Table structure for table `public_users`
--

CREATE TABLE `public_users` (
  `id` bigint(20) UNSIGNED NOT NULL,
  `email` varchar(255) NOT NULL,
  `email_normalized` varchar(255) NOT NULL,
  `password_hash` varchar(255) DEFAULT NULL,
  `name` varchar(255) DEFAULT NULL,
  `phone` varchar(32) DEFAULT NULL,
  `phone_normalized` varchar(32) DEFAULT NULL,
  `email_verified_at` datetime DEFAULT NULL,
  `phone_verified_at` datetime DEFAULT NULL,
  `google_sub` varchar(191) DEFAULT NULL,
  `apple_sub` varchar(191) DEFAULT NULL,
  `last_login_at` datetime DEFAULT NULL,
  `created_at` datetime NOT NULL DEFAULT current_timestamp(),
  `updated_at` datetime NOT NULL DEFAULT current_timestamp() ON UPDATE current_timestamp()
) ENGINE=InnoDB DEFAULT CHARSET=utf8mb4 COLLATE=utf8mb4_unicode_ci;

--
-- Dumping data for table `public_users`
--

INSERT INTO `public_users` (`id`, `email`, `email_normalized`, `password_hash`, `name`, `phone`, `phone_normalized`, `email_verified_at`, `phone_verified_at`, `google_sub`, `apple_sub`, `last_login_at`, `created_at`, `updated_at`) VALUES
(3, 'madafaka_mw@yahoo.com', 'madafaka_mw@yahoo.com', '$2a$12$oGafxR7esgFj2c61SEHMJOjM5ZHDjgwJ39lsNTek/6KUZr4Yku.uS', 'Rosu Iulian', '0743171315', '0743171315', '2025-11-11 12:36:13', NULL, NULL, NULL, '2025-11-11 12:36:13', '2025-11-11 12:36:03', '2025-11-11 12:36:13');

-- --------------------------------------------------------

--
-- Table structure for table `public_user_email_verifications`
--

CREATE TABLE `public_user_email_verifications` (
  `id` bigint(20) UNSIGNED NOT NULL,
  `user_id` bigint(20) UNSIGNED NOT NULL,
  `token_hash` char(64) NOT NULL,
  `expires_at` datetime NOT NULL,
  `consumed_at` datetime DEFAULT NULL,
  `created_at` datetime NOT NULL DEFAULT current_timestamp(),
  `updated_at` datetime NOT NULL DEFAULT current_timestamp() ON UPDATE current_timestamp()
) ENGINE=InnoDB DEFAULT CHARSET=utf8mb4 COLLATE=utf8mb4_unicode_ci;

--
-- Dumping data for table `public_user_email_verifications`
--

INSERT INTO `public_user_email_verifications` (`id`, `user_id`, `token_hash`, `expires_at`, `consumed_at`, `created_at`, `updated_at`) VALUES
(2, 3, '6e33311c7bb423a6a77adfbd3750e167c434a7a103a488fa14492a1dee022448', '2025-11-13 12:36:03', '2025-11-11 12:36:13', '2025-11-11 12:36:03', '2025-11-11 12:36:13');

-- --------------------------------------------------------

--
-- Table structure for table `public_user_phone_links`
--

CREATE TABLE `public_user_phone_links` (
  `id` bigint(20) UNSIGNED NOT NULL,
  `user_id` bigint(20) UNSIGNED NOT NULL,
  `person_id` int(11) DEFAULT NULL,
  `phone` varchar(32) NOT NULL,
  `normalized_phone` varchar(32) NOT NULL,
  `status` enum('pending','verified','expired','failed','cancelled') NOT NULL DEFAULT 'pending',
  `channel` enum('sms','whatsapp') NOT NULL DEFAULT 'sms',
  `verification_code_hash` char(64) NOT NULL,
  `request_token` char(36) NOT NULL,
  `attempt_count` int(11) NOT NULL DEFAULT 0,
  `expires_at` datetime NOT NULL,
  `verified_at` datetime DEFAULT NULL,
  `created_at` datetime NOT NULL DEFAULT current_timestamp(),
  `updated_at` datetime NOT NULL DEFAULT current_timestamp() ON UPDATE current_timestamp()
) ENGINE=InnoDB DEFAULT CHARSET=utf8mb4 COLLATE=utf8mb4_unicode_ci;

-- --------------------------------------------------------

--
-- Table structure for table `public_user_sessions`
--

CREATE TABLE `public_user_sessions` (
  `id` bigint(20) UNSIGNED NOT NULL,
  `user_id` bigint(20) UNSIGNED NOT NULL,
  `token_hash` char(64) NOT NULL,
  `user_agent` varchar(255) DEFAULT NULL,
  `ip_address` varchar(64) DEFAULT NULL,
  `created_at` datetime NOT NULL DEFAULT current_timestamp(),
  `expires_at` datetime NOT NULL,
  `revoked_at` datetime DEFAULT NULL,
  `rotated_from` char(64) DEFAULT NULL,
  `persistent` tinyint(1) NOT NULL DEFAULT 0
) ENGINE=InnoDB DEFAULT CHARSET=utf8mb4 COLLATE=utf8mb4_unicode_ci;

--
-- Dumping data for table `public_user_sessions`
--

INSERT INTO `public_user_sessions` (`id`, `user_id`, `token_hash`, `user_agent`, `ip_address`, `created_at`, `expires_at`, `revoked_at`, `rotated_from`, `persistent`) VALUES
(3, 3, 'e36dbbe70fb30b0a600f72c365ebdd63b5c0cebf8ef80589369f801cab52df51', 'Mozilla/5.0 (Windows NT 10.0; Win64; x64) AppleWebKit/537.36 (KHTML, like Gecko) Chrome/142.0.0.0 Safari/537.36 Edg/142.0.0.0', '82.77.242.74', '2025-11-11 12:36:13', '2025-12-11 12:36:13', NULL, NULL, 0);

-- --------------------------------------------------------

--
-- Table structure for table `reservations`
--

CREATE TABLE `reservations` (
  `id` int(11) NOT NULL,
  `trip_id` int(11) DEFAULT NULL,
  `seat_id` int(11) DEFAULT NULL,
  `person_id` int(11) DEFAULT NULL,
  `reservation_time` timestamp NULL DEFAULT current_timestamp(),
  `status` enum('active','cancelled') NOT NULL DEFAULT 'active',
  `observations` text DEFAULT NULL,
  `created_by` int(11) DEFAULT NULL,
  `board_station_id` int(11) NOT NULL,
  `exit_station_id` int(11) NOT NULL,
  `version` int(11) NOT NULL DEFAULT 0
) ENGINE=InnoDB DEFAULT CHARSET=utf8mb4 COLLATE=utf8mb4_unicode_ci;

--
-- Dumping data for table `reservations`
--

INSERT INTO `reservations` (`id`, `trip_id`, `seat_id`, `person_id`, `reservation_time`, `status`, `observations`, `created_by`, `board_station_id`, `exit_station_id`, `version`) VALUES
(17, 730, 25, 7, '2025-11-07 07:54:16', 'active', NULL, 1, 1, 2, 0),
(18, 730, 26, 7, '2025-11-07 08:44:48', 'active', NULL, 1, 1, 2, 0),
(19, 730, 27, 8, '2025-11-07 08:44:55', 'active', NULL, 1, 1, 2, 0),
(20, 730, 28, 7, '2025-11-07 09:12:23', 'active', NULL, 1, 1, 2, 0),
(21, 730, 29, 7, '2025-11-07 09:22:08', 'active', NULL, 1, 1, 2, 0),
(22, 730, 30, 9, '2025-11-07 09:26:53', 'active', NULL, 1, 1, 2, 0),
(23, 730, 31, 7, '2025-11-07 09:36:41', 'active', NULL, 1, 1, 2, 0),
(24, 730, 32, 7, '2025-11-07 09:57:29', 'active', NULL, 1, 1, 2, 0),
(25, 731, 3, 7, '2025-11-07 09:59:44', 'active', NULL, 1, 1, 2, 0),
(26, 731, 4, 10, '2025-11-07 10:00:04', 'active', NULL, 1, 1, 2, 0),
(27, 731, 6, 8, '2025-11-07 10:31:24', 'active', NULL, 1, 1, 2, 0),
(28, 730, 33, 7, '2025-11-07 14:36:37', 'active', NULL, 1, 1, 2, 0),
(29, 731, 5, 7, '2025-11-07 14:37:20', 'active', NULL, 1, 1, 2, 0),
(30, 731, 7, 7, '2025-11-07 14:37:20', 'active', NULL, 1, 1, 2, 0),
(31, 731, 8, 7, '2025-11-07 14:37:20', 'active', NULL, 1, 1, 2, 0),
(32, 731, 11, 7, '2025-11-07 14:37:20', 'active', NULL, 1, 1, 2, 0),
(33, 999, 18, 11, '2025-11-11 10:36:34', 'active', 'Rezervare online\nContact: Rosu Iulian\nTelefon: 0743171315\nEmail: madafaka_mw@yahoo.com', NULL, 1, 80, 0),
(34, 858, 25, 12, '2025-11-11 14:17:32', 'active', NULL, 4, 1, 2, 0),
(35, 858, 26, 11, '2025-11-11 14:20:24', 'active', NULL, 4, 3, 2, 0);

-- --------------------------------------------------------

--
-- Table structure for table `reservations_backup`
--

CREATE TABLE `reservations_backup` (
  `id` int(11) NOT NULL,
  `reservation_id` int(11) DEFAULT NULL,
  `trip_id` int(11) DEFAULT NULL,
  `seat_id` int(11) DEFAULT NULL,
  `label` text DEFAULT NULL,
  `person_id` int(11) DEFAULT NULL,
  `backup_time` datetime DEFAULT current_timestamp(),
  `old_vehicle_id` int(11) DEFAULT NULL
) ENGINE=InnoDB DEFAULT CHARSET=utf8mb4 COLLATE=utf8mb4_unicode_ci;

-- --------------------------------------------------------

--
-- Table structure for table `reservation_discounts`
--

CREATE TABLE `reservation_discounts` (
  `id` int(11) NOT NULL,
  `reservation_id` int(11) NOT NULL,
  `discount_type_id` int(11) DEFAULT NULL,
  `promo_code_id` int(11) DEFAULT NULL,
  `discount_amount` decimal(10,2) NOT NULL,
  `applied_at` datetime NOT NULL DEFAULT current_timestamp(),
  `discount_snapshot` decimal(5,2) NOT NULL
) ENGINE=InnoDB DEFAULT CHARSET=utf8mb4 COLLATE=utf8mb4_unicode_ci;

-- --------------------------------------------------------

--
-- Table structure for table `reservation_events`
--

CREATE TABLE `reservation_events` (
  `id` int(11) NOT NULL,
  `reservation_id` int(11) NOT NULL,
  `action` enum('create','update','move','cancel','uncancel','delete','pay','refund') NOT NULL,
  `actor_id` int(11) DEFAULT NULL,
  `details` longtext CHARACTER SET utf8mb4 COLLATE utf8mb4_bin DEFAULT NULL CHECK (json_valid(`details`)),
  `created_at` timestamp NOT NULL DEFAULT current_timestamp()
) ENGINE=InnoDB DEFAULT CHARSET=utf8mb4 COLLATE=utf8mb4_general_ci;

--
-- Dumping data for table `reservation_events`
--

INSERT INTO `reservation_events` (`id`, `reservation_id`, `action`, `actor_id`, `details`, `created_at`) VALUES
(1, 33, 'create', NULL, '{\"channel\": \"online\"}', '2025-11-11 10:36:34');

-- --------------------------------------------------------

--
-- Table structure for table `reservation_intents`
--

CREATE TABLE `reservation_intents` (
  `id` int(11) NOT NULL,
  `trip_id` int(11) NOT NULL,
  `seat_id` int(11) NOT NULL,
  `user_id` int(11) DEFAULT NULL,
  `created_at` datetime NOT NULL DEFAULT current_timestamp(),
  `expires_at` datetime NOT NULL
) ENGINE=InnoDB DEFAULT CHARSET=utf8mb4 COLLATE=utf8mb4_general_ci;

-- --------------------------------------------------------

--
-- Table structure for table `reservation_pricing`
--

CREATE TABLE `reservation_pricing` (
  `reservation_id` int(11) NOT NULL,
  `price_value` decimal(10,2) NOT NULL,
  `price_list_id` int(11) NOT NULL,
  `pricing_category_id` int(11) NOT NULL,
  `booking_channel` enum('online','agent') NOT NULL DEFAULT 'agent',
  `employee_id` int(11) NOT NULL DEFAULT 12,
  `created_at` datetime NOT NULL DEFAULT current_timestamp(),
  `updated_at` datetime NOT NULL DEFAULT current_timestamp()
) ENGINE=InnoDB DEFAULT CHARSET=utf8mb4 COLLATE=utf8mb4_unicode_ci;

--
-- Dumping data for table `reservation_pricing`
--

INSERT INTO `reservation_pricing` (`reservation_id`, `price_value`, `price_list_id`, `pricing_category_id`, `booking_channel`, `employee_id`, `created_at`, `updated_at`) VALUES
(17, 0.10, 3, 1, 'agent', 1, '2025-11-07 09:54:16', '2025-11-07 09:54:16'),
(18, 0.10, 3, 1, 'agent', 1, '2025-11-07 10:44:48', '2025-11-07 10:44:48'),
(19, 0.10, 3, 1, 'agent', 1, '2025-11-07 10:44:55', '2025-11-07 10:44:55'),
(20, 0.10, 3, 1, 'agent', 1, '2025-11-07 11:12:23', '2025-11-07 11:12:23'),
(21, 0.10, 3, 1, 'agent', 1, '2025-11-07 11:22:08', '2025-11-07 11:22:08'),
(22, 0.10, 3, 1, 'agent', 1, '2025-11-07 11:26:53', '2025-11-07 11:26:53'),
(23, 0.10, 3, 1, 'agent', 1, '2025-11-07 11:36:41', '2025-11-07 11:36:41'),
(24, 0.10, 3, 1, 'agent', 1, '2025-11-07 11:57:29', '2025-11-07 11:57:29'),
(25, 0.10, 3, 1, 'agent', 1, '2025-11-07 11:59:44', '2025-11-07 11:59:44'),
(26, 0.10, 3, 1, 'agent', 1, '2025-11-07 12:00:04', '2025-11-07 12:00:04'),
(27, 0.10, 3, 1, 'agent', 1, '2025-11-07 12:31:24', '2025-11-07 12:31:24'),
(28, 0.10, 3, 1, 'agent', 1, '2025-11-07 16:36:37', '2025-11-07 16:36:37'),
(29, 0.10, 3, 1, 'agent', 1, '2025-11-07 16:37:20', '2025-11-07 16:37:20'),
(30, 0.10, 3, 1, 'agent', 1, '2025-11-07 16:37:20', '2025-11-07 16:37:20'),
(31, 0.10, 3, 1, 'agent', 1, '2025-11-07 16:37:20', '2025-11-07 16:37:20'),
(32, 0.10, 3, 1, 'agent', 1, '2025-11-07 16:37:20', '2025-11-07 16:37:20'),
(33, 140.00, 9, 2, 'online', 12, '2025-11-11 12:36:34', '2025-11-11 12:36:34'),
(34, 0.10, 3, 1, 'agent', 4, '2025-11-11 16:17:32', '2025-11-11 16:17:32'),
(35, 0.00, 3, 1, 'agent', 4, '2025-11-11 16:20:24', '2025-11-11 16:20:24');

-- --------------------------------------------------------

--
-- Table structure for table `routes`
--

CREATE TABLE `routes` (
  `id` int(11) NOT NULL,
  `name` text NOT NULL,
  `order_index` int(11) DEFAULT NULL,
  `visible_in_reservations` tinyint(1) DEFAULT 1,
  `visible_for_drivers` tinyint(1) DEFAULT 1,
  `visible_online` tinyint(4) DEFAULT 1
) ENGINE=InnoDB DEFAULT CHARSET=utf8mb4 COLLATE=utf8mb4_unicode_ci;

--
-- Dumping data for table `routes`
--

INSERT INTO `routes` (`id`, `name`, `order_index`, `visible_in_reservations`, `visible_for_drivers`, `visible_online`) VALUES
(1, 'Botoșani - Iași', NULL, 1, 1, 1),
(3, 'Rădăuți - Iași', NULL, 1, 1, 1),
(4, 'Dorohoi - Iași', NULL, 1, 1, 1),
(5, 'Botoșani - Brașov', NULL, 1, 1, 1);

-- --------------------------------------------------------

--
-- Table structure for table `route_schedules`
--

CREATE TABLE `route_schedules` (
  `id` int(11) NOT NULL,
  `route_id` int(11) NOT NULL,
  `departure` time NOT NULL,
  `operator_id` int(11) NOT NULL,
  `direction` enum('tur','retur') NOT NULL DEFAULT 'tur'
) ENGINE=InnoDB DEFAULT CHARSET=utf8mb4 COLLATE=utf8mb4_unicode_ci;

--
-- Dumping data for table `route_schedules`
--

INSERT INTO `route_schedules` (`id`, `route_id`, `departure`, `operator_id`, `direction`) VALUES
(1, 1, '06:00:00', 1, 'tur'),
(3, 1, '07:00:00', 1, 'tur'),
(15, 1, '07:00:00', 2, 'retur'),
(5, 1, '09:00:00', 1, 'tur'),
(16, 1, '10:00:00', 1, 'retur'),
(6, 1, '11:30:00', 2, 'tur'),
(24, 1, '12:00:00', 1, 'retur'),
(19, 1, '13:00:00', 2, 'retur'),
(11, 1, '13:30:00', 1, 'tur'),
(20, 1, '14:00:00', 1, 'retur'),
(21, 1, '15:00:00', 2, 'retur'),
(12, 1, '15:30:00', 1, 'tur'),
(13, 1, '17:00:00', 2, 'tur'),
(22, 1, '17:00:00', 1, 'retur'),
(14, 1, '19:00:00', 2, 'tur'),
(23, 1, '19:00:00', 1, 'retur'),
(9, 3, '08:00:00', 2, 'tur'),
(10, 3, '16:00:00', 2, 'retur'),
(25, 4, '07:00:00', 2, 'tur'),
(26, 4, '11:00:00', 2, 'retur'),
(27, 5, '08:00:00', 2, 'tur'),
(28, 5, '16:00:00', 2, 'retur');

-- --------------------------------------------------------

--
-- Table structure for table `route_schedule_discounts`
--

CREATE TABLE `route_schedule_discounts` (
  `discount_type_id` int(11) NOT NULL,
  `route_schedule_id` int(11) NOT NULL,
  `visible_agents` tinyint(1) NOT NULL DEFAULT 1,
  `visible_online` tinyint(1) NOT NULL DEFAULT 0
) ENGINE=InnoDB DEFAULT CHARSET=utf8mb4 COLLATE=utf8mb4_unicode_ci;

--
-- Dumping data for table `route_schedule_discounts`
--

INSERT INTO `route_schedule_discounts` (`discount_type_id`, `route_schedule_id`, `visible_agents`, `visible_online`) VALUES
(0, 1, 1, 1),
(0, 3, 1, 1),
(0, 5, 1, 0),
(0, 6, 1, 0),
(0, 9, 1, 0),
(0, 10, 1, 0),
(0, 11, 1, 0),
(0, 12, 1, 0),
(0, 13, 1, 0),
(0, 14, 1, 0),
(0, 15, 1, 0),
(0, 16, 1, 0),
(0, 19, 1, 0),
(0, 20, 1, 0),
(0, 21, 1, 0),
(0, 22, 1, 0),
(0, 23, 1, 0),
(0, 24, 1, 0),
(0, 25, 1, 0),
(0, 26, 1, 0),
(1, 1, 1, 1),
(1, 3, 1, 1),
(1, 5, 1, 1),
(1, 6, 1, 1),
(1, 9, 1, 1),
(1, 10, 1, 1),
(1, 11, 1, 1),
(1, 12, 1, 1),
(1, 13, 1, 1),
(1, 14, 1, 1),
(1, 15, 1, 1),
(1, 16, 1, 1),
(1, 19, 1, 1),
(1, 20, 1, 1),
(1, 21, 1, 1),
(1, 22, 1, 1),
(1, 23, 1, 1),
(1, 24, 1, 1),
(1, 25, 1, 1),
(1, 26, 1, 1),
(1, 27, 1, 1),
(1, 28, 1, 1),
(2, 1, 1, 0),
(2, 3, 1, 0),
(2, 5, 1, 0),
(2, 6, 1, 0),
(2, 9, 1, 0),
(2, 10, 1, 0),
(2, 11, 1, 0),
(2, 12, 1, 0),
(2, 13, 1, 0),
(2, 14, 1, 0),
(2, 15, 1, 0),
(2, 16, 1, 0),
(2, 19, 1, 0),
(2, 20, 1, 0),
(2, 21, 1, 0),
(2, 22, 1, 0),
(2, 23, 1, 0),
(2, 24, 1, 0),
(2, 25, 1, 0),
(2, 26, 1, 0),
(4, 1, 1, 1),
(4, 3, 1, 1),
(4, 5, 1, 1),
(4, 6, 1, 1),
(4, 9, 1, 1),
(4, 10, 1, 1),
(4, 11, 1, 1),
(4, 12, 1, 1),
(4, 13, 1, 1),
(4, 14, 1, 1),
(4, 15, 1, 1),
(4, 16, 1, 1),
(4, 19, 1, 1),
(4, 20, 1, 1),
(4, 21, 1, 1),
(4, 22, 1, 1),
(4, 23, 1, 1),
(4, 24, 1, 1),
(4, 25, 1, 1),
(4, 26, 1, 1);

-- --------------------------------------------------------

--
-- Table structure for table `route_schedule_pricing_categories`
--

CREATE TABLE `route_schedule_pricing_categories` (
  `route_schedule_id` int(11) NOT NULL,
  `pricing_category_id` int(11) NOT NULL
) ENGINE=InnoDB DEFAULT CHARSET=utf8mb4 COLLATE=utf8mb4_unicode_ci;

--
-- Dumping data for table `route_schedule_pricing_categories`
--

INSERT INTO `route_schedule_pricing_categories` (`route_schedule_id`, `pricing_category_id`) VALUES
(1, 1),
(3, 1),
(5, 1),
(6, 1),
(9, 1),
(10, 1),
(11, 1),
(12, 1),
(13, 1),
(14, 1),
(15, 1),
(16, 1),
(19, 1),
(20, 1),
(21, 1),
(22, 1),
(23, 1),
(24, 1),
(25, 1),
(26, 1);

-- --------------------------------------------------------

--
-- Table structure for table `route_stations`
--

CREATE TABLE `route_stations` (
  `id` int(11) NOT NULL,
  `route_id` int(11) NOT NULL,
  `station_id` int(11) NOT NULL,
  `sequence` int(11) NOT NULL,
  `distance_from_previous_km` decimal(6,2) DEFAULT NULL,
  `travel_time_from_previous_minutes` int(11) DEFAULT NULL,
  `dwell_time_minutes` int(11) DEFAULT 0,
  `geofence_type` enum('circle','polygon') NOT NULL DEFAULT 'circle',
  `geofence_radius_m` decimal(10,2) DEFAULT NULL,
  `geofence_polygon` geometry DEFAULT NULL,
  `created_at` datetime NOT NULL DEFAULT current_timestamp(),
  `updated_at` datetime NOT NULL DEFAULT current_timestamp(),
  `public_note_tur` varchar(255) DEFAULT NULL,
  `public_note_retur` varchar(255) DEFAULT NULL,
  `public_latitude_tur` decimal(10,7) DEFAULT NULL,
  `public_longitude_tur` decimal(10,7) DEFAULT NULL,
  `public_latitude_retur` decimal(10,7) DEFAULT NULL,
  `public_longitude_retur` decimal(10,7) DEFAULT NULL
) ENGINE=InnoDB DEFAULT CHARSET=utf8mb4 COLLATE=utf8mb4_unicode_ci;

--
-- Dumping data for table `route_stations`
--

INSERT INTO `route_stations` (`id`, `route_id`, `station_id`, `sequence`, `distance_from_previous_km`, `travel_time_from_previous_minutes`, `dwell_time_minutes`, `geofence_type`, `geofence_radius_m`, `geofence_polygon`, `created_at`, `updated_at`, `public_note_tur`, `public_note_retur`, `public_latitude_tur`, `public_longitude_tur`, `public_latitude_retur`, `public_longitude_retur`) VALUES
(17, 3, 45, 1, 0.00, 0, 0, 'circle', 200.00, NULL, '2025-11-10 15:07:00', '2025-11-10 15:07:00', NULL, NULL, 0.0000000, 0.0000000, 0.0000000, 0.0000000),
(18, 3, 44, 2, 0.00, 0, 0, 'circle', 200.00, NULL, '2025-11-10 15:07:00', '2025-11-10 15:07:00', NULL, NULL, NULL, NULL, NULL, NULL),
(19, 3, 43, 3, 0.00, 0, 0, 'circle', 200.00, NULL, '2025-11-10 15:07:00', '2025-11-10 15:07:00', NULL, NULL, NULL, NULL, NULL, NULL),
(20, 3, 42, 4, 0.00, 0, 0, 'circle', 200.00, NULL, '2025-11-10 15:07:00', '2025-11-10 15:07:00', NULL, NULL, NULL, NULL, NULL, NULL),
(21, 3, 41, 5, 0.00, 0, 0, 'circle', 200.00, NULL, '2025-11-10 15:07:00', '2025-11-10 15:07:00', NULL, NULL, NULL, NULL, NULL, NULL),
(22, 3, 40, 6, 0.00, 0, 0, 'circle', 200.00, NULL, '2025-11-10 15:07:00', '2025-11-10 15:07:00', NULL, NULL, NULL, NULL, NULL, NULL),
(23, 3, 39, 7, 0.00, 0, 0, 'circle', 200.00, NULL, '2025-11-10 15:07:00', '2025-11-10 15:07:00', NULL, NULL, NULL, NULL, NULL, NULL),
(24, 3, 38, 8, 0.00, 0, 0, 'circle', 200.00, NULL, '2025-11-10 15:07:00', '2025-11-10 15:07:00', NULL, NULL, NULL, NULL, NULL, NULL),
(25, 3, 37, 9, 0.00, 0, 0, 'circle', 200.00, NULL, '2025-11-10 15:07:00', '2025-11-10 15:07:00', NULL, NULL, NULL, NULL, NULL, NULL),
(26, 3, 36, 10, 0.00, 0, 0, 'circle', 200.00, NULL, '2025-11-10 15:07:00', '2025-11-10 15:07:00', NULL, NULL, NULL, NULL, NULL, NULL),
(27, 3, 35, 11, 0.00, 0, 0, 'circle', 200.00, NULL, '2025-11-10 15:07:00', '2025-11-10 15:07:00', NULL, NULL, NULL, NULL, NULL, NULL),
(28, 3, 34, 12, 0.00, 0, 0, 'circle', 200.00, NULL, '2025-11-10 15:07:00', '2025-11-10 15:07:00', NULL, NULL, NULL, NULL, NULL, NULL),
(29, 3, 33, 13, 0.00, 0, 0, 'circle', 200.00, NULL, '2025-11-10 15:07:00', '2025-11-10 15:07:00', NULL, NULL, NULL, NULL, NULL, NULL),
(30, 3, 32, 14, 0.00, 0, 0, 'circle', 200.00, NULL, '2025-11-10 15:07:00', '2025-11-10 15:07:00', NULL, NULL, NULL, NULL, NULL, NULL),
(31, 3, 31, 15, 0.00, 0, 0, 'circle', 200.00, NULL, '2025-11-10 15:07:00', '2025-11-10 15:07:00', NULL, NULL, NULL, NULL, NULL, NULL),
(32, 3, 30, 16, 0.00, 0, 0, 'circle', 200.00, NULL, '2025-11-10 15:07:00', '2025-11-10 15:07:00', NULL, NULL, NULL, NULL, NULL, NULL),
(33, 3, 1, 17, 0.00, 0, 0, 'circle', 200.00, NULL, '2025-11-10 15:07:00', '2025-11-10 15:07:00', NULL, NULL, NULL, NULL, NULL, NULL),
(34, 3, 29, 18, 0.00, 0, 0, 'circle', 200.00, NULL, '2025-11-10 15:07:00', '2025-11-10 15:07:00', NULL, NULL, NULL, NULL, NULL, NULL),
(35, 3, 28, 19, 0.00, 0, 0, 'circle', 200.00, NULL, '2025-11-10 15:07:00', '2025-11-10 15:07:00', NULL, NULL, NULL, NULL, NULL, NULL),
(36, 3, 27, 20, 0.00, 0, 0, 'circle', 200.00, NULL, '2025-11-10 15:07:00', '2025-11-10 15:07:00', NULL, NULL, NULL, NULL, NULL, NULL),
(37, 3, 26, 21, 0.00, 0, 0, 'circle', 200.00, NULL, '2025-11-10 15:07:00', '2025-11-10 15:07:00', NULL, NULL, NULL, NULL, NULL, NULL),
(38, 3, 25, 22, 0.00, 0, 0, 'circle', 200.00, NULL, '2025-11-10 15:07:00', '2025-11-10 15:07:00', NULL, NULL, NULL, NULL, NULL, NULL),
(39, 3, 6, 23, 0.00, 0, 0, 'circle', 200.00, NULL, '2025-11-10 15:07:00', '2025-11-10 15:07:00', NULL, NULL, NULL, NULL, NULL, NULL),
(40, 3, 7, 24, 0.00, 0, 0, 'circle', 200.00, NULL, '2025-11-10 15:07:00', '2025-11-10 15:07:00', NULL, NULL, NULL, NULL, NULL, NULL),
(41, 3, 8, 25, 0.00, 0, 0, 'circle', 200.00, NULL, '2025-11-10 15:07:00', '2025-11-10 15:07:00', NULL, NULL, NULL, NULL, NULL, NULL),
(42, 3, 4, 26, 0.00, 0, 0, 'circle', 200.00, NULL, '2025-11-10 15:07:00', '2025-11-10 15:07:00', NULL, NULL, NULL, NULL, NULL, NULL),
(43, 3, 9, 27, 0.00, 0, 0, 'circle', 200.00, NULL, '2025-11-10 15:07:00', '2025-11-10 15:07:00', NULL, NULL, NULL, NULL, NULL, NULL),
(44, 3, 5, 28, 0.00, 0, 0, 'circle', 200.00, NULL, '2025-11-10 15:07:00', '2025-11-10 15:07:00', NULL, NULL, NULL, NULL, NULL, NULL),
(45, 3, 24, 29, 0.00, 0, 0, 'circle', 200.00, NULL, '2025-11-10 15:07:00', '2025-11-10 15:07:00', NULL, NULL, NULL, NULL, NULL, NULL),
(46, 3, 3, 30, 0.00, 0, 0, 'circle', 200.00, NULL, '2025-11-10 15:07:00', '2025-11-10 15:07:00', NULL, NULL, NULL, NULL, NULL, NULL),
(47, 3, 23, 31, 0.00, 0, 0, 'circle', 200.00, NULL, '2025-11-10 15:07:00', '2025-11-10 15:07:00', NULL, NULL, NULL, NULL, NULL, NULL),
(48, 3, 22, 32, 0.00, 0, 0, 'circle', 200.00, NULL, '2025-11-10 15:07:00', '2025-11-10 15:07:00', NULL, NULL, NULL, NULL, NULL, NULL),
(49, 3, 21, 33, 0.00, 0, 0, 'circle', 200.00, NULL, '2025-11-10 15:07:00', '2025-11-10 15:07:00', NULL, NULL, NULL, NULL, NULL, NULL),
(50, 3, 10, 34, 0.00, 0, 0, 'circle', 200.00, NULL, '2025-11-10 15:07:00', '2025-11-10 15:07:00', NULL, NULL, NULL, NULL, NULL, NULL),
(51, 3, 11, 35, 0.00, 0, 0, 'circle', 200.00, NULL, '2025-11-10 15:07:00', '2025-11-10 15:07:00', NULL, NULL, NULL, NULL, NULL, NULL),
(52, 3, 12, 36, 0.00, 0, 0, 'circle', 200.00, NULL, '2025-11-10 15:07:00', '2025-11-10 15:07:00', NULL, NULL, NULL, NULL, NULL, NULL),
(53, 3, 20, 37, 0.00, 0, 0, 'circle', 200.00, NULL, '2025-11-10 15:07:00', '2025-11-10 15:07:00', NULL, NULL, NULL, NULL, NULL, NULL),
(54, 3, 19, 38, 0.00, 0, 0, 'circle', 200.00, NULL, '2025-11-10 15:07:00', '2025-11-10 15:07:00', NULL, NULL, NULL, NULL, NULL, NULL),
(55, 3, 18, 39, 0.00, 0, 0, 'circle', 200.00, NULL, '2025-11-10 15:07:00', '2025-11-10 15:07:00', NULL, NULL, NULL, NULL, NULL, NULL),
(56, 3, 17, 40, 0.00, 0, 0, 'circle', 200.00, NULL, '2025-11-10 15:07:00', '2025-11-10 15:07:00', NULL, NULL, NULL, NULL, NULL, NULL),
(57, 3, 16, 41, 0.00, 0, 0, 'circle', 200.00, NULL, '2025-11-10 15:07:00', '2025-11-10 15:07:00', NULL, NULL, NULL, NULL, NULL, NULL),
(58, 3, 15, 42, 0.00, 0, 0, 'circle', 200.00, NULL, '2025-11-10 15:07:00', '2025-11-10 15:07:00', NULL, NULL, NULL, NULL, NULL, NULL),
(59, 3, 14, 43, 0.00, 0, 0, 'circle', 200.00, NULL, '2025-11-10 15:07:00', '2025-11-10 15:07:00', NULL, NULL, NULL, NULL, NULL, NULL),
(60, 3, 13, 44, 0.00, 0, 0, 'circle', 200.00, NULL, '2025-11-10 15:07:00', '2025-11-10 15:07:00', NULL, NULL, NULL, NULL, NULL, NULL),
(61, 3, 2, 45, 0.00, 0, 0, 'circle', 200.00, NULL, '2025-11-10 15:07:00', '2025-11-10 15:07:00', NULL, NULL, NULL, NULL, NULL, NULL),
(64, 4, 46, 1, 0.00, 0, 0, 'circle', 200.00, NULL, '2025-11-10 16:03:40', '2025-11-10 16:03:40', NULL, NULL, 0.0000000, 0.0000000, 0.0000000, 0.0000000),
(65, 4, 47, 2, 0.00, 0, 0, 'circle', 200.00, NULL, '2025-11-10 16:03:40', '2025-11-10 16:03:40', NULL, NULL, NULL, NULL, NULL, NULL),
(66, 4, 48, 3, 0.00, 0, 0, 'circle', 200.00, NULL, '2025-11-10 16:03:40', '2025-11-10 16:03:40', NULL, NULL, NULL, NULL, NULL, NULL),
(67, 4, 49, 4, 0.00, 0, 0, 'circle', 200.00, NULL, '2025-11-10 16:03:40', '2025-11-10 16:03:40', NULL, NULL, NULL, NULL, NULL, NULL),
(68, 4, 50, 5, 0.00, 0, 0, 'circle', 200.00, NULL, '2025-11-10 16:03:40', '2025-11-10 16:03:40', NULL, NULL, NULL, NULL, NULL, NULL),
(69, 4, 51, 6, 0.00, 0, 0, 'circle', 200.00, NULL, '2025-11-10 16:03:40', '2025-11-10 16:03:40', NULL, NULL, NULL, NULL, NULL, NULL),
(70, 4, 52, 7, 0.00, 0, 0, 'circle', 200.00, NULL, '2025-11-10 16:03:40', '2025-11-10 16:03:40', NULL, NULL, NULL, NULL, NULL, NULL),
(71, 4, 54, 8, 0.00, 0, 0, 'circle', 200.00, NULL, '2025-11-10 16:03:40', '2025-11-10 16:03:40', NULL, NULL, NULL, NULL, NULL, NULL),
(72, 4, 53, 9, 0.00, 0, 0, 'circle', 200.00, NULL, '2025-11-10 16:03:40', '2025-11-10 16:03:40', NULL, NULL, NULL, NULL, NULL, NULL),
(73, 4, 31, 10, 0.00, 0, 0, 'circle', 200.00, NULL, '2025-11-10 16:03:40', '2025-11-10 16:03:40', NULL, NULL, NULL, NULL, NULL, NULL),
(74, 4, 30, 11, 0.00, 0, 0, 'circle', 200.00, NULL, '2025-11-10 16:03:40', '2025-11-10 16:03:40', NULL, NULL, NULL, NULL, NULL, NULL),
(75, 4, 1, 12, 0.00, 0, 0, 'circle', 200.00, NULL, '2025-11-10 16:03:40', '2025-11-10 16:03:40', NULL, NULL, NULL, NULL, NULL, NULL),
(76, 4, 29, 13, 0.00, 0, 0, 'circle', 200.00, NULL, '2025-11-10 16:03:40', '2025-11-10 16:03:40', NULL, NULL, NULL, NULL, NULL, NULL),
(77, 4, 28, 14, 0.00, 0, 0, 'circle', 200.00, NULL, '2025-11-10 16:03:40', '2025-11-10 16:03:40', NULL, NULL, NULL, NULL, NULL, NULL),
(78, 4, 27, 15, 0.00, 0, 0, 'circle', 200.00, NULL, '2025-11-10 16:03:40', '2025-11-10 16:03:40', NULL, NULL, NULL, NULL, NULL, NULL),
(79, 4, 26, 16, 0.00, 0, 0, 'circle', 200.00, NULL, '2025-11-10 16:03:40', '2025-11-10 16:03:40', NULL, NULL, NULL, NULL, NULL, NULL),
(80, 4, 25, 17, 0.00, 0, 0, 'circle', 200.00, NULL, '2025-11-10 16:03:40', '2025-11-10 16:03:40', NULL, NULL, NULL, NULL, NULL, NULL),
(81, 4, 6, 18, 0.00, 0, 0, 'circle', 200.00, NULL, '2025-11-10 16:03:40', '2025-11-10 16:03:40', NULL, NULL, NULL, NULL, NULL, NULL),
(82, 4, 7, 19, 0.00, 0, 0, 'circle', 200.00, NULL, '2025-11-10 16:03:40', '2025-11-10 16:03:40', NULL, NULL, NULL, NULL, NULL, NULL),
(83, 4, 8, 20, 0.00, 0, 0, 'circle', 200.00, NULL, '2025-11-10 16:03:40', '2025-11-10 16:03:40', NULL, NULL, NULL, NULL, NULL, NULL),
(84, 4, 4, 21, 0.00, 0, 0, 'circle', 200.00, NULL, '2025-11-10 16:03:40', '2025-11-10 16:03:40', NULL, NULL, NULL, NULL, NULL, NULL),
(85, 4, 9, 22, 0.00, 0, 0, 'circle', 200.00, NULL, '2025-11-10 16:03:40', '2025-11-10 16:03:40', NULL, NULL, NULL, NULL, NULL, NULL),
(86, 4, 5, 23, 0.00, 0, 0, 'circle', 200.00, NULL, '2025-11-10 16:03:40', '2025-11-10 16:03:40', NULL, NULL, NULL, NULL, NULL, NULL),
(87, 4, 24, 24, 0.00, 0, 0, 'circle', 200.00, NULL, '2025-11-10 16:03:40', '2025-11-10 16:03:40', NULL, NULL, NULL, NULL, NULL, NULL),
(88, 4, 3, 25, 0.00, 0, 0, 'circle', 200.00, NULL, '2025-11-10 16:03:40', '2025-11-10 16:03:40', NULL, NULL, NULL, NULL, NULL, NULL),
(89, 4, 23, 26, 0.00, 0, 0, 'circle', 200.00, NULL, '2025-11-10 16:03:40', '2025-11-10 16:03:40', NULL, NULL, NULL, NULL, NULL, NULL),
(90, 4, 22, 27, 0.00, 0, 0, 'circle', 200.00, NULL, '2025-11-10 16:03:40', '2025-11-10 16:03:40', NULL, NULL, NULL, NULL, NULL, NULL),
(91, 4, 21, 28, 0.00, 0, 0, 'circle', 200.00, NULL, '2025-11-10 16:03:40', '2025-11-10 16:03:40', NULL, NULL, NULL, NULL, NULL, NULL),
(92, 4, 10, 29, 0.00, 0, 0, 'circle', 200.00, NULL, '2025-11-10 16:03:40', '2025-11-10 16:03:40', NULL, NULL, NULL, NULL, NULL, NULL),
(93, 4, 11, 30, 0.00, 0, 0, 'circle', 200.00, NULL, '2025-11-10 16:03:40', '2025-11-10 16:03:40', NULL, NULL, NULL, NULL, NULL, NULL),
(94, 4, 12, 31, 0.00, 0, 0, 'circle', 200.00, NULL, '2025-11-10 16:03:40', '2025-11-10 16:03:40', NULL, NULL, NULL, NULL, NULL, NULL),
(95, 4, 20, 32, 0.00, 0, 0, 'circle', 200.00, NULL, '2025-11-10 16:03:40', '2025-11-10 16:03:40', NULL, NULL, NULL, NULL, NULL, NULL),
(96, 4, 19, 33, 0.00, 0, 0, 'circle', 200.00, NULL, '2025-11-10 16:03:40', '2025-11-10 16:03:40', NULL, NULL, NULL, NULL, NULL, NULL),
(97, 4, 18, 34, 0.00, 0, 0, 'circle', 200.00, NULL, '2025-11-10 16:03:40', '2025-11-10 16:03:40', NULL, NULL, NULL, NULL, NULL, NULL),
(98, 4, 17, 35, 0.00, 0, 0, 'circle', 200.00, NULL, '2025-11-10 16:03:40', '2025-11-10 16:03:40', NULL, NULL, NULL, NULL, NULL, NULL),
(99, 4, 16, 36, 0.00, 0, 0, 'circle', 200.00, NULL, '2025-11-10 16:03:40', '2025-11-10 16:03:40', NULL, NULL, NULL, NULL, NULL, NULL),
(100, 4, 15, 37, 0.00, 0, 0, 'circle', 200.00, NULL, '2025-11-10 16:03:40', '2025-11-10 16:03:40', NULL, NULL, NULL, NULL, NULL, NULL),
(101, 4, 14, 38, 0.00, 0, 0, 'circle', 200.00, NULL, '2025-11-10 16:03:40', '2025-11-10 16:03:40', NULL, NULL, NULL, NULL, NULL, NULL),
(102, 4, 13, 39, 0.00, 0, 0, 'circle', 200.00, NULL, '2025-11-10 16:03:40', '2025-11-10 16:03:40', NULL, NULL, NULL, NULL, NULL, NULL),
(103, 4, 2, 40, 0.00, 0, 0, 'circle', 200.00, NULL, '2025-11-10 16:03:40', '2025-11-10 16:03:40', NULL, NULL, NULL, NULL, NULL, NULL),
(104, 1, 1, 1, 70.00, 60, 0, 'circle', 200.00, NULL, '2025-11-11 09:20:17', '2025-11-11 09:20:17', NULL, NULL, 0.0000000, 0.0000000, 0.0000000, 0.0000000),
(105, 1, 3, 2, NULL, 50, 0, 'circle', 200.00, NULL, '2025-11-11 09:20:17', '2025-11-11 09:20:17', NULL, NULL, 0.0000000, 0.0000000, 0.0000000, 0.0000000),
(106, 1, 2, 3, NULL, NULL, 0, 'circle', 200.00, NULL, '2025-11-11 09:20:17', '2025-11-11 09:20:17', NULL, NULL, 0.0000000, 0.0000000, 0.0000000, 0.0000000),
(201, 5, 1, 1, 0.00, 0, 0, 'circle', 200.00, NULL, '2025-11-11 13:05:14', '2025-11-11 13:05:14', 'Autogara Pris Com', NULL, 0.0000000, 0.0000000, 0.0000000, 0.0000000),
(202, 5, 29, 2, 0.00, 0, 0, 'circle', 200.00, NULL, '2025-11-11 13:05:14', '2025-11-11 13:05:14', NULL, NULL, 0.0000000, 0.0000000, 0.0000000, 0.0000000),
(203, 5, 28, 3, 0.00, 0, 0, 'circle', 200.00, NULL, '2025-11-11 13:05:14', '2025-11-11 13:05:14', NULL, NULL, 0.0000000, 0.0000000, 0.0000000, 0.0000000),
(204, 5, 27, 4, 0.00, 0, 0, 'circle', 200.00, NULL, '2025-11-11 13:05:14', '2025-11-11 13:05:14', NULL, NULL, 0.0000000, 0.0000000, 0.0000000, 0.0000000),
(205, 5, 26, 5, 0.00, 0, 0, 'circle', 200.00, NULL, '2025-11-11 13:05:14', '2025-11-11 13:05:14', NULL, NULL, 0.0000000, 0.0000000, 0.0000000, 0.0000000),
(206, 5, 25, 6, 0.00, 0, 0, 'circle', 200.00, NULL, '2025-11-11 13:05:14', '2025-11-11 13:05:14', NULL, NULL, 0.0000000, 0.0000000, 0.0000000, 0.0000000),
(207, 5, 6, 7, 0.00, 0, 0, 'circle', 200.00, NULL, '2025-11-11 13:05:14', '2025-11-11 13:05:14', NULL, NULL, 0.0000000, 0.0000000, 0.0000000, 0.0000000),
(208, 5, 7, 8, 0.00, 0, 0, 'circle', 200.00, NULL, '2025-11-11 13:05:14', '2025-11-11 13:05:14', NULL, NULL, 0.0000000, 0.0000000, 0.0000000, 0.0000000),
(209, 5, 8, 9, 0.00, 0, 0, 'circle', 200.00, NULL, '2025-11-11 13:05:14', '2025-11-11 13:05:14', NULL, NULL, 0.0000000, 0.0000000, 0.0000000, 0.0000000),
(210, 5, 4, 10, 0.00, 0, 0, 'circle', 200.00, NULL, '2025-11-11 13:05:14', '2025-11-11 13:05:14', NULL, NULL, 0.0000000, 0.0000000, 0.0000000, 0.0000000),
(211, 5, 9, 11, 0.00, 0, 0, 'circle', 200.00, NULL, '2025-11-11 13:05:14', '2025-11-11 13:05:14', NULL, NULL, 0.0000000, 0.0000000, 0.0000000, 0.0000000),
(212, 5, 5, 12, 0.00, 0, 0, 'circle', 200.00, NULL, '2025-11-11 13:05:14', '2025-11-11 13:05:14', NULL, NULL, 0.0000000, 0.0000000, 0.0000000, 0.0000000),
(213, 5, 24, 13, 0.00, 0, 0, 'circle', 200.00, NULL, '2025-11-11 13:05:14', '2025-11-11 13:05:14', NULL, NULL, 0.0000000, 0.0000000, 0.0000000, 0.0000000),
(214, 5, 3, 14, 0.00, 0, 0, 'circle', 200.00, NULL, '2025-11-11 13:05:14', '2025-11-11 13:05:14', NULL, NULL, 0.0000000, 0.0000000, 0.0000000, 0.0000000),
(215, 5, 23, 15, 0.00, 0, 0, 'circle', 200.00, NULL, '2025-11-11 13:05:14', '2025-11-11 13:05:14', NULL, NULL, 0.0000000, 0.0000000, 0.0000000, 0.0000000),
(216, 5, 22, 16, 0.00, 0, 0, 'circle', 200.00, NULL, '2025-11-11 13:05:14', '2025-11-11 13:05:14', NULL, NULL, 0.0000000, 0.0000000, 0.0000000, 0.0000000),
(217, 5, 21, 17, 0.00, 0, 0, 'circle', 200.00, NULL, '2025-11-11 13:05:14', '2025-11-11 13:05:14', NULL, NULL, 0.0000000, 0.0000000, 0.0000000, 0.0000000),
(218, 5, 10, 18, 0.00, 0, 0, 'circle', 200.00, NULL, '2025-11-11 13:05:14', '2025-11-11 13:05:14', NULL, NULL, 0.0000000, 0.0000000, 0.0000000, 0.0000000),
(219, 5, 11, 19, 0.00, 0, 0, 'circle', 200.00, NULL, '2025-11-11 13:05:14', '2025-11-11 13:05:14', NULL, NULL, 0.0000000, 0.0000000, 0.0000000, 0.0000000),
(220, 5, 12, 20, 0.00, 0, 0, 'circle', 200.00, NULL, '2025-11-11 13:05:14', '2025-11-11 13:05:14', NULL, NULL, 0.0000000, 0.0000000, 0.0000000, 0.0000000),
(221, 5, 20, 21, 0.00, 0, 0, 'circle', 200.00, NULL, '2025-11-11 13:05:14', '2025-11-11 13:05:14', NULL, NULL, 0.0000000, 0.0000000, 0.0000000, 0.0000000),
(222, 5, 55, 22, 0.00, 0, 0, 'circle', 200.00, NULL, '2025-11-11 13:05:14', '2025-11-11 13:05:14', NULL, NULL, 0.0000000, 0.0000000, 0.0000000, 0.0000000),
(223, 5, 56, 23, 0.00, 0, 0, 'circle', 200.00, NULL, '2025-11-11 13:05:14', '2025-11-11 13:05:14', NULL, NULL, 0.0000000, 0.0000000, 0.0000000, 0.0000000),
(224, 5, 57, 24, 0.00, 0, 0, 'circle', 200.00, NULL, '2025-11-11 13:05:14', '2025-11-11 13:05:14', NULL, NULL, 0.0000000, 0.0000000, 0.0000000, 0.0000000),
(225, 5, 58, 25, 0.00, 0, 0, 'circle', 200.00, NULL, '2025-11-11 13:05:14', '2025-11-11 13:05:14', NULL, NULL, 0.0000000, 0.0000000, 0.0000000, 0.0000000),
(226, 5, 59, 26, 0.00, 0, 0, 'circle', 200.00, NULL, '2025-11-11 13:05:14', '2025-11-11 13:05:14', NULL, NULL, 0.0000000, 0.0000000, 0.0000000, 0.0000000),
(227, 5, 60, 27, 0.00, 0, 0, 'circle', 200.00, NULL, '2025-11-11 13:05:14', '2025-11-11 13:05:14', NULL, NULL, 0.0000000, 0.0000000, 0.0000000, 0.0000000),
(228, 5, 61, 28, 0.00, 0, 0, 'circle', 200.00, NULL, '2025-11-11 13:05:14', '2025-11-11 13:05:14', NULL, NULL, 0.0000000, 0.0000000, 0.0000000, 0.0000000),
(229, 5, 62, 29, 0.00, 0, 0, 'circle', 200.00, NULL, '2025-11-11 13:05:14', '2025-11-11 13:05:14', NULL, NULL, 0.0000000, 0.0000000, 0.0000000, 0.0000000),
(230, 5, 63, 30, 0.00, 0, 0, 'circle', 200.00, NULL, '2025-11-11 13:05:14', '2025-11-11 13:05:14', NULL, NULL, 0.0000000, 0.0000000, 0.0000000, 0.0000000),
(231, 5, 64, 31, 0.00, 0, 0, 'circle', 200.00, NULL, '2025-11-11 13:05:14', '2025-11-11 13:05:14', NULL, NULL, 0.0000000, 0.0000000, 0.0000000, 0.0000000),
(232, 5, 65, 32, 0.00, 0, 0, 'circle', 200.00, NULL, '2025-11-11 13:05:14', '2025-11-11 13:05:14', NULL, NULL, 0.0000000, 0.0000000, 0.0000000, 0.0000000),
(233, 5, 66, 33, 0.00, 0, 0, 'circle', 200.00, NULL, '2025-11-11 13:05:14', '2025-11-11 13:05:14', NULL, NULL, 0.0000000, 0.0000000, 0.0000000, 0.0000000),
(234, 5, 67, 34, 0.00, 0, 0, 'circle', 200.00, NULL, '2025-11-11 13:05:14', '2025-11-11 13:05:14', NULL, NULL, 0.0000000, 0.0000000, 0.0000000, 0.0000000),
(235, 5, 68, 35, 0.00, 0, 0, 'circle', 200.00, NULL, '2025-11-11 13:05:14', '2025-11-11 13:05:14', NULL, NULL, 0.0000000, 0.0000000, 0.0000000, 0.0000000),
(236, 5, 69, 36, 0.00, 0, 0, 'circle', 200.00, NULL, '2025-11-11 13:05:14', '2025-11-11 13:05:14', NULL, NULL, 0.0000000, 0.0000000, 0.0000000, 0.0000000),
(237, 5, 70, 37, 0.00, 0, 0, 'circle', 200.00, NULL, '2025-11-11 13:05:14', '2025-11-11 13:05:14', NULL, NULL, 0.0000000, 0.0000000, 0.0000000, 0.0000000),
(238, 5, 71, 38, 0.00, 0, 0, 'circle', 200.00, NULL, '2025-11-11 13:05:14', '2025-11-11 13:05:14', NULL, NULL, 0.0000000, 0.0000000, 0.0000000, 0.0000000),
(239, 5, 72, 39, 0.00, 0, 0, 'circle', 200.00, NULL, '2025-11-11 13:05:14', '2025-11-11 13:05:14', NULL, NULL, 0.0000000, 0.0000000, 0.0000000, 0.0000000),
(240, 5, 73, 40, 0.00, 0, 0, 'circle', 200.00, NULL, '2025-11-11 13:05:14', '2025-11-11 13:05:14', NULL, NULL, 0.0000000, 0.0000000, 0.0000000, 0.0000000),
(241, 5, 74, 41, 0.00, 0, 0, 'circle', 200.00, NULL, '2025-11-11 13:05:14', '2025-11-11 13:05:14', NULL, NULL, 0.0000000, 0.0000000, 0.0000000, 0.0000000),
(242, 5, 75, 42, 0.00, 0, 0, 'circle', 200.00, NULL, '2025-11-11 13:05:14', '2025-11-11 13:05:14', NULL, NULL, 0.0000000, 0.0000000, 0.0000000, 0.0000000),
(243, 5, 76, 43, 0.00, 0, 0, 'circle', 200.00, NULL, '2025-11-11 13:05:14', '2025-11-11 13:05:14', NULL, NULL, 0.0000000, 0.0000000, 0.0000000, 0.0000000),
(244, 5, 77, 44, 0.00, 0, 0, 'circle', 200.00, NULL, '2025-11-11 13:05:14', '2025-11-11 13:05:14', NULL, NULL, 0.0000000, 0.0000000, 0.0000000, 0.0000000),
(245, 5, 78, 45, 0.00, 0, 0, 'circle', 200.00, NULL, '2025-11-11 13:05:14', '2025-11-11 13:05:14', NULL, NULL, 0.0000000, 0.0000000, 0.0000000, 0.0000000),
(246, 5, 79, 46, 0.00, 0, 0, 'circle', 200.00, NULL, '2025-11-11 13:05:14', '2025-11-11 13:05:14', NULL, NULL, 0.0000000, 0.0000000, 0.0000000, 0.0000000),
(247, 5, 80, 47, 0.00, 0, 0, 'circle', 200.00, NULL, '2025-11-11 13:05:14', '2025-11-11 13:05:14', NULL, NULL, 0.0000000, 0.0000000, 0.0000000, 0.0000000);

-- --------------------------------------------------------

--
-- Table structure for table `schedule_exceptions`
--

CREATE TABLE `schedule_exceptions` (
  `id` int(11) NOT NULL,
  `schedule_id` int(11) NOT NULL,
  `exception_date` date DEFAULT NULL,
  `weekday` tinyint(3) UNSIGNED DEFAULT NULL,
  `disable_run` tinyint(1) NOT NULL DEFAULT 0,
  `disable_online` tinyint(1) NOT NULL DEFAULT 0,
  `created_by_employee_id` int(11) DEFAULT NULL,
  `created_at` timestamp NOT NULL DEFAULT current_timestamp()
) ENGINE=InnoDB DEFAULT CHARSET=utf8mb4 COLLATE=utf8mb4_unicode_ci;

-- --------------------------------------------------------

--
-- Table structure for table `seats`
--

CREATE TABLE `seats` (
  `id` int(11) NOT NULL,
  `vehicle_id` int(11) DEFAULT NULL,
  `seat_number` int(11) DEFAULT NULL,
  `position` varchar(20) DEFAULT NULL,
  `row` int(11) NOT NULL,
  `seat_col` int(11) NOT NULL,
  `is_available` tinyint(1) NOT NULL DEFAULT 1,
  `label` text DEFAULT NULL,
  `seat_type` enum('normal','driver','guide','foldable','wheelchair') NOT NULL DEFAULT 'normal',
  `pair_id` int(11) DEFAULT NULL
) ENGINE=InnoDB DEFAULT CHARSET=utf8mb4 COLLATE=utf8mb4_unicode_ci;

--
-- Dumping data for table `seats`
--

INSERT INTO `seats` (`id`, `vehicle_id`, `seat_number`, `position`, `row`, `seat_col`, `is_available`, `label`, `seat_type`, `pair_id`) VALUES
(1, 1, NULL, NULL, 0, 1, 1, 'Șofer', 'driver', NULL),
(2, 1, NULL, NULL, 0, 4, 1, 'Ghid', 'guide', NULL),
(3, 1, NULL, NULL, 1, 1, 1, '1', 'normal', NULL),
(4, 1, NULL, NULL, 1, 2, 1, '2', 'normal', NULL),
(5, 1, NULL, NULL, 1, 4, 1, '3', 'normal', NULL),
(6, 1, NULL, NULL, 2, 1, 1, '4', 'normal', NULL),
(7, 1, NULL, NULL, 2, 2, 1, '5', 'normal', NULL),
(8, 1, NULL, NULL, 2, 4, 1, '6', 'normal', NULL),
(9, 1, NULL, NULL, 3, 1, 1, '7', 'normal', NULL),
(10, 1, NULL, NULL, 3, 2, 1, '8', 'normal', NULL),
(11, 1, NULL, NULL, 3, 4, 1, '9', 'normal', NULL),
(12, 1, NULL, NULL, 4, 1, 1, '10', 'normal', NULL),
(13, 1, NULL, NULL, 4, 2, 1, '11', 'normal', NULL),
(14, 1, NULL, NULL, 4, 4, 1, '12', 'normal', NULL),
(15, 1, NULL, NULL, 5, 1, 1, '13', 'normal', NULL),
(16, 1, NULL, NULL, 5, 2, 1, '14', 'normal', NULL),
(17, 1, NULL, NULL, 5, 4, 1, '15', 'normal', NULL),
(18, 1, NULL, NULL, 6, 1, 1, '16', 'normal', NULL),
(19, 1, NULL, NULL, 6, 2, 1, '17', 'normal', NULL),
(20, 1, NULL, NULL, 6, 3, 1, '18', 'normal', NULL),
(21, 1, NULL, NULL, 6, 4, 1, '19', 'normal', NULL),
(23, 2, NULL, NULL, 0, 1, 1, 'Șofer', 'driver', NULL),
(24, 2, NULL, NULL, 0, 4, 1, 'Ghid', 'guide', NULL),
(25, 2, NULL, NULL, 1, 1, 1, '1', 'normal', NULL),
(26, 2, NULL, NULL, 1, 2, 1, '2', 'normal', NULL),
(27, 2, NULL, NULL, 1, 4, 1, '3', 'normal', NULL),
(28, 2, NULL, NULL, 2, 1, 1, '4', 'normal', NULL),
(29, 2, NULL, NULL, 2, 2, 1, '5', 'normal', NULL),
(30, 2, NULL, NULL, 2, 4, 1, '6', 'normal', NULL),
(31, 2, NULL, NULL, 3, 1, 1, '7', 'normal', NULL),
(32, 2, NULL, NULL, 3, 2, 1, '8', 'normal', NULL),
(33, 2, NULL, NULL, 3, 4, 1, '9', 'normal', NULL),
(34, 2, NULL, NULL, 4, 1, 1, '10', 'normal', NULL),
(35, 2, NULL, NULL, 4, 2, 1, '11', 'normal', NULL),
(36, 2, NULL, NULL, 4, 4, 1, '12', 'normal', NULL),
(37, 2, NULL, NULL, 5, 1, 1, '13', 'normal', NULL),
(38, 2, NULL, NULL, 5, 2, 1, '14', 'normal', NULL),
(39, 2, NULL, NULL, 5, 4, 1, '15', 'normal', NULL),
(40, 2, NULL, NULL, 6, 1, 1, '16', 'normal', NULL),
(41, 2, NULL, NULL, 6, 2, 1, '17', 'normal', NULL),
(42, 2, NULL, NULL, 6, 3, 1, '18', 'normal', NULL),
(43, 2, NULL, NULL, 6, 4, 1, '19', 'normal', NULL),
(45, 3, NULL, NULL, 0, 1, 1, 'Șofer', 'driver', NULL),
(46, 3, NULL, NULL, 0, 3, 1, 'Ghid', 'guide', NULL),
(47, 3, NULL, NULL, 1, 1, 1, '1', 'normal', NULL),
(48, 3, NULL, NULL, 1, 2, 1, '2', 'normal', NULL),
(49, 3, NULL, NULL, 1, 4, 1, '3', 'normal', NULL),
(50, 3, NULL, NULL, 1, 5, 1, '4', 'normal', NULL),
(51, 3, NULL, NULL, 2, 1, 1, '5', 'normal', NULL),
(52, 3, NULL, NULL, 2, 2, 1, '6', 'normal', NULL),
(53, 3, NULL, NULL, 2, 4, 1, '7', 'normal', NULL),
(54, 3, NULL, NULL, 2, 5, 1, '8', 'normal', NULL),
(55, 3, NULL, NULL, 3, 1, 1, '9', 'normal', NULL),
(56, 3, NULL, NULL, 3, 2, 1, '10', 'normal', NULL),
(57, 3, NULL, NULL, 3, 4, 1, '11', 'normal', NULL),
(58, 3, NULL, NULL, 3, 5, 1, '12', 'normal', NULL),
(59, 3, NULL, NULL, 4, 1, 1, '13', 'normal', NULL),
(60, 3, NULL, NULL, 4, 2, 1, '14', 'normal', NULL),
(61, 3, NULL, NULL, 4, 4, 1, '15', 'normal', NULL),
(62, 3, NULL, NULL, 4, 5, 1, '16', 'normal', NULL),
(63, 3, NULL, NULL, 5, 1, 1, '17', 'normal', NULL),
(64, 3, NULL, NULL, 5, 2, 1, '18', 'normal', NULL),
(65, 3, NULL, NULL, 5, 4, 1, '19', 'normal', NULL),
(66, 3, NULL, NULL, 5, 5, 1, '20', 'normal', NULL),
(67, 3, NULL, NULL, 6, 1, 1, '21', 'normal', NULL),
(68, 3, NULL, NULL, 6, 2, 1, '22', 'normal', NULL),
(69, 3, NULL, NULL, 6, 4, 1, '23', 'normal', NULL),
(70, 3, NULL, NULL, 6, 5, 1, '24', 'normal', NULL),
(71, 3, NULL, NULL, 7, 1, 1, '25', 'normal', NULL),
(72, 3, NULL, NULL, 7, 2, 1, '26', 'normal', NULL),
(73, 3, NULL, NULL, 7, 4, 1, '27', 'normal', NULL),
(74, 3, NULL, NULL, 7, 5, 1, '28', 'normal', NULL),
(75, 3, NULL, NULL, 8, 1, 1, '29', 'normal', NULL),
(76, 3, NULL, NULL, 8, 2, 1, '30', 'normal', NULL),
(77, 3, NULL, NULL, 8, 4, 1, '31', 'normal', NULL),
(78, 3, NULL, NULL, 8, 5, 1, '32', 'normal', NULL),
(79, 3, NULL, NULL, 9, 1, 1, '33', 'normal', NULL),
(80, 3, NULL, NULL, 9, 2, 1, '34', 'normal', NULL),
(81, 3, NULL, NULL, 9, 4, 1, '35', 'normal', NULL),
(82, 3, NULL, NULL, 9, 5, 1, '36', 'normal', NULL),
(83, 3, NULL, NULL, 10, 1, 1, '37', 'normal', NULL),
(84, 3, NULL, NULL, 10, 2, 1, '38', 'normal', NULL),
(85, 3, NULL, NULL, 10, 4, 1, '39', 'normal', NULL),
(86, 3, NULL, NULL, 10, 5, 1, '40', 'normal', NULL),
(87, 3, NULL, NULL, 11, 1, 1, '41', 'normal', NULL),
(88, 3, NULL, NULL, 11, 2, 1, '42', 'normal', NULL),
(89, 3, NULL, NULL, 11, 4, 1, '43', 'normal', NULL),
(90, 3, NULL, NULL, 11, 5, 1, '44', 'normal', NULL),
(91, 3, NULL, NULL, 12, 1, 1, '45', 'normal', NULL),
(92, 3, NULL, NULL, 12, 2, 1, '46', 'normal', NULL),
(93, 3, NULL, NULL, 12, 4, 1, '47', 'normal', NULL),
(94, 3, NULL, NULL, 12, 5, 1, '48', 'normal', NULL),
(95, 3, NULL, NULL, 13, 1, 1, '49', 'normal', NULL),
(96, 3, NULL, NULL, 13, 2, 1, '50', 'normal', NULL),
(97, 3, NULL, NULL, 13, 4, 1, '51', 'normal', NULL);

-- --------------------------------------------------------

--
-- Table structure for table `seat_locks`
--

CREATE TABLE `seat_locks` (
  `id` bigint(20) UNSIGNED NOT NULL,
  `trip_id` bigint(20) UNSIGNED NOT NULL,
  `seat_id` bigint(20) UNSIGNED NOT NULL,
  `board_station_id` bigint(20) UNSIGNED NOT NULL,
  `exit_station_id` bigint(20) UNSIGNED NOT NULL,
  `operator_id` bigint(20) UNSIGNED DEFAULT NULL,
  `employee_id` bigint(20) UNSIGNED DEFAULT NULL,
  `hold_token` varchar(64) NOT NULL,
  `created_at` datetime NOT NULL DEFAULT current_timestamp(),
  `expires_at` datetime NOT NULL
) ENGINE=InnoDB DEFAULT CHARSET=utf8mb4 COLLATE=utf8mb4_general_ci;

-- --------------------------------------------------------

--
-- Table structure for table `sessions`
--

CREATE TABLE `sessions` (
  `id` int(11) NOT NULL,
  `employee_id` int(11) NOT NULL,
  `token_hash` varchar(255) NOT NULL,
  `user_agent` varchar(255) DEFAULT NULL,
  `ip` varchar(64) DEFAULT NULL,
  `created_at` datetime NOT NULL DEFAULT current_timestamp(),
  `expires_at` datetime NOT NULL,
  `revoked_at` datetime DEFAULT NULL,
  `rotated_from` varchar(255) DEFAULT NULL
) ENGINE=InnoDB DEFAULT CHARSET=utf8mb4 COLLATE=utf8mb4_unicode_ci;

--
-- Dumping data for table `sessions`
--

INSERT INTO `sessions` (`id`, `employee_id`, `token_hash`, `user_agent`, `ip`, `created_at`, `expires_at`, `revoked_at`, `rotated_from`) VALUES
(15, 1, '007ffe6c6667e234d437e29d21aab73b7607e6b34df1b528d0adf8ff81a24b9c', 'Mozilla/5.0 (Windows NT 10.0; Win64; x64) AppleWebKit/537.36 (KHTML, like Gecko) Chrome/142.0.0.0 Safari/537.36 Edg/142.0.0.0', '82.77.242.74', '2025-11-07 09:54:10', '2025-12-07 09:54:10', NULL, NULL),
(16, 1, '93703c5bc4a3c0de36099602e61d9a95869e9d5dc25470a1aaeaafd32c377b92', 'Mozilla/5.0 (Windows NT 10.0; Win64; x64) AppleWebKit/537.36 (KHTML, like Gecko) Chrome/142.0.0.0 Safari/537.36 Edg/142.0.0.0', '82.77.242.74', '2025-11-07 11:49:31', '2025-12-07 11:49:31', NULL, NULL),
(17, 1, '88d31ae4240ec73791eaa81839457539bfce9ccdcca38681bc67c195911beac7', 'Mozilla/5.0 (Windows NT 10.0; Win64; x64) AppleWebKit/537.36 (KHTML, like Gecko) Chrome/142.0.0.0 Safari/537.36 Edg/142.0.0.0', '82.77.242.74', '2025-11-10 12:09:04', '2025-12-10 12:09:04', '2025-11-10 12:59:57', NULL),
(18, 1, 'fd32512219d5ccf786d596b1e589f4bcf420d9b80277a51d1054fa061f2e3a11', 'Mozilla/5.0 (Windows NT 10.0; Win64; x64) AppleWebKit/537.36 (KHTML, like Gecko) Chrome/142.0.0.0 Safari/537.36 Edg/142.0.0.0', '82.77.242.74', '2025-11-10 13:00:30', '2025-12-10 13:00:30', NULL, NULL),
(19, 4, 'ce43d61d820a6c5d36955e317322e5cdd6cb7c7a1d46c14dc739eaab2205f8e6', 'Mozilla/5.0 (Linux; Android 10; K) AppleWebKit/537.36 (KHTML, like Gecko) SamsungBrowser/29.0 Chrome/136.0.0.0 Mobile Safari/537.36', '82.77.242.74', '2025-11-10 14:31:08', '2025-12-10 14:31:08', NULL, NULL),
(20, 1, '0d90deac4d25516e1e0e05d3763f0eae413f0501671569b17d7acb4be0f8e157', 'Mozilla/5.0 (Windows NT 10.0; Win64; x64) AppleWebKit/537.36 (KHTML, like Gecko) Chrome/142.0.0.0 Safari/537.36 Edg/142.0.0.0', '82.77.242.74', '2025-11-11 08:42:42', '2025-12-11 08:42:42', NULL, NULL),
(21, 1, '9a10f3b15ba3ff8b71b7ad1bff8c749493df9aadc1de57dd9c71eb7047325e3d', 'Mozilla/5.0 (Windows NT 10.0; Win64; x64) AppleWebKit/537.36 (KHTML, like Gecko) Chrome/142.0.0.0 Safari/537.36 Edg/142.0.0.0', '82.77.242.74', '2025-11-11 08:42:42', '2025-12-11 08:42:42', NULL, NULL),
(22, 4, '2cee8bc8de8fe29ecf6ee7150f1ccef382990adf41684f4b150332a0ec42b9c6', 'Mozilla/5.0 (Windows NT 10.0; Win64; x64) AppleWebKit/537.36 (KHTML, like Gecko) Chrome/142.0.0.0 Safari/537.36', '82.77.242.74', '2025-11-11 10:49:58', '2025-12-11 10:49:58', NULL, NULL),
(23, 5, '6acc2a95fdcc976032004930a68e44414206574685dcf6f31e38df9c37fc57f8', 'Mozilla/5.0 (Linux; Android 10; K) AppleWebKit/537.36 (KHTML, like Gecko) Chrome/142.0.0.0 Mobile Safari/537.36', '82.77.242.74', '2025-11-11 13:58:49', '2025-12-11 13:58:49', NULL, NULL),
(24, 1, '4ada61e2eae42645aa997d92618e64dd0f2cfcb13e65e5d3b29ca1ab6218906f', 'Mozilla/5.0 (Linux; Android 10; K) AppleWebKit/537.36 (KHTML, like Gecko) Chrome/142.0.0.0 Mobile Safari/537.36', '82.77.242.74', '2025-11-11 14:15:30', '2025-12-11 14:15:30', NULL, NULL);

-- --------------------------------------------------------

--
-- Table structure for table `stations`
--

CREATE TABLE `stations` (
  `id` int(11) NOT NULL,
  `name` text NOT NULL,
  `locality` text DEFAULT NULL,
  `county` text DEFAULT NULL,
  `latitude` decimal(11,8) DEFAULT NULL,
  `longitude` decimal(11,8) DEFAULT NULL,
  `created_at` datetime NOT NULL DEFAULT current_timestamp(),
  `updated_at` datetime NOT NULL DEFAULT current_timestamp() ON UPDATE current_timestamp()
) ENGINE=InnoDB DEFAULT CHARSET=utf8mb4 COLLATE=utf8mb4_unicode_ci;

--
-- Dumping data for table `stations`
--

INSERT INTO `stations` (`id`, `name`, `locality`, `county`, `latitude`, `longitude`, `created_at`, `updated_at`) VALUES
(1, 'Botoșani', 'Botoșani', 'Botoșani', 47.74203016, 26.66423654, '2025-10-24 16:11:41', '2025-11-03 09:07:48'),
(2, 'Iași', 'Iași', 'Iași', -0.00102997, -0.03227234, '2025-10-24 16:11:56', '2025-10-24 16:11:56'),
(3, 'Hârlău', 'Hârlău', 'Iași', 0.00000000, 0.00000000, '2025-10-31 22:06:26', '2025-11-10 15:32:54'),
(4, 'Flămânzi', 'Flămânzi', 'Botoșani', 47.56078292, 26.89753469, '2025-11-10 14:17:46', '2025-11-10 14:17:46'),
(5, 'Rădeni', 'Rădeni', 'Botoșani', 0.00000000, 0.00000000, '2025-11-10 14:18:05', '2025-11-10 15:32:42'),
(6, 'Buda', 'Buda', 'Botoșani', 0.00000000, 0.00000000, '2025-11-10 14:18:19', '2025-11-10 14:18:19'),
(7, 'Copălău', 'Copălău', 'Botoșani', 0.00000000, 0.00000000, '2025-11-10 14:18:35', '2025-11-10 14:18:35'),
(8, 'Cotu', 'Cotu', 'Botoșani', 0.00000000, 0.00000000, '2025-11-10 14:19:13', '2025-11-10 14:19:13'),
(9, 'Frumușica', 'Frumușica', 'Botoșani', 0.00000000, 0.00000000, '2025-11-10 14:19:33', '2025-11-10 14:19:33'),
(10, 'Cotnari', 'Cotnari', 'Iași', 0.00000000, 0.00000000, '2025-11-10 14:19:51', '2025-11-10 14:19:51'),
(11, 'Balș', 'Balș', 'Iași', 0.00000000, 0.00000000, '2025-11-10 14:20:04', '2025-11-10 14:20:04'),
(12, 'Boureni', 'Boureni', 'Iași', 0.00000000, 0.00000000, '2025-11-10 14:20:14', '2025-11-10 14:20:14'),
(13, 'Lețcani', 'Lețcani', 'Iași', 0.00000000, 0.00000000, '2025-11-10 14:24:29', '2025-11-10 14:24:29'),
(14, 'Podu Iloaiei', 'Podu Iloaiei', 'Iași', 0.00000000, 0.00000000, '2025-11-10 14:24:53', '2025-11-10 14:24:53'),
(15, 'Budăi', 'Budăi', 'Iași', 0.00000000, 0.00000000, '2025-11-10 14:25:06', '2025-11-10 14:25:06'),
(16, 'Sârca', 'Sârca', 'Iași', 0.00000000, 0.00000000, '2025-11-10 14:25:27', '2025-11-10 14:25:27'),
(17, 'Mădârjești', 'Mădârjești', 'Iași', 0.00000000, 0.00000000, '2025-11-10 14:25:41', '2025-11-10 14:25:41'),
(18, 'Bălțați', 'Bălțați', 'Iași', 0.00000000, 0.00000000, '2025-11-10 14:26:02', '2025-11-10 14:26:02'),
(19, 'Războieni', 'Războieni', 'Iași', 0.00000000, 0.00000000, '2025-11-10 14:26:17', '2025-11-10 14:26:17'),
(20, 'Târgu Frumos', 'Târgu Frumos', 'Iași', 0.00000000, 0.00000000, '2025-11-10 14:26:37', '2025-11-10 14:26:37'),
(21, 'Zlodica', 'Zlodica', 'Iași', 0.00000000, 0.00000000, '2025-11-10 14:27:01', '2025-11-10 14:27:01'),
(22, 'Ceplenița', 'Ceplenița', 'Iași', 0.00000000, 0.00000000, '2025-11-10 14:27:14', '2025-11-10 14:27:14'),
(23, 'Scobinți', 'Scobinți', 'Iași', 0.00000000, 0.00000000, '2025-11-10 14:27:31', '2025-11-10 14:27:31'),
(24, 'Maxut', 'Maxut', 'Iași', 0.00000000, 0.00000000, '2025-11-10 14:27:40', '2025-11-10 14:27:40'),
(25, 'Draxini', 'Draxini', 'Botoșani', 0.00000000, 0.00000000, '2025-11-10 14:27:59', '2025-11-10 14:27:59'),
(26, 'Zosin', 'Zosin', 'Botoșani', 0.00000000, 0.00000000, '2025-11-10 14:28:13', '2025-11-10 14:28:13'),
(27, 'Buzeni', 'Buzeni', 'Botoșani', 0.00000000, 0.00000000, '2025-11-10 14:29:31', '2025-11-10 14:29:31'),
(28, 'Cristești', 'Cristești', 'Botoșani', 0.00000000, 0.00000000, '2025-11-10 14:29:53', '2025-11-10 14:29:53'),
(29, 'Zăicești', 'Zăicești', 'Botoșani', 0.00000000, 0.00000000, '2025-11-10 14:30:10', '2025-11-10 14:30:10'),
(30, 'Cătămărăști', 'Cătămărăști', 'Botoșani', 0.00000000, 0.00000000, '2025-11-10 14:30:27', '2025-11-10 14:30:27'),
(31, 'Cucorăni', 'Cucorăni', 'Botoșani', 0.00000000, 0.00000000, '2025-11-10 14:30:44', '2025-11-10 14:30:44'),
(32, 'Călinești', 'Călinești', 'Botoșani', 0.00000000, 0.00000000, '2025-11-10 14:31:01', '2025-11-10 14:31:01'),
(33, 'Bucecea', 'Bucecea', 'Botoșani', 0.00000000, 0.00000000, '2025-11-10 14:31:17', '2025-11-10 14:31:17'),
(34, 'Ionășeni', 'Ionășeni', 'Botoșani', 0.00000000, 0.00000000, '2025-11-10 14:31:42', '2025-11-10 14:31:42'),
(35, 'Vârfu Câmpului', 'Vârfu Câmpului', 'Botoșani', 0.00000000, 0.00000000, '2025-11-10 14:31:58', '2025-11-10 14:31:58'),
(36, 'Lunca - Maghera', 'Lunca - Maghera', 'Botoșani', 0.00000000, 0.00000000, '2025-11-10 14:32:19', '2025-11-10 14:32:19'),
(37, 'Talpa - Călinești', 'Talpa - Călinești', 'Botoșani', 0.00000000, 0.00000000, '2025-11-10 14:32:33', '2025-11-10 14:32:33'),
(38, 'Cândești', 'Cândești', 'Botoșani', 0.00000000, 0.00000000, '2025-11-10 14:32:53', '2025-11-10 14:32:53'),
(39, 'Pârâu Negru', 'Pârâu Negru', 'Botoșani', 0.00000000, 0.00000000, '2025-11-10 14:33:07', '2025-11-10 14:33:07'),
(40, 'Mihăileni', 'Mihăileni', 'Botoșani', 0.00000000, 0.00000000, '2025-11-10 14:33:21', '2025-11-10 14:33:21'),
(41, 'Siret', 'Siret', 'Botoșani', 0.00000000, 0.00000000, '2025-11-10 14:33:32', '2025-11-10 14:33:32'),
(42, 'Negostina', 'Negostina', 'Botoșani', 0.00000000, 0.00000000, '2025-11-10 14:38:00', '2025-11-10 14:38:00'),
(43, 'Bălcăuți', 'Bălcăuți', 'Botoșani', 0.00000000, 0.00000000, '2025-11-10 14:38:15', '2025-11-10 14:38:15'),
(44, 'Dornești', 'Dornești', 'Botoșani', 0.00000000, 0.00000000, '2025-11-10 14:38:30', '2025-11-10 14:38:30'),
(45, 'Rădăuți', 'Rădăuți', 'Botoșani', 0.00000000, 0.00000000, '2025-11-10 14:38:41', '2025-11-10 14:38:41'),
(46, 'Dorohoi', 'Dorohoi', 'Botoșani', 0.00000000, 0.00000000, '2025-11-10 15:47:55', '2025-11-10 15:47:55'),
(47, 'Dealu Mare', 'Dealu Mare', 'Botoșani', 0.00000000, 0.00000000, '2025-11-10 15:57:56', '2025-11-10 15:57:56'),
(48, 'Săucenița', 'Săucenița', 'Botoșani', 0.00000000, 0.00000000, '2025-11-10 15:58:12', '2025-11-10 15:58:12'),
(49, 'Văculești', 'Văculești', 'Botoșani', 0.00000000, 0.00000000, '2025-11-10 15:58:28', '2025-11-10 15:58:28'),
(50, 'Brăești - Poiana', 'Brăești - Poiana', 'Botoșani', 0.00000000, 0.00000000, '2025-11-10 15:58:44', '2025-11-10 15:58:44'),
(51, 'Mitoc - Poiana', 'Mitoc - Poiana', 'Botoșani', 0.00000000, 0.00000000, '2025-11-10 15:59:02', '2025-11-10 15:59:02'),
(52, 'Leorda', 'Leorda', 'Botoșani', 0.00000000, 0.00000000, '2025-11-10 15:59:13', '2025-11-10 15:59:13'),
(53, 'Cervicești', 'Cervicești', 'Botoșani', 0.00000000, 0.00000000, '2025-11-10 15:59:29', '2025-11-10 15:59:29'),
(54, 'Leorda Blocuri', 'Leorda', 'Botoșani', 0.00000000, 0.00000000, '2025-11-10 15:59:43', '2025-11-10 15:59:43'),
(55, 'Miclăușeni', 'Strunga', 'Iași', 0.00000000, 0.00000000, '2025-11-11 09:01:30', '2025-11-11 09:02:21'),
(56, 'Castelul de Apă', 'Traian', 'Iași', 0.00000000, 0.00000000, '2025-11-11 09:02:13', '2025-11-11 09:02:13'),
(57, 'Roman', 'Roman', 'Neamț', 0.00000000, 0.00000000, '2025-11-11 09:02:37', '2025-11-11 09:02:37'),
(58, 'Horia', 'Horia', 'Neamț', 0.00000000, 0.00000000, '2025-11-11 09:03:05', '2025-11-11 09:03:05'),
(59, 'Secuienii Noi', 'Secuienii Noi', 'Neamț', 0.00000000, 0.00000000, '2025-11-11 09:03:22', '2025-11-11 09:03:22'),
(60, 'Hârlești - Onișcani', '', 'Bacău', 0.00000000, 0.00000000, '2025-11-11 09:03:47', '2025-11-11 09:22:50'),
(61, 'Dumbrava - Filipești', '', 'Bacău', 0.00000000, 0.00000000, '2025-11-11 09:04:54', '2025-11-11 09:20:01'),
(62, 'Bacău', 'Bacău', 'Bacău', 0.00000000, 0.00000000, '2025-11-11 09:05:23', '2025-11-11 09:05:23'),
(63, 'Bârzulești - Sănduleni', '', 'Bacău', 0.00000000, 0.00000000, '2025-11-11 09:05:46', '2025-11-11 09:45:47'),
(64, 'Orășa - Livezi - Bălăneasa', '', 'Bacău', 0.00000000, 0.00000000, '2025-11-11 09:10:34', '2025-11-11 09:21:59'),
(65, 'Helegiu - Brătila', NULL, 'Bacău', 0.00000000, 0.00000000, '2025-11-11 09:46:46', '2025-11-11 09:46:46'),
(66, 'Onești', 'Onești', 'Bacău', 0.00000000, 0.00000000, '2025-11-11 09:46:59', '2025-11-11 09:46:59'),
(67, 'Filipești', 'Filipești', 'Bacău', 0.00000000, 0.00000000, '2025-11-11 09:47:16', '2025-11-11 09:47:16'),
(68, 'Ferestrău - Oituz', 'Oituz', 'Bacău', 0.00000000, 0.00000000, '2025-11-11 09:48:12', '2025-11-11 09:48:12'),
(69, 'Hârja - Poiana Sărată', NULL, 'Bacău', 0.00000000, 0.00000000, '2025-11-11 09:48:36', '2025-11-11 09:48:36'),
(70, 'Pasul Oituz', 'Oituz', 'Covasna', 0.00000000, 0.00000000, '2025-11-11 09:48:51', '2025-11-11 09:48:51'),
(71, 'Brețcu - Lemnia', NULL, 'Covasna', 0.00000000, 0.00000000, '2025-11-11 09:49:17', '2025-11-11 09:49:17'),
(72, 'Lunga - Săsăuși - Tinoasa', NULL, 'Covasna', 0.00000000, 0.00000000, '2025-11-11 09:54:02', '2025-11-11 09:54:02'),
(73, 'Târgu Secuiesc', 'Târgu Secuiesc', 'Covasna', 0.00000000, 0.00000000, '2025-11-11 09:54:17', '2025-11-11 09:54:17'),
(74, 'Cernat', 'Cernat', 'Covasna', 0.00000000, 0.00000000, '2025-11-11 09:54:31', '2025-11-11 09:54:31'),
(75, 'Moacșa - Eresteghin', NULL, 'Covasna', 0.00000000, 0.00000000, '2025-11-11 09:55:05', '2025-11-11 09:55:05'),
(76, 'Reci', 'Reci', 'Covasna', 0.00000000, 0.00000000, '2025-11-11 09:55:32', '2025-11-11 09:55:32'),
(77, 'Sântionluca - Ozun', NULL, 'Covasna', 0.00000000, 0.00000000, '2025-11-11 09:56:00', '2025-11-11 09:56:00'),
(78, 'Chichiș - Lunca Câlnicului', NULL, 'Covasna', 0.00000000, 0.00000000, '2025-11-11 09:56:24', '2025-11-11 09:56:24'),
(79, 'Hărman', 'Hărman', 'Brașov', 0.00000000, 0.00000000, '2025-11-11 09:56:40', '2025-11-11 09:56:40'),
(80, 'Brașov', 'Brașov', 'Brașov', 0.00000000, 0.00000000, '2025-11-11 09:56:53', '2025-11-11 09:56:53');

-- --------------------------------------------------------

--
-- Table structure for table `traveler_defaults`
--

CREATE TABLE `traveler_defaults` (
  `id` int(11) NOT NULL,
  `phone` varchar(30) DEFAULT NULL,
  `route_id` int(11) DEFAULT NULL,
  `use_count` int(11) DEFAULT 0,
  `last_used_at` datetime DEFAULT NULL,
  `board_station_id` int(11) DEFAULT NULL,
  `exit_station_id` int(11) DEFAULT NULL,
  `direction` enum('tur','retur') NOT NULL DEFAULT 'tur'
) ENGINE=InnoDB DEFAULT CHARSET=utf8mb4 COLLATE=utf8mb4_unicode_ci;

--
-- Dumping data for table `traveler_defaults`
--

INSERT INTO `traveler_defaults` (`id`, `phone`, `route_id`, `use_count`, `last_used_at`, `board_station_id`, `exit_station_id`, `direction`) VALUES
(2, '0743171315', 1, 1, '2025-11-11 16:20:24', 3, 2, 'tur');

-- --------------------------------------------------------

--
-- Table structure for table `trips`
--

CREATE TABLE `trips` (
  `id` int(11) NOT NULL,
  `route_id` int(11) DEFAULT NULL,
  `vehicle_id` int(11) DEFAULT NULL,
  `date` date DEFAULT NULL,
  `time` time DEFAULT NULL,
  `disabled` tinyint(1) NOT NULL DEFAULT 0,
  `boarding_started` tinyint(1) NOT NULL DEFAULT 0,
  `route_schedule_id` int(11) DEFAULT NULL
) ENGINE=InnoDB DEFAULT CHARSET=utf8mb4 COLLATE=utf8mb4_unicode_ci;

--
-- Dumping data for table `trips`
--

INSERT INTO `trips` (`id`, `route_id`, `vehicle_id`, `date`, `time`, `disabled`, `boarding_started`, `route_schedule_id`) VALUES
(838, 1, 2, '2025-11-10', '06:00:00', 0, 0, 1),
(839, 1, 2, '2025-11-10', '07:00:00', 0, 0, 3),
(840, 1, 1, '2025-11-10', '07:00:00', 0, 0, 15),
(841, 1, 2, '2025-11-10', '09:00:00', 0, 0, 5),
(842, 1, 2, '2025-11-10', '10:00:00', 0, 0, 16),
(843, 1, 1, '2025-11-10', '11:30:00', 0, 0, 6),
(844, 1, 2, '2025-11-10', '12:00:00', 0, 0, 24),
(845, 1, 1, '2025-11-10', '13:00:00', 0, 0, 19),
(846, 1, 2, '2025-11-10', '13:30:00', 0, 0, 11),
(847, 1, 2, '2025-11-10', '14:00:00', 0, 0, 20),
(848, 1, 1, '2025-11-10', '15:00:00', 0, 0, 21),
(849, 1, 2, '2025-11-10', '15:30:00', 0, 0, 12),
(850, 1, 1, '2025-11-10', '17:00:00', 0, 0, 13),
(851, 1, 2, '2025-11-10', '17:00:00', 0, 0, 22),
(852, 1, 1, '2025-11-10', '19:00:00', 0, 0, 14),
(853, 1, 2, '2025-11-10', '19:00:00', 0, 0, 23),
(854, 3, 1, '2025-11-10', '08:00:00', 0, 0, 9),
(855, 3, 1, '2025-11-10', '16:00:00', 0, 0, 10),
(856, 4, 1, '2025-11-10', '07:00:00', 0, 0, 25),
(857, 4, 1, '2025-11-10', '11:00:00', 0, 0, 26),
(858, 1, 2, '2025-11-11', '06:00:00', 0, 0, 1),
(859, 1, 2, '2025-11-11', '07:00:00', 0, 0, 3),
(860, 1, 1, '2025-11-11', '07:00:00', 0, 0, 15),
(861, 1, 2, '2025-11-11', '09:00:00', 0, 0, 5),
(862, 1, 2, '2025-11-11', '10:00:00', 0, 0, 16),
(863, 1, 1, '2025-11-11', '11:30:00', 0, 0, 6),
(864, 1, 2, '2025-11-11', '12:00:00', 0, 0, 24),
(865, 1, 1, '2025-11-11', '13:00:00', 0, 0, 19),
(866, 1, 2, '2025-11-11', '13:30:00', 0, 0, 11),
(867, 1, 2, '2025-11-11', '14:00:00', 0, 0, 20),
(868, 1, 1, '2025-11-11', '15:00:00', 0, 0, 21),
(869, 1, 2, '2025-11-11', '15:30:00', 0, 0, 12),
(870, 1, 1, '2025-11-11', '17:00:00', 0, 0, 13),
(871, 1, 2, '2025-11-11', '17:00:00', 0, 0, 22),
(872, 1, 1, '2025-11-11', '19:00:00', 0, 0, 14),
(873, 1, 2, '2025-11-11', '19:00:00', 0, 0, 23),
(874, 3, 1, '2025-11-11', '08:00:00', 0, 0, 9),
(875, 3, 1, '2025-11-11', '16:00:00', 0, 0, 10),
(876, 4, 1, '2025-11-11', '07:00:00', 0, 0, 25),
(877, 4, 1, '2025-11-11', '11:00:00', 0, 0, 26),
(878, 1, 2, '2025-11-12', '06:00:00', 0, 0, 1),
(879, 1, 2, '2025-11-12', '07:00:00', 0, 0, 3),
(880, 1, 1, '2025-11-12', '07:00:00', 0, 0, 15),
(881, 1, 2, '2025-11-12', '09:00:00', 0, 0, 5),
(882, 1, 2, '2025-11-12', '10:00:00', 0, 0, 16),
(883, 1, 1, '2025-11-12', '11:30:00', 0, 0, 6),
(884, 1, 2, '2025-11-12', '12:00:00', 0, 0, 24),
(885, 1, 1, '2025-11-12', '13:00:00', 0, 0, 19),
(886, 1, 2, '2025-11-12', '13:30:00', 0, 0, 11),
(887, 1, 2, '2025-11-12', '14:00:00', 0, 0, 20),
(888, 1, 1, '2025-11-12', '15:00:00', 0, 0, 21),
(889, 1, 2, '2025-11-12', '15:30:00', 0, 0, 12),
(890, 1, 1, '2025-11-12', '17:00:00', 0, 0, 13),
(891, 1, 2, '2025-11-12', '17:00:00', 0, 0, 22),
(892, 1, 1, '2025-11-12', '19:00:00', 0, 0, 14),
(893, 1, 2, '2025-11-12', '19:00:00', 0, 0, 23),
(894, 3, 1, '2025-11-12', '08:00:00', 0, 0, 9),
(895, 3, 1, '2025-11-12', '16:00:00', 0, 0, 10),
(896, 4, 1, '2025-11-12', '07:00:00', 0, 0, 25),
(897, 4, 1, '2025-11-12', '11:00:00', 0, 0, 26),
(898, 1, 2, '2025-11-13', '06:00:00', 0, 0, 1),
(899, 1, 2, '2025-11-13', '07:00:00', 0, 0, 3),
(900, 1, 1, '2025-11-13', '07:00:00', 0, 0, 15),
(901, 1, 2, '2025-11-13', '09:00:00', 0, 0, 5),
(902, 1, 2, '2025-11-13', '10:00:00', 0, 0, 16),
(903, 1, 1, '2025-11-13', '11:30:00', 0, 0, 6),
(904, 1, 2, '2025-11-13', '12:00:00', 0, 0, 24),
(905, 1, 1, '2025-11-13', '13:00:00', 0, 0, 19),
(906, 1, 2, '2025-11-13', '13:30:00', 0, 0, 11),
(907, 1, 2, '2025-11-13', '14:00:00', 0, 0, 20),
(908, 1, 1, '2025-11-13', '15:00:00', 0, 0, 21),
(909, 1, 2, '2025-11-13', '15:30:00', 0, 0, 12),
(910, 1, 1, '2025-11-13', '17:00:00', 0, 0, 13),
(911, 1, 2, '2025-11-13', '17:00:00', 0, 0, 22),
(912, 1, 1, '2025-11-13', '19:00:00', 0, 0, 14),
(913, 1, 2, '2025-11-13', '19:00:00', 0, 0, 23),
(914, 3, 1, '2025-11-13', '08:00:00', 0, 0, 9),
(915, 3, 1, '2025-11-13', '16:00:00', 0, 0, 10),
(916, 4, 1, '2025-11-13', '07:00:00', 0, 0, 25),
(917, 4, 1, '2025-11-13', '11:00:00', 0, 0, 26),
(918, 1, 2, '2025-11-14', '06:00:00', 0, 0, 1),
(919, 1, 2, '2025-11-14', '07:00:00', 0, 0, 3),
(920, 1, 1, '2025-11-14', '07:00:00', 0, 0, 15),
(921, 1, 2, '2025-11-14', '09:00:00', 0, 0, 5),
(922, 1, 2, '2025-11-14', '10:00:00', 0, 0, 16),
(923, 1, 1, '2025-11-14', '11:30:00', 0, 0, 6),
(924, 1, 2, '2025-11-14', '12:00:00', 0, 0, 24),
(925, 1, 1, '2025-11-14', '13:00:00', 0, 0, 19),
(926, 1, 2, '2025-11-14', '13:30:00', 0, 0, 11),
(927, 1, 2, '2025-11-14', '14:00:00', 0, 0, 20),
(928, 1, 1, '2025-11-14', '15:00:00', 0, 0, 21),
(929, 1, 2, '2025-11-14', '15:30:00', 0, 0, 12),
(930, 1, 1, '2025-11-14', '17:00:00', 0, 0, 13),
(931, 1, 2, '2025-11-14', '17:00:00', 0, 0, 22),
(932, 1, 1, '2025-11-14', '19:00:00', 0, 0, 14),
(933, 1, 2, '2025-11-14', '19:00:00', 0, 0, 23),
(934, 3, 1, '2025-11-14', '08:00:00', 0, 0, 9),
(935, 3, 1, '2025-11-14', '16:00:00', 0, 0, 10),
(936, 4, 1, '2025-11-14', '07:00:00', 0, 0, 25),
(937, 4, 1, '2025-11-14', '11:00:00', 0, 0, 26),
(938, 1, 2, '2025-11-15', '06:00:00', 0, 0, 1),
(939, 1, 2, '2025-11-15', '07:00:00', 0, 0, 3),
(940, 1, 1, '2025-11-15', '07:00:00', 0, 0, 15),
(941, 1, 2, '2025-11-15', '09:00:00', 0, 0, 5),
(942, 1, 2, '2025-11-15', '10:00:00', 0, 0, 16),
(943, 1, 1, '2025-11-15', '11:30:00', 0, 0, 6),
(944, 1, 2, '2025-11-15', '12:00:00', 0, 0, 24),
(945, 1, 1, '2025-11-15', '13:00:00', 0, 0, 19),
(946, 1, 2, '2025-11-15', '13:30:00', 0, 0, 11),
(947, 1, 2, '2025-11-15', '14:00:00', 0, 0, 20),
(948, 1, 1, '2025-11-15', '15:00:00', 0, 0, 21),
(949, 1, 2, '2025-11-15', '15:30:00', 0, 0, 12),
(950, 1, 1, '2025-11-15', '17:00:00', 0, 0, 13),
(951, 1, 2, '2025-11-15', '17:00:00', 0, 0, 22),
(952, 1, 1, '2025-11-15', '19:00:00', 0, 0, 14),
(953, 1, 2, '2025-11-15', '19:00:00', 0, 0, 23),
(954, 3, 1, '2025-11-15', '08:00:00', 0, 0, 9),
(955, 3, 1, '2025-11-15', '16:00:00', 0, 0, 10),
(956, 4, 1, '2025-11-15', '07:00:00', 0, 0, 25),
(957, 4, 1, '2025-11-15', '11:00:00', 0, 0, 26),
(958, 1, 2, '2025-11-16', '06:00:00', 0, 0, 1),
(959, 1, 2, '2025-11-16', '07:00:00', 0, 0, 3),
(960, 1, 1, '2025-11-16', '07:00:00', 0, 0, 15),
(961, 1, 2, '2025-11-16', '09:00:00', 0, 0, 5),
(962, 1, 2, '2025-11-16', '10:00:00', 0, 0, 16),
(963, 1, 1, '2025-11-16', '11:30:00', 0, 0, 6),
(964, 1, 2, '2025-11-16', '12:00:00', 0, 0, 24),
(965, 1, 1, '2025-11-16', '13:00:00', 0, 0, 19),
(966, 1, 2, '2025-11-16', '13:30:00', 0, 0, 11),
(967, 1, 2, '2025-11-16', '14:00:00', 0, 0, 20),
(968, 1, 1, '2025-11-16', '15:00:00', 0, 0, 21),
(969, 1, 2, '2025-11-16', '15:30:00', 0, 0, 12),
(970, 1, 1, '2025-11-16', '17:00:00', 0, 0, 13),
(971, 1, 2, '2025-11-16', '17:00:00', 0, 0, 22),
(972, 1, 1, '2025-11-16', '19:00:00', 0, 0, 14),
(973, 1, 2, '2025-11-16', '19:00:00', 0, 0, 23),
(974, 3, 1, '2025-11-16', '08:00:00', 0, 0, 9),
(975, 3, 1, '2025-11-16', '16:00:00', 0, 0, 10),
(976, 4, 1, '2025-11-16', '07:00:00', 0, 0, 25),
(977, 4, 1, '2025-11-16', '11:00:00', 0, 0, 26),
(978, 4, 1, '2026-02-20', '07:00:00', 0, 0, 25),
(979, 1, 2, '2025-11-17', '06:00:00', 0, 0, 1),
(980, 1, 2, '2025-11-17', '07:00:00', 0, 0, 3),
(981, 1, 1, '2025-11-17', '07:00:00', 0, 0, 15),
(982, 1, 2, '2025-11-17', '09:00:00', 0, 0, 5),
(983, 1, 2, '2025-11-17', '10:00:00', 0, 0, 16),
(984, 1, 1, '2025-11-17', '11:30:00', 0, 0, 6),
(985, 1, 2, '2025-11-17', '12:00:00', 0, 0, 24),
(986, 1, 1, '2025-11-17', '13:00:00', 0, 0, 19),
(987, 1, 2, '2025-11-17', '13:30:00', 0, 0, 11),
(988, 1, 2, '2025-11-17', '14:00:00', 0, 0, 20),
(989, 1, 1, '2025-11-17', '15:00:00', 0, 0, 21),
(990, 1, 2, '2025-11-17', '15:30:00', 0, 0, 12),
(991, 1, 1, '2025-11-17', '17:00:00', 0, 0, 13),
(992, 1, 2, '2025-11-17', '17:00:00', 0, 0, 22),
(993, 1, 1, '2025-11-17', '19:00:00', 0, 0, 14),
(994, 1, 2, '2025-11-17', '19:00:00', 0, 0, 23),
(995, 3, 1, '2025-11-17', '08:00:00', 0, 0, 9),
(996, 3, 1, '2025-11-17', '16:00:00', 0, 0, 10),
(997, 4, 1, '2025-11-17', '07:00:00', 0, 0, 25),
(998, 4, 1, '2025-11-17', '11:00:00', 0, 0, 26),
(999, 5, 1, '2025-11-11', '08:00:00', 0, 0, 27),
(1000, 5, 1, '2025-11-11', '16:00:00', 0, 0, 28),
(1001, 5, 1, '2025-11-12', '08:00:00', 0, 0, 27),
(1002, 5, 1, '2025-11-12', '16:00:00', 0, 0, 28),
(1003, 5, 1, '2025-11-13', '08:00:00', 0, 0, 27),
(1004, 5, 1, '2025-11-13', '16:00:00', 0, 0, 28),
(1005, 5, 1, '2025-11-14', '08:00:00', 0, 0, 27),
(1006, 5, 1, '2025-11-14', '16:00:00', 0, 0, 28),
(1007, 5, 1, '2025-11-15', '08:00:00', 0, 0, 27),
(1008, 5, 1, '2025-11-15', '16:00:00', 0, 0, 28),
(1009, 5, 1, '2025-11-16', '08:00:00', 0, 0, 27),
(1010, 5, 1, '2025-11-16', '16:00:00', 0, 0, 28),
(1011, 5, 1, '2025-11-17', '08:00:00', 0, 0, 27),
(1012, 5, 1, '2025-11-17', '16:00:00', 0, 0, 28),
(1015, 5, 1, '2025-11-21', '08:00:00', 0, 0, 27);

--
-- Triggers `trips`
--
DELIMITER $$
CREATE TRIGGER `trg_trips_ai_snapshot` AFTER INSERT ON `trips` FOR EACH ROW BEGIN
  CALL sp_fill_trip_stations(NEW.id);
END
$$
DELIMITER ;

-- --------------------------------------------------------

--
-- Table structure for table `trip_stations`
--

CREATE TABLE `trip_stations` (
  `trip_id` int(11) NOT NULL,
  `station_id` int(11) NOT NULL,
  `sequence` int(11) NOT NULL
) ENGINE=InnoDB DEFAULT CHARSET=utf8mb4 COLLATE=utf8mb4_unicode_ci;

--
-- Dumping data for table `trip_stations`
--

INSERT INTO `trip_stations` (`trip_id`, `station_id`, `sequence`) VALUES
(838, 1, 1),
(838, 3, 2),
(838, 2, 3),
(838, 61, 4),
(839, 1, 1),
(839, 3, 2),
(839, 2, 3),
(839, 61, 4),
(840, 61, 1),
(840, 2, 2),
(840, 3, 3),
(840, 1, 4),
(841, 1, 1),
(841, 3, 2),
(841, 2, 3),
(841, 61, 4),
(842, 61, 1),
(842, 2, 2),
(842, 3, 3),
(842, 1, 4),
(843, 1, 1),
(843, 3, 2),
(843, 2, 3),
(843, 61, 4),
(844, 61, 1),
(844, 2, 2),
(844, 3, 3),
(844, 1, 4),
(845, 61, 1),
(845, 2, 2),
(845, 3, 3),
(845, 1, 4),
(846, 1, 1),
(846, 3, 2),
(846, 2, 3),
(846, 61, 4),
(847, 61, 1),
(847, 2, 2),
(847, 3, 3),
(847, 1, 4),
(848, 61, 1),
(848, 2, 2),
(848, 3, 3),
(848, 1, 4),
(849, 1, 1),
(849, 3, 2),
(849, 2, 3),
(849, 61, 4),
(850, 1, 1),
(850, 3, 2),
(850, 2, 3),
(850, 61, 4),
(851, 61, 1),
(851, 2, 2),
(851, 3, 3),
(851, 1, 4),
(852, 1, 1),
(852, 3, 2),
(852, 2, 3),
(852, 61, 4),
(853, 61, 1),
(853, 2, 2),
(853, 3, 3),
(853, 1, 4),
(854, 45, 1),
(854, 44, 2),
(854, 43, 3),
(854, 42, 4),
(854, 41, 5),
(854, 40, 6),
(854, 39, 7),
(854, 38, 8),
(854, 37, 9),
(854, 36, 10),
(854, 35, 11),
(854, 34, 12),
(854, 33, 13),
(854, 32, 14),
(854, 31, 15),
(854, 30, 16),
(854, 1, 17),
(854, 29, 18),
(854, 28, 19),
(854, 27, 20),
(854, 26, 21),
(854, 25, 22),
(854, 6, 23),
(854, 7, 24),
(854, 8, 25),
(854, 4, 26),
(854, 9, 27),
(854, 5, 28),
(854, 24, 29),
(854, 3, 30),
(854, 23, 31),
(854, 22, 32),
(854, 21, 33),
(854, 10, 34),
(854, 11, 35),
(854, 12, 36),
(854, 20, 37),
(854, 19, 38),
(854, 18, 39),
(854, 17, 40),
(854, 16, 41),
(854, 15, 42),
(854, 14, 43),
(854, 13, 44),
(854, 2, 45),
(855, 2, 1),
(855, 13, 2),
(855, 14, 3),
(855, 15, 4),
(855, 16, 5),
(855, 17, 6),
(855, 18, 7),
(855, 19, 8),
(855, 20, 9),
(855, 12, 10),
(855, 11, 11),
(855, 10, 12),
(855, 21, 13),
(855, 22, 14),
(855, 23, 15),
(855, 3, 16),
(855, 24, 17),
(855, 5, 18),
(855, 9, 19),
(855, 4, 20),
(855, 8, 21),
(855, 7, 22),
(855, 6, 23),
(855, 25, 24),
(855, 26, 25),
(855, 27, 26),
(855, 28, 27),
(855, 29, 28),
(855, 1, 29),
(855, 30, 30),
(855, 31, 31),
(855, 32, 32),
(855, 33, 33),
(855, 34, 34),
(855, 35, 35),
(855, 36, 36),
(855, 37, 37),
(855, 38, 38),
(855, 39, 39),
(855, 40, 40),
(855, 41, 41),
(855, 42, 42),
(855, 43, 43),
(855, 44, 44),
(855, 45, 45),
(856, 46, 1),
(856, 47, 2),
(856, 48, 3),
(856, 49, 4),
(856, 50, 5),
(856, 51, 6),
(856, 52, 7),
(856, 54, 8),
(856, 53, 9),
(856, 31, 10),
(856, 30, 11),
(856, 1, 12),
(856, 29, 13),
(856, 28, 14),
(856, 27, 15),
(856, 26, 16),
(856, 25, 17),
(856, 6, 18),
(856, 7, 19),
(856, 8, 20),
(856, 4, 21),
(856, 9, 22),
(856, 5, 23),
(856, 24, 24),
(856, 3, 25),
(856, 23, 26),
(856, 22, 27),
(856, 21, 28),
(856, 10, 29),
(856, 11, 30),
(856, 12, 31),
(856, 20, 32),
(856, 19, 33),
(856, 18, 34),
(856, 17, 35),
(856, 16, 36),
(856, 15, 37),
(856, 14, 38),
(856, 13, 39),
(856, 2, 40),
(857, 2, 1),
(857, 13, 2),
(857, 14, 3),
(857, 15, 4),
(857, 16, 5),
(857, 17, 6),
(857, 18, 7),
(857, 19, 8),
(857, 20, 9),
(857, 12, 10),
(857, 11, 11),
(857, 10, 12),
(857, 21, 13),
(857, 22, 14),
(857, 23, 15),
(857, 3, 16),
(857, 24, 17),
(857, 5, 18),
(857, 9, 19),
(857, 4, 20),
(857, 8, 21),
(857, 7, 22),
(857, 6, 23),
(857, 25, 24),
(857, 26, 25),
(857, 27, 26),
(857, 28, 27),
(857, 29, 28),
(857, 1, 29),
(857, 30, 30),
(857, 31, 31),
(857, 53, 32),
(857, 54, 33),
(857, 52, 34),
(857, 51, 35),
(857, 50, 36),
(857, 49, 37),
(857, 48, 38),
(857, 47, 39),
(857, 46, 40),
(858, 1, 1),
(858, 3, 2),
(858, 2, 3),
(858, 61, 4),
(859, 1, 1),
(859, 3, 2),
(859, 2, 3),
(859, 61, 4),
(860, 61, 1),
(860, 2, 2),
(860, 3, 3),
(860, 1, 4),
(861, 1, 1),
(861, 3, 2),
(861, 2, 3),
(861, 61, 4),
(862, 61, 1),
(862, 2, 2),
(862, 3, 3),
(862, 1, 4),
(863, 1, 1),
(863, 3, 2),
(863, 2, 3),
(863, 61, 4),
(864, 61, 1),
(864, 2, 2),
(864, 3, 3),
(864, 1, 4),
(865, 61, 1),
(865, 2, 2),
(865, 3, 3),
(865, 1, 4),
(866, 1, 1),
(866, 3, 2),
(866, 2, 3),
(866, 61, 4),
(867, 61, 1),
(867, 2, 2),
(867, 3, 3),
(867, 1, 4),
(868, 61, 1),
(868, 2, 2),
(868, 3, 3),
(868, 1, 4),
(869, 1, 1),
(869, 3, 2),
(869, 2, 3),
(869, 61, 4),
(870, 1, 1),
(870, 3, 2),
(870, 2, 3),
(870, 61, 4),
(871, 61, 1),
(871, 2, 2),
(871, 3, 3),
(871, 1, 4),
(872, 1, 1),
(872, 3, 2),
(872, 2, 3),
(872, 61, 4),
(873, 61, 1),
(873, 2, 2),
(873, 3, 3),
(873, 1, 4),
(874, 45, 1),
(874, 44, 2),
(874, 43, 3),
(874, 42, 4),
(874, 41, 5),
(874, 40, 6),
(874, 39, 7),
(874, 38, 8),
(874, 37, 9),
(874, 36, 10),
(874, 35, 11),
(874, 34, 12),
(874, 33, 13),
(874, 32, 14),
(874, 31, 15),
(874, 30, 16),
(874, 1, 17),
(874, 29, 18),
(874, 28, 19),
(874, 27, 20),
(874, 26, 21),
(874, 25, 22),
(874, 6, 23),
(874, 7, 24),
(874, 8, 25),
(874, 4, 26),
(874, 9, 27),
(874, 5, 28),
(874, 24, 29),
(874, 3, 30),
(874, 23, 31),
(874, 22, 32),
(874, 21, 33),
(874, 10, 34),
(874, 11, 35),
(874, 12, 36),
(874, 20, 37),
(874, 19, 38),
(874, 18, 39),
(874, 17, 40),
(874, 16, 41),
(874, 15, 42),
(874, 14, 43),
(874, 13, 44),
(874, 2, 45),
(875, 2, 1),
(875, 13, 2),
(875, 14, 3),
(875, 15, 4),
(875, 16, 5),
(875, 17, 6),
(875, 18, 7),
(875, 19, 8),
(875, 20, 9),
(875, 12, 10),
(875, 11, 11),
(875, 10, 12),
(875, 21, 13),
(875, 22, 14),
(875, 23, 15),
(875, 3, 16),
(875, 24, 17),
(875, 5, 18),
(875, 9, 19),
(875, 4, 20),
(875, 8, 21),
(875, 7, 22),
(875, 6, 23),
(875, 25, 24),
(875, 26, 25),
(875, 27, 26),
(875, 28, 27),
(875, 29, 28),
(875, 1, 29),
(875, 30, 30),
(875, 31, 31),
(875, 32, 32),
(875, 33, 33),
(875, 34, 34),
(875, 35, 35),
(875, 36, 36),
(875, 37, 37),
(875, 38, 38),
(875, 39, 39),
(875, 40, 40),
(875, 41, 41),
(875, 42, 42),
(875, 43, 43),
(875, 44, 44),
(875, 45, 45),
(876, 46, 1),
(876, 47, 2),
(876, 48, 3),
(876, 49, 4),
(876, 50, 5),
(876, 51, 6),
(876, 52, 7),
(876, 54, 8),
(876, 53, 9),
(876, 31, 10),
(876, 30, 11),
(876, 1, 12),
(876, 29, 13),
(876, 28, 14),
(876, 27, 15),
(876, 26, 16),
(876, 25, 17),
(876, 6, 18),
(876, 7, 19),
(876, 8, 20),
(876, 4, 21),
(876, 9, 22),
(876, 5, 23),
(876, 24, 24),
(876, 3, 25),
(876, 23, 26),
(876, 22, 27),
(876, 21, 28),
(876, 10, 29),
(876, 11, 30),
(876, 12, 31),
(876, 20, 32),
(876, 19, 33),
(876, 18, 34),
(876, 17, 35),
(876, 16, 36),
(876, 15, 37),
(876, 14, 38),
(876, 13, 39),
(876, 2, 40),
(877, 2, 1),
(877, 13, 2),
(877, 14, 3),
(877, 15, 4),
(877, 16, 5),
(877, 17, 6),
(877, 18, 7),
(877, 19, 8),
(877, 20, 9),
(877, 12, 10),
(877, 11, 11),
(877, 10, 12),
(877, 21, 13),
(877, 22, 14),
(877, 23, 15),
(877, 3, 16),
(877, 24, 17),
(877, 5, 18),
(877, 9, 19),
(877, 4, 20),
(877, 8, 21),
(877, 7, 22),
(877, 6, 23),
(877, 25, 24),
(877, 26, 25),
(877, 27, 26),
(877, 28, 27),
(877, 29, 28),
(877, 1, 29),
(877, 30, 30),
(877, 31, 31),
(877, 53, 32),
(877, 54, 33),
(877, 52, 34),
(877, 51, 35),
(877, 50, 36),
(877, 49, 37),
(877, 48, 38),
(877, 47, 39),
(877, 46, 40),
(878, 1, 1),
(878, 3, 2),
(878, 2, 3),
(878, 61, 4),
(879, 1, 1),
(879, 3, 2),
(879, 2, 3),
(879, 61, 4),
(880, 61, 1),
(880, 2, 2),
(880, 3, 3),
(880, 1, 4),
(881, 1, 1),
(881, 3, 2),
(881, 2, 3),
(881, 61, 4),
(882, 61, 1),
(882, 2, 2),
(882, 3, 3),
(882, 1, 4),
(883, 1, 1),
(883, 3, 2),
(883, 2, 3),
(883, 61, 4),
(884, 61, 1),
(884, 2, 2),
(884, 3, 3),
(884, 1, 4),
(885, 61, 1),
(885, 2, 2),
(885, 3, 3),
(885, 1, 4),
(886, 1, 1),
(886, 3, 2),
(886, 2, 3),
(886, 61, 4),
(887, 61, 1),
(887, 2, 2),
(887, 3, 3),
(887, 1, 4),
(888, 61, 1),
(888, 2, 2),
(888, 3, 3),
(888, 1, 4),
(889, 1, 1),
(889, 3, 2),
(889, 2, 3),
(889, 61, 4),
(890, 1, 1),
(890, 3, 2),
(890, 2, 3),
(890, 61, 4),
(891, 61, 1),
(891, 2, 2),
(891, 3, 3),
(891, 1, 4),
(892, 1, 1),
(892, 3, 2),
(892, 2, 3),
(892, 61, 4),
(893, 61, 1),
(893, 2, 2),
(893, 3, 3),
(893, 1, 4),
(894, 45, 1),
(894, 44, 2),
(894, 43, 3),
(894, 42, 4),
(894, 41, 5),
(894, 40, 6),
(894, 39, 7),
(894, 38, 8),
(894, 37, 9),
(894, 36, 10),
(894, 35, 11),
(894, 34, 12),
(894, 33, 13),
(894, 32, 14),
(894, 31, 15),
(894, 30, 16),
(894, 1, 17),
(894, 29, 18),
(894, 28, 19),
(894, 27, 20),
(894, 26, 21),
(894, 25, 22),
(894, 6, 23),
(894, 7, 24),
(894, 8, 25),
(894, 4, 26),
(894, 9, 27),
(894, 5, 28),
(894, 24, 29),
(894, 3, 30),
(894, 23, 31),
(894, 22, 32),
(894, 21, 33),
(894, 10, 34),
(894, 11, 35),
(894, 12, 36),
(894, 20, 37),
(894, 19, 38),
(894, 18, 39),
(894, 17, 40),
(894, 16, 41),
(894, 15, 42),
(894, 14, 43),
(894, 13, 44),
(894, 2, 45),
(895, 2, 1),
(895, 13, 2),
(895, 14, 3),
(895, 15, 4),
(895, 16, 5),
(895, 17, 6),
(895, 18, 7),
(895, 19, 8),
(895, 20, 9),
(895, 12, 10),
(895, 11, 11),
(895, 10, 12),
(895, 21, 13),
(895, 22, 14),
(895, 23, 15),
(895, 3, 16),
(895, 24, 17),
(895, 5, 18),
(895, 9, 19),
(895, 4, 20),
(895, 8, 21),
(895, 7, 22),
(895, 6, 23),
(895, 25, 24),
(895, 26, 25),
(895, 27, 26),
(895, 28, 27),
(895, 29, 28),
(895, 1, 29),
(895, 30, 30),
(895, 31, 31),
(895, 32, 32),
(895, 33, 33),
(895, 34, 34),
(895, 35, 35),
(895, 36, 36),
(895, 37, 37),
(895, 38, 38),
(895, 39, 39),
(895, 40, 40),
(895, 41, 41),
(895, 42, 42),
(895, 43, 43),
(895, 44, 44),
(895, 45, 45),
(896, 46, 1),
(896, 47, 2),
(896, 48, 3),
(896, 49, 4),
(896, 50, 5),
(896, 51, 6),
(896, 52, 7),
(896, 54, 8),
(896, 53, 9),
(896, 31, 10),
(896, 30, 11),
(896, 1, 12),
(896, 29, 13),
(896, 28, 14),
(896, 27, 15),
(896, 26, 16),
(896, 25, 17),
(896, 6, 18),
(896, 7, 19),
(896, 8, 20),
(896, 4, 21),
(896, 9, 22),
(896, 5, 23),
(896, 24, 24),
(896, 3, 25),
(896, 23, 26),
(896, 22, 27),
(896, 21, 28),
(896, 10, 29),
(896, 11, 30),
(896, 12, 31),
(896, 20, 32),
(896, 19, 33),
(896, 18, 34),
(896, 17, 35),
(896, 16, 36),
(896, 15, 37),
(896, 14, 38),
(896, 13, 39),
(896, 2, 40),
(897, 2, 1),
(897, 13, 2),
(897, 14, 3),
(897, 15, 4),
(897, 16, 5),
(897, 17, 6),
(897, 18, 7),
(897, 19, 8),
(897, 20, 9),
(897, 12, 10),
(897, 11, 11),
(897, 10, 12),
(897, 21, 13),
(897, 22, 14),
(897, 23, 15),
(897, 3, 16),
(897, 24, 17),
(897, 5, 18),
(897, 9, 19),
(897, 4, 20),
(897, 8, 21),
(897, 7, 22),
(897, 6, 23),
(897, 25, 24),
(897, 26, 25),
(897, 27, 26),
(897, 28, 27),
(897, 29, 28),
(897, 1, 29),
(897, 30, 30),
(897, 31, 31),
(897, 53, 32),
(897, 54, 33),
(897, 52, 34),
(897, 51, 35),
(897, 50, 36),
(897, 49, 37),
(897, 48, 38),
(897, 47, 39),
(897, 46, 40),
(898, 1, 1),
(898, 3, 2),
(898, 2, 3),
(898, 61, 4),
(899, 1, 1),
(899, 3, 2),
(899, 2, 3),
(899, 61, 4),
(900, 61, 1),
(900, 2, 2),
(900, 3, 3),
(900, 1, 4),
(901, 1, 1),
(901, 3, 2),
(901, 2, 3),
(901, 61, 4),
(902, 61, 1),
(902, 2, 2),
(902, 3, 3),
(902, 1, 4),
(903, 1, 1),
(903, 3, 2),
(903, 2, 3),
(903, 61, 4),
(904, 61, 1),
(904, 2, 2),
(904, 3, 3),
(904, 1, 4),
(905, 61, 1),
(905, 2, 2),
(905, 3, 3),
(905, 1, 4),
(906, 1, 1),
(906, 3, 2),
(906, 2, 3),
(906, 61, 4),
(907, 61, 1),
(907, 2, 2),
(907, 3, 3),
(907, 1, 4),
(908, 61, 1),
(908, 2, 2),
(908, 3, 3),
(908, 1, 4),
(909, 1, 1),
(909, 3, 2),
(909, 2, 3),
(909, 61, 4),
(910, 1, 1),
(910, 3, 2),
(910, 2, 3),
(910, 61, 4),
(911, 61, 1),
(911, 2, 2),
(911, 3, 3),
(911, 1, 4),
(912, 1, 1),
(912, 3, 2),
(912, 2, 3),
(912, 61, 4),
(913, 61, 1),
(913, 2, 2),
(913, 3, 3),
(913, 1, 4),
(914, 45, 1),
(914, 44, 2),
(914, 43, 3),
(914, 42, 4),
(914, 41, 5),
(914, 40, 6),
(914, 39, 7),
(914, 38, 8),
(914, 37, 9),
(914, 36, 10),
(914, 35, 11),
(914, 34, 12),
(914, 33, 13),
(914, 32, 14),
(914, 31, 15),
(914, 30, 16),
(914, 1, 17),
(914, 29, 18),
(914, 28, 19),
(914, 27, 20),
(914, 26, 21),
(914, 25, 22),
(914, 6, 23),
(914, 7, 24),
(914, 8, 25),
(914, 4, 26),
(914, 9, 27),
(914, 5, 28),
(914, 24, 29),
(914, 3, 30),
(914, 23, 31),
(914, 22, 32),
(914, 21, 33),
(914, 10, 34),
(914, 11, 35),
(914, 12, 36),
(914, 20, 37),
(914, 19, 38),
(914, 18, 39),
(914, 17, 40),
(914, 16, 41),
(914, 15, 42),
(914, 14, 43),
(914, 13, 44),
(914, 2, 45),
(915, 2, 1),
(915, 13, 2),
(915, 14, 3),
(915, 15, 4),
(915, 16, 5),
(915, 17, 6),
(915, 18, 7),
(915, 19, 8),
(915, 20, 9),
(915, 12, 10),
(915, 11, 11),
(915, 10, 12),
(915, 21, 13),
(915, 22, 14),
(915, 23, 15),
(915, 3, 16),
(915, 24, 17),
(915, 5, 18),
(915, 9, 19),
(915, 4, 20),
(915, 8, 21),
(915, 7, 22),
(915, 6, 23),
(915, 25, 24),
(915, 26, 25),
(915, 27, 26),
(915, 28, 27),
(915, 29, 28),
(915, 1, 29),
(915, 30, 30),
(915, 31, 31),
(915, 32, 32),
(915, 33, 33),
(915, 34, 34),
(915, 35, 35),
(915, 36, 36),
(915, 37, 37),
(915, 38, 38),
(915, 39, 39),
(915, 40, 40),
(915, 41, 41),
(915, 42, 42),
(915, 43, 43),
(915, 44, 44),
(915, 45, 45),
(916, 46, 1),
(916, 47, 2),
(916, 48, 3),
(916, 49, 4),
(916, 50, 5),
(916, 51, 6),
(916, 52, 7),
(916, 54, 8),
(916, 53, 9),
(916, 31, 10),
(916, 30, 11),
(916, 1, 12),
(916, 29, 13),
(916, 28, 14),
(916, 27, 15),
(916, 26, 16),
(916, 25, 17),
(916, 6, 18),
(916, 7, 19),
(916, 8, 20),
(916, 4, 21),
(916, 9, 22),
(916, 5, 23),
(916, 24, 24),
(916, 3, 25),
(916, 23, 26),
(916, 22, 27),
(916, 21, 28),
(916, 10, 29),
(916, 11, 30),
(916, 12, 31),
(916, 20, 32),
(916, 19, 33),
(916, 18, 34),
(916, 17, 35),
(916, 16, 36),
(916, 15, 37),
(916, 14, 38),
(916, 13, 39),
(916, 2, 40),
(917, 2, 1),
(917, 13, 2),
(917, 14, 3),
(917, 15, 4),
(917, 16, 5),
(917, 17, 6),
(917, 18, 7),
(917, 19, 8),
(917, 20, 9),
(917, 12, 10),
(917, 11, 11),
(917, 10, 12),
(917, 21, 13),
(917, 22, 14),
(917, 23, 15),
(917, 3, 16),
(917, 24, 17),
(917, 5, 18),
(917, 9, 19),
(917, 4, 20),
(917, 8, 21),
(917, 7, 22),
(917, 6, 23),
(917, 25, 24),
(917, 26, 25),
(917, 27, 26),
(917, 28, 27),
(917, 29, 28),
(917, 1, 29),
(917, 30, 30),
(917, 31, 31),
(917, 53, 32),
(917, 54, 33),
(917, 52, 34),
(917, 51, 35),
(917, 50, 36),
(917, 49, 37),
(917, 48, 38),
(917, 47, 39),
(917, 46, 40),
(918, 1, 1),
(918, 3, 2),
(918, 2, 3),
(918, 61, 4),
(919, 1, 1),
(919, 3, 2),
(919, 2, 3),
(919, 61, 4),
(920, 61, 1),
(920, 2, 2),
(920, 3, 3),
(920, 1, 4),
(921, 1, 1),
(921, 3, 2),
(921, 2, 3),
(921, 61, 4),
(922, 61, 1),
(922, 2, 2),
(922, 3, 3),
(922, 1, 4),
(923, 1, 1),
(923, 3, 2),
(923, 2, 3),
(923, 61, 4),
(924, 61, 1),
(924, 2, 2),
(924, 3, 3),
(924, 1, 4),
(925, 61, 1),
(925, 2, 2),
(925, 3, 3),
(925, 1, 4),
(926, 1, 1),
(926, 3, 2),
(926, 2, 3),
(926, 61, 4),
(927, 61, 1),
(927, 2, 2),
(927, 3, 3),
(927, 1, 4),
(928, 61, 1),
(928, 2, 2),
(928, 3, 3),
(928, 1, 4),
(929, 1, 1),
(929, 3, 2),
(929, 2, 3),
(929, 61, 4),
(930, 1, 1),
(930, 3, 2),
(930, 2, 3),
(930, 61, 4),
(931, 61, 1),
(931, 2, 2),
(931, 3, 3),
(931, 1, 4),
(932, 1, 1),
(932, 3, 2),
(932, 2, 3),
(932, 61, 4),
(933, 61, 1),
(933, 2, 2),
(933, 3, 3),
(933, 1, 4),
(934, 45, 1),
(934, 44, 2),
(934, 43, 3),
(934, 42, 4),
(934, 41, 5),
(934, 40, 6),
(934, 39, 7),
(934, 38, 8),
(934, 37, 9),
(934, 36, 10),
(934, 35, 11),
(934, 34, 12),
(934, 33, 13),
(934, 32, 14),
(934, 31, 15),
(934, 30, 16),
(934, 1, 17),
(934, 29, 18),
(934, 28, 19),
(934, 27, 20),
(934, 26, 21),
(934, 25, 22),
(934, 6, 23),
(934, 7, 24),
(934, 8, 25),
(934, 4, 26),
(934, 9, 27),
(934, 5, 28),
(934, 24, 29),
(934, 3, 30),
(934, 23, 31),
(934, 22, 32),
(934, 21, 33),
(934, 10, 34),
(934, 11, 35),
(934, 12, 36),
(934, 20, 37),
(934, 19, 38),
(934, 18, 39),
(934, 17, 40),
(934, 16, 41),
(934, 15, 42),
(934, 14, 43),
(934, 13, 44),
(934, 2, 45),
(935, 2, 1),
(935, 13, 2),
(935, 14, 3),
(935, 15, 4),
(935, 16, 5),
(935, 17, 6),
(935, 18, 7),
(935, 19, 8),
(935, 20, 9),
(935, 12, 10),
(935, 11, 11),
(935, 10, 12),
(935, 21, 13),
(935, 22, 14),
(935, 23, 15),
(935, 3, 16),
(935, 24, 17),
(935, 5, 18),
(935, 9, 19),
(935, 4, 20),
(935, 8, 21),
(935, 7, 22),
(935, 6, 23),
(935, 25, 24),
(935, 26, 25),
(935, 27, 26),
(935, 28, 27),
(935, 29, 28),
(935, 1, 29),
(935, 30, 30),
(935, 31, 31),
(935, 32, 32),
(935, 33, 33),
(935, 34, 34),
(935, 35, 35),
(935, 36, 36),
(935, 37, 37),
(935, 38, 38),
(935, 39, 39),
(935, 40, 40),
(935, 41, 41),
(935, 42, 42),
(935, 43, 43),
(935, 44, 44),
(935, 45, 45),
(936, 46, 1),
(936, 47, 2),
(936, 48, 3),
(936, 49, 4),
(936, 50, 5),
(936, 51, 6),
(936, 52, 7),
(936, 54, 8),
(936, 53, 9),
(936, 31, 10),
(936, 30, 11),
(936, 1, 12),
(936, 29, 13),
(936, 28, 14),
(936, 27, 15),
(936, 26, 16),
(936, 25, 17),
(936, 6, 18),
(936, 7, 19),
(936, 8, 20),
(936, 4, 21),
(936, 9, 22),
(936, 5, 23),
(936, 24, 24),
(936, 3, 25),
(936, 23, 26),
(936, 22, 27),
(936, 21, 28),
(936, 10, 29),
(936, 11, 30),
(936, 12, 31),
(936, 20, 32),
(936, 19, 33),
(936, 18, 34),
(936, 17, 35),
(936, 16, 36),
(936, 15, 37),
(936, 14, 38),
(936, 13, 39),
(936, 2, 40),
(937, 2, 1),
(937, 13, 2),
(937, 14, 3),
(937, 15, 4),
(937, 16, 5),
(937, 17, 6),
(937, 18, 7),
(937, 19, 8),
(937, 20, 9),
(937, 12, 10),
(937, 11, 11),
(937, 10, 12),
(937, 21, 13),
(937, 22, 14),
(937, 23, 15),
(937, 3, 16),
(937, 24, 17),
(937, 5, 18),
(937, 9, 19),
(937, 4, 20),
(937, 8, 21),
(937, 7, 22),
(937, 6, 23),
(937, 25, 24),
(937, 26, 25),
(937, 27, 26),
(937, 28, 27),
(937, 29, 28),
(937, 1, 29),
(937, 30, 30),
(937, 31, 31),
(937, 53, 32),
(937, 54, 33),
(937, 52, 34),
(937, 51, 35),
(937, 50, 36),
(937, 49, 37),
(937, 48, 38),
(937, 47, 39),
(937, 46, 40),
(938, 1, 1),
(938, 3, 2),
(938, 2, 3),
(938, 61, 4),
(939, 1, 1),
(939, 3, 2),
(939, 2, 3),
(939, 61, 4),
(940, 61, 1),
(940, 2, 2),
(940, 3, 3),
(940, 1, 4),
(941, 1, 1),
(941, 3, 2),
(941, 2, 3),
(941, 61, 4),
(942, 61, 1),
(942, 2, 2),
(942, 3, 3),
(942, 1, 4),
(943, 1, 1),
(943, 3, 2),
(943, 2, 3),
(943, 61, 4),
(944, 61, 1),
(944, 2, 2),
(944, 3, 3),
(944, 1, 4),
(945, 61, 1),
(945, 2, 2),
(945, 3, 3),
(945, 1, 4),
(946, 1, 1),
(946, 3, 2),
(946, 2, 3),
(946, 61, 4),
(947, 61, 1),
(947, 2, 2),
(947, 3, 3),
(947, 1, 4),
(948, 61, 1),
(948, 2, 2),
(948, 3, 3),
(948, 1, 4),
(949, 1, 1),
(949, 3, 2),
(949, 2, 3),
(949, 61, 4),
(950, 1, 1),
(950, 3, 2),
(950, 2, 3),
(950, 61, 4),
(951, 61, 1),
(951, 2, 2),
(951, 3, 3),
(951, 1, 4),
(952, 1, 1),
(952, 3, 2),
(952, 2, 3),
(952, 61, 4),
(953, 61, 1),
(953, 2, 2),
(953, 3, 3),
(953, 1, 4),
(954, 45, 1),
(954, 44, 2),
(954, 43, 3),
(954, 42, 4),
(954, 41, 5),
(954, 40, 6),
(954, 39, 7),
(954, 38, 8),
(954, 37, 9),
(954, 36, 10),
(954, 35, 11),
(954, 34, 12),
(954, 33, 13),
(954, 32, 14),
(954, 31, 15),
(954, 30, 16),
(954, 1, 17),
(954, 29, 18),
(954, 28, 19),
(954, 27, 20),
(954, 26, 21),
(954, 25, 22),
(954, 6, 23),
(954, 7, 24),
(954, 8, 25),
(954, 4, 26),
(954, 9, 27),
(954, 5, 28),
(954, 24, 29),
(954, 3, 30),
(954, 23, 31),
(954, 22, 32),
(954, 21, 33),
(954, 10, 34),
(954, 11, 35),
(954, 12, 36),
(954, 20, 37),
(954, 19, 38),
(954, 18, 39),
(954, 17, 40),
(954, 16, 41),
(954, 15, 42),
(954, 14, 43),
(954, 13, 44),
(954, 2, 45),
(955, 2, 1),
(955, 13, 2),
(955, 14, 3),
(955, 15, 4),
(955, 16, 5),
(955, 17, 6),
(955, 18, 7),
(955, 19, 8),
(955, 20, 9),
(955, 12, 10),
(955, 11, 11),
(955, 10, 12),
(955, 21, 13),
(955, 22, 14),
(955, 23, 15),
(955, 3, 16),
(955, 24, 17),
(955, 5, 18),
(955, 9, 19),
(955, 4, 20),
(955, 8, 21),
(955, 7, 22),
(955, 6, 23),
(955, 25, 24),
(955, 26, 25),
(955, 27, 26),
(955, 28, 27),
(955, 29, 28),
(955, 1, 29),
(955, 30, 30),
(955, 31, 31),
(955, 32, 32),
(955, 33, 33),
(955, 34, 34),
(955, 35, 35),
(955, 36, 36),
(955, 37, 37),
(955, 38, 38),
(955, 39, 39),
(955, 40, 40),
(955, 41, 41),
(955, 42, 42),
(955, 43, 43),
(955, 44, 44),
(955, 45, 45),
(956, 46, 1),
(956, 47, 2),
(956, 48, 3),
(956, 49, 4),
(956, 50, 5),
(956, 51, 6),
(956, 52, 7),
(956, 54, 8),
(956, 53, 9),
(956, 31, 10),
(956, 30, 11),
(956, 1, 12),
(956, 29, 13),
(956, 28, 14),
(956, 27, 15),
(956, 26, 16),
(956, 25, 17),
(956, 6, 18),
(956, 7, 19),
(956, 8, 20),
(956, 4, 21),
(956, 9, 22),
(956, 5, 23),
(956, 24, 24),
(956, 3, 25),
(956, 23, 26),
(956, 22, 27),
(956, 21, 28),
(956, 10, 29),
(956, 11, 30),
(956, 12, 31),
(956, 20, 32),
(956, 19, 33),
(956, 18, 34),
(956, 17, 35),
(956, 16, 36),
(956, 15, 37),
(956, 14, 38),
(956, 13, 39),
(956, 2, 40),
(957, 2, 1),
(957, 13, 2),
(957, 14, 3),
(957, 15, 4),
(957, 16, 5),
(957, 17, 6),
(957, 18, 7),
(957, 19, 8),
(957, 20, 9),
(957, 12, 10),
(957, 11, 11),
(957, 10, 12),
(957, 21, 13),
(957, 22, 14),
(957, 23, 15),
(957, 3, 16),
(957, 24, 17),
(957, 5, 18),
(957, 9, 19),
(957, 4, 20),
(957, 8, 21),
(957, 7, 22),
(957, 6, 23),
(957, 25, 24),
(957, 26, 25),
(957, 27, 26),
(957, 28, 27),
(957, 29, 28),
(957, 1, 29),
(957, 30, 30),
(957, 31, 31),
(957, 53, 32),
(957, 54, 33),
(957, 52, 34),
(957, 51, 35),
(957, 50, 36),
(957, 49, 37),
(957, 48, 38),
(957, 47, 39),
(957, 46, 40),
(958, 1, 1),
(958, 3, 2),
(958, 2, 3),
(958, 61, 4),
(959, 1, 1),
(959, 3, 2),
(959, 2, 3),
(959, 61, 4),
(960, 61, 1),
(960, 2, 2),
(960, 3, 3),
(960, 1, 4),
(961, 1, 1),
(961, 3, 2),
(961, 2, 3),
(961, 61, 4),
(962, 61, 1),
(962, 2, 2),
(962, 3, 3),
(962, 1, 4),
(963, 1, 1),
(963, 3, 2),
(963, 2, 3),
(963, 61, 4),
(964, 61, 1),
(964, 2, 2),
(964, 3, 3),
(964, 1, 4),
(965, 61, 1),
(965, 2, 2),
(965, 3, 3),
(965, 1, 4),
(966, 1, 1),
(966, 3, 2),
(966, 2, 3),
(966, 61, 4),
(967, 61, 1),
(967, 2, 2),
(967, 3, 3),
(967, 1, 4),
(968, 61, 1),
(968, 2, 2),
(968, 3, 3),
(968, 1, 4),
(969, 1, 1),
(969, 3, 2),
(969, 2, 3),
(969, 61, 4),
(970, 1, 1),
(970, 3, 2),
(970, 2, 3),
(970, 61, 4),
(971, 61, 1),
(971, 2, 2),
(971, 3, 3),
(971, 1, 4),
(972, 1, 1),
(972, 3, 2),
(972, 2, 3),
(972, 61, 4),
(973, 61, 1),
(973, 2, 2),
(973, 3, 3),
(973, 1, 4),
(974, 45, 1),
(974, 44, 2),
(974, 43, 3),
(974, 42, 4),
(974, 41, 5),
(974, 40, 6),
(974, 39, 7),
(974, 38, 8),
(974, 37, 9),
(974, 36, 10),
(974, 35, 11),
(974, 34, 12),
(974, 33, 13),
(974, 32, 14),
(974, 31, 15),
(974, 30, 16),
(974, 1, 17),
(974, 29, 18),
(974, 28, 19),
(974, 27, 20),
(974, 26, 21),
(974, 25, 22),
(974, 6, 23),
(974, 7, 24),
(974, 8, 25),
(974, 4, 26),
(974, 9, 27),
(974, 5, 28),
(974, 24, 29),
(974, 3, 30),
(974, 23, 31),
(974, 22, 32),
(974, 21, 33),
(974, 10, 34),
(974, 11, 35),
(974, 12, 36),
(974, 20, 37),
(974, 19, 38),
(974, 18, 39),
(974, 17, 40),
(974, 16, 41),
(974, 15, 42),
(974, 14, 43),
(974, 13, 44),
(974, 2, 45),
(975, 2, 1),
(975, 13, 2),
(975, 14, 3),
(975, 15, 4),
(975, 16, 5),
(975, 17, 6),
(975, 18, 7),
(975, 19, 8),
(975, 20, 9),
(975, 12, 10),
(975, 11, 11),
(975, 10, 12),
(975, 21, 13),
(975, 22, 14),
(975, 23, 15),
(975, 3, 16),
(975, 24, 17),
(975, 5, 18),
(975, 9, 19),
(975, 4, 20),
(975, 8, 21),
(975, 7, 22),
(975, 6, 23),
(975, 25, 24),
(975, 26, 25),
(975, 27, 26),
(975, 28, 27),
(975, 29, 28),
(975, 1, 29),
(975, 30, 30),
(975, 31, 31),
(975, 32, 32),
(975, 33, 33),
(975, 34, 34),
(975, 35, 35),
(975, 36, 36),
(975, 37, 37),
(975, 38, 38),
(975, 39, 39),
(975, 40, 40),
(975, 41, 41),
(975, 42, 42),
(975, 43, 43),
(975, 44, 44),
(975, 45, 45),
(976, 46, 1),
(976, 47, 2),
(976, 48, 3),
(976, 49, 4),
(976, 50, 5),
(976, 51, 6),
(976, 52, 7),
(976, 54, 8),
(976, 53, 9),
(976, 31, 10),
(976, 30, 11),
(976, 1, 12),
(976, 29, 13),
(976, 28, 14),
(976, 27, 15),
(976, 26, 16),
(976, 25, 17),
(976, 6, 18),
(976, 7, 19),
(976, 8, 20),
(976, 4, 21),
(976, 9, 22),
(976, 5, 23),
(976, 24, 24),
(976, 3, 25),
(976, 23, 26),
(976, 22, 27),
(976, 21, 28),
(976, 10, 29),
(976, 11, 30),
(976, 12, 31),
(976, 20, 32),
(976, 19, 33),
(976, 18, 34),
(976, 17, 35),
(976, 16, 36),
(976, 15, 37),
(976, 14, 38),
(976, 13, 39),
(976, 2, 40),
(977, 2, 1),
(977, 13, 2),
(977, 14, 3),
(977, 15, 4),
(977, 16, 5),
(977, 17, 6),
(977, 18, 7),
(977, 19, 8),
(977, 20, 9),
(977, 12, 10),
(977, 11, 11),
(977, 10, 12),
(977, 21, 13),
(977, 22, 14),
(977, 23, 15),
(977, 3, 16),
(977, 24, 17),
(977, 5, 18),
(977, 9, 19),
(977, 4, 20),
(977, 8, 21),
(977, 7, 22),
(977, 6, 23),
(977, 25, 24),
(977, 26, 25),
(977, 27, 26),
(977, 28, 27),
(977, 29, 28),
(977, 1, 29),
(977, 30, 30),
(977, 31, 31),
(977, 53, 32),
(977, 54, 33),
(977, 52, 34),
(977, 51, 35),
(977, 50, 36),
(977, 49, 37),
(977, 48, 38),
(977, 47, 39),
(977, 46, 40),
(978, 46, 1),
(978, 47, 2),
(978, 48, 3),
(978, 49, 4),
(978, 50, 5),
(978, 51, 6),
(978, 52, 7),
(978, 54, 8),
(978, 53, 9),
(978, 31, 10),
(978, 30, 11),
(978, 1, 12),
(978, 29, 13),
(978, 28, 14),
(978, 27, 15),
(978, 26, 16),
(978, 25, 17),
(978, 6, 18),
(978, 7, 19),
(978, 8, 20),
(978, 4, 21),
(978, 9, 22),
(978, 5, 23),
(978, 24, 24),
(978, 3, 25),
(978, 23, 26),
(978, 22, 27),
(978, 21, 28),
(978, 10, 29),
(978, 11, 30),
(978, 12, 31),
(978, 20, 32),
(978, 19, 33),
(978, 18, 34),
(978, 17, 35),
(978, 16, 36),
(978, 15, 37),
(978, 14, 38),
(978, 13, 39),
(978, 2, 40),
(979, 1, 1),
(979, 3, 2),
(979, 2, 3),
(979, 61, 4),
(980, 1, 1),
(980, 3, 2),
(980, 2, 3),
(980, 61, 4),
(981, 61, 1),
(981, 2, 2),
(981, 3, 3),
(981, 1, 4),
(982, 1, 1),
(982, 3, 2),
(982, 2, 3),
(982, 61, 4),
(983, 61, 1),
(983, 2, 2),
(983, 3, 3),
(983, 1, 4),
(984, 1, 1),
(984, 3, 2),
(984, 2, 3),
(984, 61, 4),
(985, 61, 1),
(985, 2, 2),
(985, 3, 3),
(985, 1, 4),
(986, 61, 1),
(986, 2, 2),
(986, 3, 3),
(986, 1, 4),
(987, 1, 1),
(987, 3, 2),
(987, 2, 3),
(987, 61, 4),
(988, 61, 1),
(988, 2, 2),
(988, 3, 3),
(988, 1, 4),
(989, 61, 1),
(989, 2, 2),
(989, 3, 3),
(989, 1, 4),
(990, 1, 1),
(990, 3, 2),
(990, 2, 3),
(990, 61, 4),
(991, 1, 1),
(991, 3, 2),
(991, 2, 3),
(991, 61, 4),
(992, 61, 1),
(992, 2, 2),
(992, 3, 3),
(992, 1, 4),
(993, 1, 1),
(993, 3, 2),
(993, 2, 3),
(993, 61, 4),
(994, 61, 1),
(994, 2, 2),
(994, 3, 3),
(994, 1, 4),
(995, 45, 1),
(995, 44, 2),
(995, 43, 3),
(995, 42, 4),
(995, 41, 5),
(995, 40, 6),
(995, 39, 7),
(995, 38, 8),
(995, 37, 9),
(995, 36, 10),
(995, 35, 11),
(995, 34, 12),
(995, 33, 13),
(995, 32, 14),
(995, 31, 15),
(995, 30, 16),
(995, 1, 17),
(995, 29, 18),
(995, 28, 19),
(995, 27, 20),
(995, 26, 21),
(995, 25, 22),
(995, 6, 23),
(995, 7, 24),
(995, 8, 25),
(995, 4, 26),
(995, 9, 27),
(995, 5, 28),
(995, 24, 29),
(995, 3, 30),
(995, 23, 31),
(995, 22, 32),
(995, 21, 33),
(995, 10, 34),
(995, 11, 35),
(995, 12, 36),
(995, 20, 37),
(995, 19, 38),
(995, 18, 39),
(995, 17, 40),
(995, 16, 41),
(995, 15, 42),
(995, 14, 43),
(995, 13, 44),
(995, 2, 45),
(996, 2, 1),
(996, 13, 2),
(996, 14, 3),
(996, 15, 4),
(996, 16, 5),
(996, 17, 6),
(996, 18, 7),
(996, 19, 8),
(996, 20, 9),
(996, 12, 10),
(996, 11, 11),
(996, 10, 12),
(996, 21, 13),
(996, 22, 14),
(996, 23, 15),
(996, 3, 16),
(996, 24, 17),
(996, 5, 18),
(996, 9, 19),
(996, 4, 20),
(996, 8, 21),
(996, 7, 22),
(996, 6, 23),
(996, 25, 24),
(996, 26, 25),
(996, 27, 26),
(996, 28, 27),
(996, 29, 28),
(996, 1, 29),
(996, 30, 30),
(996, 31, 31),
(996, 32, 32),
(996, 33, 33),
(996, 34, 34),
(996, 35, 35),
(996, 36, 36),
(996, 37, 37),
(996, 38, 38),
(996, 39, 39),
(996, 40, 40),
(996, 41, 41),
(996, 42, 42),
(996, 43, 43),
(996, 44, 44),
(996, 45, 45),
(997, 46, 1),
(997, 47, 2),
(997, 48, 3),
(997, 49, 4),
(997, 50, 5),
(997, 51, 6),
(997, 52, 7),
(997, 54, 8),
(997, 53, 9),
(997, 31, 10),
(997, 30, 11),
(997, 1, 12),
(997, 29, 13),
(997, 28, 14),
(997, 27, 15),
(997, 26, 16),
(997, 25, 17),
(997, 6, 18),
(997, 7, 19),
(997, 8, 20),
(997, 4, 21),
(997, 9, 22),
(997, 5, 23),
(997, 24, 24),
(997, 3, 25),
(997, 23, 26),
(997, 22, 27),
(997, 21, 28),
(997, 10, 29),
(997, 11, 30),
(997, 12, 31),
(997, 20, 32),
(997, 19, 33),
(997, 18, 34),
(997, 17, 35),
(997, 16, 36),
(997, 15, 37),
(997, 14, 38),
(997, 13, 39),
(997, 2, 40),
(998, 2, 1),
(998, 13, 2),
(998, 14, 3),
(998, 15, 4),
(998, 16, 5),
(998, 17, 6),
(998, 18, 7),
(998, 19, 8),
(998, 20, 9),
(998, 12, 10),
(998, 11, 11),
(998, 10, 12),
(998, 21, 13),
(998, 22, 14),
(998, 23, 15),
(998, 3, 16),
(998, 24, 17),
(998, 5, 18),
(998, 9, 19),
(998, 4, 20),
(998, 8, 21),
(998, 7, 22),
(998, 6, 23),
(998, 25, 24),
(998, 26, 25),
(998, 27, 26),
(998, 28, 27),
(998, 29, 28),
(998, 1, 29),
(998, 30, 30),
(998, 31, 31),
(998, 53, 32),
(998, 54, 33),
(998, 52, 34),
(998, 51, 35),
(998, 50, 36),
(998, 49, 37),
(998, 48, 38),
(998, 47, 39),
(998, 46, 40),
(999, 1, 1),
(999, 29, 2),
(999, 28, 3),
(999, 27, 4),
(999, 26, 5),
(999, 25, 6),
(999, 6, 7),
(999, 7, 8),
(999, 8, 9),
(999, 4, 10),
(999, 9, 11),
(999, 5, 12),
(999, 24, 13),
(999, 3, 14),
(999, 23, 15),
(999, 22, 16),
(999, 21, 17),
(999, 10, 18),
(999, 11, 19),
(999, 12, 20),
(999, 20, 21),
(999, 55, 22),
(999, 56, 23),
(999, 57, 24),
(999, 58, 25),
(999, 59, 26),
(999, 60, 27),
(999, 61, 28),
(999, 62, 29),
(999, 63, 30),
(999, 64, 31),
(999, 65, 32),
(999, 66, 33),
(999, 67, 34),
(999, 68, 35),
(999, 69, 36),
(999, 70, 37),
(999, 71, 38),
(999, 72, 39),
(999, 73, 40),
(999, 74, 41),
(999, 75, 42),
(999, 76, 43),
(999, 77, 44),
(999, 78, 45),
(999, 79, 46),
(999, 80, 47),
(1000, 80, 1),
(1000, 79, 2),
(1000, 78, 3),
(1000, 77, 4),
(1000, 76, 5),
(1000, 75, 6),
(1000, 74, 7),
(1000, 73, 8),
(1000, 72, 9),
(1000, 71, 10),
(1000, 70, 11),
(1000, 69, 12),
(1000, 68, 13),
(1000, 67, 14),
(1000, 66, 15),
(1000, 65, 16),
(1000, 64, 17),
(1000, 63, 18),
(1000, 62, 19),
(1000, 61, 20),
(1000, 60, 21),
(1000, 59, 22),
(1000, 58, 23),
(1000, 57, 24),
(1000, 56, 25),
(1000, 55, 26),
(1000, 20, 27),
(1000, 12, 28),
(1000, 11, 29),
(1000, 10, 30),
(1000, 21, 31),
(1000, 22, 32),
(1000, 23, 33),
(1000, 3, 34),
(1000, 24, 35),
(1000, 5, 36),
(1000, 9, 37),
(1000, 4, 38),
(1000, 8, 39),
(1000, 7, 40),
(1000, 6, 41),
(1000, 25, 42),
(1000, 26, 43),
(1000, 27, 44),
(1000, 28, 45),
(1000, 29, 46),
(1000, 1, 47),
(1001, 1, 1),
(1001, 29, 2),
(1001, 28, 3),
(1001, 27, 4),
(1001, 26, 5),
(1001, 25, 6),
(1001, 6, 7),
(1001, 7, 8),
(1001, 8, 9),
(1001, 4, 10),
(1001, 9, 11),
(1001, 5, 12),
(1001, 24, 13),
(1001, 3, 14),
(1001, 23, 15),
(1001, 22, 16),
(1001, 21, 17),
(1001, 10, 18),
(1001, 11, 19),
(1001, 12, 20),
(1001, 20, 21),
(1001, 55, 22),
(1001, 56, 23),
(1001, 57, 24),
(1001, 58, 25),
(1001, 59, 26),
(1001, 60, 27),
(1001, 61, 28),
(1001, 62, 29),
(1001, 63, 30),
(1001, 64, 31),
(1001, 65, 32),
(1001, 66, 33),
(1001, 67, 34),
(1001, 68, 35),
(1001, 69, 36),
(1001, 70, 37),
(1001, 71, 38),
(1001, 72, 39),
(1001, 73, 40),
(1001, 74, 41),
(1001, 75, 42),
(1001, 76, 43),
(1001, 77, 44),
(1001, 78, 45),
(1001, 79, 46),
(1001, 80, 47),
(1002, 80, 1),
(1002, 79, 2),
(1002, 78, 3),
(1002, 77, 4),
(1002, 76, 5),
(1002, 75, 6),
(1002, 74, 7),
(1002, 73, 8),
(1002, 72, 9),
(1002, 71, 10),
(1002, 70, 11),
(1002, 69, 12),
(1002, 68, 13),
(1002, 67, 14),
(1002, 66, 15),
(1002, 65, 16),
(1002, 64, 17),
(1002, 63, 18),
(1002, 62, 19),
(1002, 61, 20),
(1002, 60, 21),
(1002, 59, 22),
(1002, 58, 23),
(1002, 57, 24),
(1002, 56, 25),
(1002, 55, 26),
(1002, 20, 27),
(1002, 12, 28),
(1002, 11, 29),
(1002, 10, 30),
(1002, 21, 31),
(1002, 22, 32),
(1002, 23, 33),
(1002, 3, 34),
(1002, 24, 35),
(1002, 5, 36),
(1002, 9, 37),
(1002, 4, 38),
(1002, 8, 39),
(1002, 7, 40),
(1002, 6, 41),
(1002, 25, 42),
(1002, 26, 43),
(1002, 27, 44),
(1002, 28, 45),
(1002, 29, 46),
(1002, 1, 47),
(1003, 1, 1),
(1003, 29, 2),
(1003, 28, 3),
(1003, 27, 4),
(1003, 26, 5),
(1003, 25, 6),
(1003, 6, 7),
(1003, 7, 8),
(1003, 8, 9),
(1003, 4, 10),
(1003, 9, 11),
(1003, 5, 12),
(1003, 24, 13),
(1003, 3, 14),
(1003, 23, 15),
(1003, 22, 16),
(1003, 21, 17),
(1003, 10, 18),
(1003, 11, 19),
(1003, 12, 20),
(1003, 20, 21),
(1003, 55, 22),
(1003, 56, 23),
(1003, 57, 24),
(1003, 58, 25),
(1003, 59, 26),
(1003, 60, 27),
(1003, 61, 28),
(1003, 62, 29),
(1003, 63, 30),
(1003, 64, 31),
(1003, 65, 32),
(1003, 66, 33),
(1003, 67, 34),
(1003, 68, 35),
(1003, 69, 36),
(1003, 70, 37),
(1003, 71, 38),
(1003, 72, 39),
(1003, 73, 40),
(1003, 74, 41),
(1003, 75, 42),
(1003, 76, 43),
(1003, 77, 44),
(1003, 78, 45),
(1003, 79, 46),
(1003, 80, 47),
(1004, 80, 1),
(1004, 79, 2),
(1004, 78, 3),
(1004, 77, 4),
(1004, 76, 5),
(1004, 75, 6),
(1004, 74, 7),
(1004, 73, 8),
(1004, 72, 9),
(1004, 71, 10),
(1004, 70, 11),
(1004, 69, 12),
(1004, 68, 13),
(1004, 67, 14),
(1004, 66, 15),
(1004, 65, 16),
(1004, 64, 17),
(1004, 63, 18),
(1004, 62, 19),
(1004, 61, 20),
(1004, 60, 21),
(1004, 59, 22),
(1004, 58, 23),
(1004, 57, 24),
(1004, 56, 25),
(1004, 55, 26),
(1004, 20, 27),
(1004, 12, 28),
(1004, 11, 29),
(1004, 10, 30),
(1004, 21, 31),
(1004, 22, 32),
(1004, 23, 33),
(1004, 3, 34),
(1004, 24, 35),
(1004, 5, 36),
(1004, 9, 37),
(1004, 4, 38),
(1004, 8, 39),
(1004, 7, 40),
(1004, 6, 41),
(1004, 25, 42),
(1004, 26, 43),
(1004, 27, 44),
(1004, 28, 45),
(1004, 29, 46),
(1004, 1, 47),
(1005, 1, 1),
(1005, 29, 2),
(1005, 28, 3),
(1005, 27, 4),
(1005, 26, 5),
(1005, 25, 6),
(1005, 6, 7),
(1005, 7, 8),
(1005, 8, 9),
(1005, 4, 10),
(1005, 9, 11),
(1005, 5, 12),
(1005, 24, 13),
(1005, 3, 14),
(1005, 23, 15),
(1005, 22, 16),
(1005, 21, 17),
(1005, 10, 18),
(1005, 11, 19),
(1005, 12, 20),
(1005, 20, 21),
(1005, 55, 22),
(1005, 56, 23),
(1005, 57, 24),
(1005, 58, 25),
(1005, 59, 26),
(1005, 60, 27),
(1005, 61, 28),
(1005, 62, 29),
(1005, 63, 30),
(1005, 64, 31),
(1005, 65, 32),
(1005, 66, 33),
(1005, 67, 34),
(1005, 68, 35),
(1005, 69, 36),
(1005, 70, 37),
(1005, 71, 38),
(1005, 72, 39),
(1005, 73, 40),
(1005, 74, 41),
(1005, 75, 42),
(1005, 76, 43),
(1005, 77, 44),
(1005, 78, 45),
(1005, 79, 46),
(1005, 80, 47),
(1006, 80, 1),
(1006, 79, 2),
(1006, 78, 3),
(1006, 77, 4),
(1006, 76, 5),
(1006, 75, 6),
(1006, 74, 7),
(1006, 73, 8),
(1006, 72, 9),
(1006, 71, 10),
(1006, 70, 11),
(1006, 69, 12),
(1006, 68, 13),
(1006, 67, 14),
(1006, 66, 15),
(1006, 65, 16),
(1006, 64, 17),
(1006, 63, 18),
(1006, 62, 19),
(1006, 61, 20),
(1006, 60, 21),
(1006, 59, 22),
(1006, 58, 23),
(1006, 57, 24),
(1006, 56, 25),
(1006, 55, 26),
(1006, 20, 27),
(1006, 12, 28),
(1006, 11, 29),
(1006, 10, 30),
(1006, 21, 31),
(1006, 22, 32),
(1006, 23, 33),
(1006, 3, 34),
(1006, 24, 35),
(1006, 5, 36),
(1006, 9, 37),
(1006, 4, 38),
(1006, 8, 39),
(1006, 7, 40),
(1006, 6, 41),
(1006, 25, 42),
(1006, 26, 43),
(1006, 27, 44),
(1006, 28, 45),
(1006, 29, 46),
(1006, 1, 47),
(1007, 1, 1),
(1007, 29, 2),
(1007, 28, 3),
(1007, 27, 4),
(1007, 26, 5),
(1007, 25, 6),
(1007, 6, 7),
(1007, 7, 8),
(1007, 8, 9),
(1007, 4, 10),
(1007, 9, 11),
(1007, 5, 12),
(1007, 24, 13),
(1007, 3, 14),
(1007, 23, 15),
(1007, 22, 16),
(1007, 21, 17),
(1007, 10, 18),
(1007, 11, 19),
(1007, 12, 20),
(1007, 20, 21),
(1007, 55, 22),
(1007, 56, 23),
(1007, 57, 24),
(1007, 58, 25),
(1007, 59, 26),
(1007, 60, 27),
(1007, 61, 28),
(1007, 62, 29),
(1007, 63, 30),
(1007, 64, 31),
(1007, 65, 32),
(1007, 66, 33),
(1007, 67, 34),
(1007, 68, 35),
(1007, 69, 36),
(1007, 70, 37),
(1007, 71, 38),
(1007, 72, 39),
(1007, 73, 40),
(1007, 74, 41),
(1007, 75, 42),
(1007, 76, 43),
(1007, 77, 44),
(1007, 78, 45),
(1007, 79, 46),
(1007, 80, 47),
(1008, 80, 1),
(1008, 79, 2),
(1008, 78, 3),
(1008, 77, 4),
(1008, 76, 5),
(1008, 75, 6),
(1008, 74, 7),
(1008, 73, 8),
(1008, 72, 9),
(1008, 71, 10),
(1008, 70, 11),
(1008, 69, 12),
(1008, 68, 13),
(1008, 67, 14),
(1008, 66, 15),
(1008, 65, 16),
(1008, 64, 17),
(1008, 63, 18),
(1008, 62, 19),
(1008, 61, 20),
(1008, 60, 21),
(1008, 59, 22),
(1008, 58, 23),
(1008, 57, 24),
(1008, 56, 25),
(1008, 55, 26),
(1008, 20, 27),
(1008, 12, 28),
(1008, 11, 29),
(1008, 10, 30),
(1008, 21, 31),
(1008, 22, 32),
(1008, 23, 33),
(1008, 3, 34),
(1008, 24, 35),
(1008, 5, 36),
(1008, 9, 37),
(1008, 4, 38),
(1008, 8, 39),
(1008, 7, 40),
(1008, 6, 41),
(1008, 25, 42),
(1008, 26, 43),
(1008, 27, 44),
(1008, 28, 45),
(1008, 29, 46),
(1008, 1, 47),
(1009, 1, 1),
(1009, 29, 2),
(1009, 28, 3),
(1009, 27, 4),
(1009, 26, 5),
(1009, 25, 6),
(1009, 6, 7),
(1009, 7, 8),
(1009, 8, 9),
(1009, 4, 10),
(1009, 9, 11),
(1009, 5, 12),
(1009, 24, 13),
(1009, 3, 14),
(1009, 23, 15),
(1009, 22, 16),
(1009, 21, 17),
(1009, 10, 18),
(1009, 11, 19),
(1009, 12, 20),
(1009, 20, 21),
(1009, 55, 22),
(1009, 56, 23),
(1009, 57, 24),
(1009, 58, 25),
(1009, 59, 26),
(1009, 60, 27),
(1009, 61, 28),
(1009, 62, 29),
(1009, 63, 30),
(1009, 64, 31),
(1009, 65, 32),
(1009, 66, 33),
(1009, 67, 34),
(1009, 68, 35),
(1009, 69, 36),
(1009, 70, 37),
(1009, 71, 38),
(1009, 72, 39),
(1009, 73, 40),
(1009, 74, 41),
(1009, 75, 42),
(1009, 76, 43),
(1009, 77, 44),
(1009, 78, 45),
(1009, 79, 46),
(1009, 80, 47),
(1010, 80, 1),
(1010, 79, 2),
(1010, 78, 3),
(1010, 77, 4),
(1010, 76, 5),
(1010, 75, 6),
(1010, 74, 7),
(1010, 73, 8),
(1010, 72, 9),
(1010, 71, 10),
(1010, 70, 11),
(1010, 69, 12),
(1010, 68, 13),
(1010, 67, 14),
(1010, 66, 15),
(1010, 65, 16),
(1010, 64, 17),
(1010, 63, 18),
(1010, 62, 19),
(1010, 61, 20),
(1010, 60, 21),
(1010, 59, 22),
(1010, 58, 23),
(1010, 57, 24),
(1010, 56, 25),
(1010, 55, 26),
(1010, 20, 27),
(1010, 12, 28),
(1010, 11, 29),
(1010, 10, 30),
(1010, 21, 31),
(1010, 22, 32),
(1010, 23, 33),
(1010, 3, 34),
(1010, 24, 35),
(1010, 5, 36),
(1010, 9, 37),
(1010, 4, 38),
(1010, 8, 39),
(1010, 7, 40),
(1010, 6, 41),
(1010, 25, 42),
(1010, 26, 43),
(1010, 27, 44),
(1010, 28, 45),
(1010, 29, 46),
(1010, 1, 47),
(1011, 1, 1),
(1011, 29, 2),
(1011, 28, 3),
(1011, 27, 4),
(1011, 26, 5),
(1011, 25, 6),
(1011, 6, 7),
(1011, 7, 8),
(1011, 8, 9),
(1011, 4, 10),
(1011, 9, 11),
(1011, 5, 12),
(1011, 24, 13),
(1011, 3, 14),
(1011, 23, 15),
(1011, 22, 16),
(1011, 21, 17),
(1011, 10, 18),
(1011, 11, 19),
(1011, 12, 20),
(1011, 20, 21),
(1011, 55, 22),
(1011, 56, 23),
(1011, 57, 24),
(1011, 58, 25),
(1011, 59, 26),
(1011, 60, 27),
(1011, 61, 28),
(1011, 62, 29),
(1011, 63, 30),
(1011, 64, 31),
(1011, 65, 32),
(1011, 66, 33),
(1011, 67, 34),
(1011, 68, 35),
(1011, 69, 36),
(1011, 70, 37),
(1011, 71, 38),
(1011, 72, 39),
(1011, 73, 40),
(1011, 74, 41),
(1011, 75, 42),
(1011, 76, 43),
(1011, 77, 44),
(1011, 78, 45),
(1011, 79, 46),
(1011, 80, 47),
(1012, 80, 1),
(1012, 79, 2),
(1012, 78, 3),
(1012, 77, 4),
(1012, 76, 5),
(1012, 75, 6),
(1012, 74, 7),
(1012, 73, 8),
(1012, 72, 9),
(1012, 71, 10),
(1012, 70, 11),
(1012, 69, 12),
(1012, 68, 13),
(1012, 67, 14),
(1012, 66, 15),
(1012, 65, 16),
(1012, 64, 17),
(1012, 63, 18),
(1012, 62, 19),
(1012, 61, 20),
(1012, 60, 21),
(1012, 59, 22),
(1012, 58, 23),
(1012, 57, 24),
(1012, 56, 25),
(1012, 55, 26),
(1012, 20, 27),
(1012, 12, 28),
(1012, 11, 29),
(1012, 10, 30),
(1012, 21, 31),
(1012, 22, 32),
(1012, 23, 33),
(1012, 3, 34),
(1012, 24, 35),
(1012, 5, 36),
(1012, 9, 37),
(1012, 4, 38),
(1012, 8, 39),
(1012, 7, 40),
(1012, 6, 41),
(1012, 25, 42),
(1012, 26, 43),
(1012, 27, 44),
(1012, 28, 45),
(1012, 29, 46),
(1012, 1, 47),
(1015, 1, 1),
(1015, 29, 2),
(1015, 28, 3),
(1015, 27, 4),
(1015, 26, 5),
(1015, 25, 6),
(1015, 6, 7),
(1015, 7, 8),
(1015, 8, 9),
(1015, 4, 10),
(1015, 9, 11),
(1015, 5, 12),
(1015, 24, 13),
(1015, 3, 14),
(1015, 23, 15),
(1015, 22, 16),
(1015, 21, 17),
(1015, 10, 18),
(1015, 11, 19),
(1015, 12, 20),
(1015, 20, 21),
(1015, 55, 22),
(1015, 56, 23),
(1015, 57, 24),
(1015, 58, 25),
(1015, 59, 26),
(1015, 60, 27),
(1015, 61, 28),
(1015, 62, 29),
(1015, 63, 30),
(1015, 64, 31),
(1015, 65, 32),
(1015, 66, 33),
(1015, 67, 34),
(1015, 68, 35),
(1015, 69, 36),
(1015, 70, 37),
(1015, 71, 38),
(1015, 72, 39),
(1015, 73, 40),
(1015, 74, 41),
(1015, 75, 42),
(1015, 76, 43),
(1015, 77, 44),
(1015, 78, 45),
(1015, 79, 46),
(1015, 80, 47);

-- --------------------------------------------------------

--
-- Table structure for table `trip_vehicles`
--

CREATE TABLE `trip_vehicles` (
  `id` int(11) NOT NULL,
  `trip_id` int(11) DEFAULT NULL,
  `vehicle_id` int(11) DEFAULT NULL,
  `is_primary` tinyint(1) NOT NULL DEFAULT 0
) ENGINE=InnoDB DEFAULT CHARSET=utf8mb4 COLLATE=utf8mb4_unicode_ci;

--
-- Dumping data for table `trip_vehicles`
--

INSERT INTO `trip_vehicles` (`id`, `trip_id`, `vehicle_id`, `is_primary`) VALUES
(730, 730, 2, 1),
(731, 731, 1, 1),
(732, 732, 1, 1),
(733, 733, 1, 1),
(734, 734, 1, 1),
(735, 735, 1, 1),
(736, 736, 2, 1),
(737, 737, 1, 1),
(738, 738, 1, 1),
(739, 739, 1, 1),
(740, 740, 1, 1),
(741, 741, 1, 1),
(742, 742, 2, 1),
(743, 743, 1, 1),
(744, 744, 1, 1),
(745, 745, 1, 1),
(746, 746, 1, 1),
(747, 747, 1, 1),
(748, 748, 2, 1),
(749, 749, 1, 1),
(750, 750, 1, 1),
(751, 751, 1, 1),
(752, 752, 1, 1),
(753, 753, 1, 1),
(754, 754, 2, 1),
(755, 755, 1, 1),
(756, 756, 1, 1),
(757, 757, 1, 1),
(758, 758, 1, 1),
(759, 759, 1, 1),
(760, 760, 2, 1),
(761, 761, 1, 1),
(762, 762, 1, 1),
(763, 763, 1, 1),
(764, 764, 1, 1),
(765, 765, 1, 1),
(766, 766, 2, 1),
(767, 767, 1, 1),
(768, 768, 1, 1),
(769, 769, 1, 1),
(770, 770, 1, 1),
(771, 771, 1, 1),
(772, 772, 2, 1),
(773, 773, 1, 1),
(774, 774, 1, 1),
(775, 775, 1, 1),
(776, 776, 1, 1),
(777, 777, 1, 1),
(778, 778, 2, 1),
(779, 779, 1, 1),
(780, 780, 1, 1),
(781, 781, 1, 1),
(782, 782, 1, 1),
(783, 783, 1, 1),
(784, 784, 2, 1),
(785, 785, 1, 1),
(786, 786, 1, 1),
(787, 787, 1, 1),
(788, 788, 1, 1),
(789, 789, 1, 1),
(804, 804, 1, 1),
(805, 805, 1, 1),
(806, 806, 1, 1),
(807, 807, 1, 1),
(808, 808, 1, 1),
(809, 809, 1, 1),
(810, 810, 1, 1),
(811, 811, 1, 1),
(812, 812, 1, 1),
(813, 813, 1, 1),
(814, 814, 1, 1),
(815, 815, 1, 1),
(816, 816, 1, 1),
(817, 817, 1, 1),
(818, 818, 2, 1),
(819, 819, 2, 1),
(820, 821, 2, 1),
(821, 822, 1, 1),
(822, 823, 2, 1),
(823, 824, 1, 1),
(824, 830, 1, 1),
(825, 838, 2, 1),
(826, 839, 2, 1),
(827, 840, 1, 1),
(828, 841, 2, 1),
(829, 842, 2, 1),
(830, 843, 1, 1),
(831, 844, 2, 1),
(832, 845, 1, 1),
(833, 846, 2, 1),
(834, 847, 2, 1),
(835, 848, 1, 1),
(836, 849, 2, 1),
(837, 850, 1, 1),
(838, 851, 2, 1),
(839, 852, 1, 1),
(840, 853, 2, 1),
(841, 854, 1, 1),
(842, 855, 1, 1),
(843, 856, 1, 1),
(844, 857, 1, 1),
(845, 858, 2, 1),
(846, 859, 2, 1),
(847, 860, 1, 1),
(848, 861, 2, 1),
(849, 862, 2, 1),
(850, 863, 1, 1),
(851, 864, 2, 1),
(852, 865, 1, 1),
(853, 866, 2, 1),
(854, 867, 2, 1),
(855, 868, 1, 1),
(856, 869, 2, 1),
(857, 870, 1, 1),
(858, 871, 2, 1),
(859, 872, 1, 1),
(860, 873, 2, 1),
(861, 874, 1, 1),
(862, 875, 1, 1),
(863, 876, 1, 1),
(864, 877, 1, 1),
(865, 878, 2, 1),
(866, 879, 2, 1),
(867, 880, 1, 1),
(868, 881, 2, 1),
(869, 882, 2, 1),
(870, 883, 1, 1),
(871, 884, 2, 1),
(872, 885, 1, 1),
(873, 886, 2, 1),
(874, 887, 2, 1),
(875, 888, 1, 1),
(876, 889, 2, 1),
(877, 890, 1, 1),
(878, 891, 2, 1),
(879, 892, 1, 1),
(880, 893, 2, 1),
(881, 894, 1, 1),
(882, 895, 1, 1),
(883, 896, 1, 1),
(884, 897, 1, 1),
(885, 898, 2, 1),
(886, 899, 2, 1),
(887, 900, 1, 1),
(888, 901, 2, 1),
(889, 902, 2, 1),
(890, 903, 1, 1),
(891, 904, 2, 1),
(892, 905, 1, 1),
(893, 906, 2, 1),
(894, 907, 2, 1),
(895, 908, 1, 1),
(896, 909, 2, 1),
(897, 910, 1, 1),
(898, 911, 2, 1),
(899, 912, 1, 1),
(900, 913, 2, 1),
(901, 914, 1, 1),
(902, 915, 1, 1),
(903, 916, 1, 1),
(904, 917, 1, 1),
(905, 918, 2, 1),
(906, 919, 2, 1),
(907, 920, 1, 1),
(908, 921, 2, 1),
(909, 922, 2, 1),
(910, 923, 1, 1),
(911, 924, 2, 1),
(912, 925, 1, 1),
(913, 926, 2, 1),
(914, 927, 2, 1),
(915, 928, 1, 1),
(916, 929, 2, 1),
(917, 930, 1, 1),
(918, 931, 2, 1),
(919, 932, 1, 1),
(920, 933, 2, 1),
(921, 934, 1, 1),
(922, 935, 1, 1),
(923, 936, 1, 1),
(924, 937, 1, 1),
(925, 938, 2, 1),
(926, 939, 2, 1),
(927, 940, 1, 1),
(928, 941, 2, 1),
(929, 942, 2, 1),
(930, 943, 1, 1),
(931, 944, 2, 1),
(932, 945, 1, 1),
(933, 946, 2, 1),
(934, 947, 2, 1),
(935, 948, 1, 1),
(936, 949, 2, 1),
(937, 950, 1, 1),
(938, 951, 2, 1),
(939, 952, 1, 1),
(940, 953, 2, 1),
(941, 954, 1, 1),
(942, 955, 1, 1),
(943, 956, 1, 1),
(944, 957, 1, 1),
(945, 958, 2, 1),
(946, 959, 2, 1),
(947, 960, 1, 1),
(948, 961, 2, 1),
(949, 962, 2, 1),
(950, 963, 1, 1),
(951, 964, 2, 1),
(952, 965, 1, 1),
(953, 966, 2, 1),
(954, 967, 2, 1),
(955, 968, 1, 1),
(956, 969, 2, 1),
(957, 970, 1, 1),
(958, 971, 2, 1),
(959, 972, 1, 1),
(960, 973, 2, 1),
(961, 974, 1, 1),
(962, 975, 1, 1),
(963, 976, 1, 1),
(964, 977, 1, 1),
(965, 978, 1, 1),
(966, 979, 2, 1),
(967, 980, 2, 1),
(968, 981, 1, 1),
(969, 982, 2, 1),
(970, 983, 2, 1),
(971, 984, 1, 1),
(972, 985, 2, 1),
(973, 986, 1, 1),
(974, 987, 2, 1),
(975, 988, 2, 1),
(976, 989, 1, 1),
(977, 990, 2, 1),
(978, 991, 1, 1),
(979, 992, 2, 1),
(980, 993, 1, 1),
(981, 994, 2, 1),
(982, 995, 1, 1),
(983, 996, 1, 1),
(984, 997, 1, 1),
(985, 998, 1, 1),
(986, 999, 1, 1),
(987, 1000, 1, 1),
(988, 1001, 1, 1),
(989, 1002, 1, 1),
(990, 1003, 1, 1),
(991, 1004, 1, 1),
(992, 1005, 1, 1),
(993, 1006, 1, 1),
(994, 1007, 1, 1),
(995, 1008, 1, 1),
(996, 1009, 1, 1),
(997, 1010, 1, 1),
(998, 1011, 1, 1),
(999, 1012, 1, 1),
(1000, 1015, 1, 1);

-- --------------------------------------------------------

--
-- Table structure for table `trip_vehicle_employees`
--

CREATE TABLE `trip_vehicle_employees` (
  `id` int(11) NOT NULL,
  `trip_vehicle_id` int(11) DEFAULT NULL,
  `employee_id` int(11) DEFAULT NULL
) ENGINE=InnoDB DEFAULT CHARSET=utf8mb4 COLLATE=utf8mb4_unicode_ci;

-- --------------------------------------------------------

--
-- Table structure for table `user_preferences`
--

CREATE TABLE `user_preferences` (
  `user_id` bigint(20) NOT NULL,
  `prefs_json` longtext CHARACTER SET utf8mb4 COLLATE utf8mb4_bin NOT NULL DEFAULT json_object() CHECK (json_valid(`prefs_json`))
) ENGINE=InnoDB DEFAULT CHARSET=utf8mb4 COLLATE=utf8mb4_general_ci;

-- --------------------------------------------------------

--
-- Table structure for table `user_route_order`
--

CREATE TABLE `user_route_order` (
  `id` bigint(20) NOT NULL,
  `user_id` bigint(20) NOT NULL,
  `route_id` bigint(20) NOT NULL,
  `position_idx` int(11) NOT NULL
) ENGINE=InnoDB DEFAULT CHARSET=utf8mb4 COLLATE=utf8mb4_general_ci;

-- --------------------------------------------------------

--
-- Table structure for table `vehicles`
--

CREATE TABLE `vehicles` (
  `id` int(11) NOT NULL,
  `name` text NOT NULL,
  `seat_count` int(11) DEFAULT NULL,
  `type` varchar(20) DEFAULT NULL,
  `plate_number` varchar(20) DEFAULT NULL,
  `operator_id` int(11) DEFAULT NULL
) ENGINE=InnoDB DEFAULT CHARSET=utf8mb4 COLLATE=utf8mb4_unicode_ci;

--
-- Dumping data for table `vehicles`
--

INSERT INTO `vehicles` (`id`, `name`, `seat_count`, `type`, `plate_number`, `operator_id`) VALUES
(1, 'Microbuz', 20, 'microbuz', 'BT22DMS', 2),
(2, 'Microbuz', 20, 'microbuz', 'BT01PRI', 1),
(3, 'bt21dms', 52, 'autocar', 'bt21dms', 2);

--
-- Indexes for dumped tables
--

--
-- Indexes for table `agencies`
--
ALTER TABLE `agencies`
  ADD PRIMARY KEY (`id`);

--
-- Indexes for table `audit_logs`
--
ALTER TABLE `audit_logs`
  ADD PRIMARY KEY (`id`),
  ADD KEY `idx_audit_created_at` (`created_at`),
  ADD KEY `idx_audit_action` (`action`),
  ADD KEY `idx_audit_entity_id` (`entity`,`entity_id`),
  ADD KEY `idx_audit_related_id` (`related_entity`,`related_id`);

--
-- Indexes for table `discount_types`
--
ALTER TABLE `discount_types`
  ADD PRIMARY KEY (`id`);

--
-- Indexes for table `employees`
--
ALTER TABLE `employees`
  ADD PRIMARY KEY (`id`),
  ADD KEY `idx_employees_role` (`role`);

--
-- Indexes for table `idempotency_keys`
--
ALTER TABLE `idempotency_keys`
  ADD PRIMARY KEY (`id`),
  ADD UNIQUE KEY `uniq_user_key` (`user_id`,`idem_key`);

--
-- Indexes for table `invitations`
--
ALTER TABLE `invitations`
  ADD PRIMARY KEY (`id`),
  ADD UNIQUE KEY `token` (`token`),
  ADD KEY `fk_inv_operator` (`operator_id`);

--
-- Indexes for table `no_shows`
--
ALTER TABLE `no_shows`
  ADD PRIMARY KEY (`id`);

--
-- Indexes for table `operators`
--
ALTER TABLE `operators`
  ADD PRIMARY KEY (`id`);

--
-- Indexes for table `payments`
--
ALTER TABLE `payments`
  ADD PRIMARY KEY (`id`);

--
-- Indexes for table `people`
--
ALTER TABLE `people`
  ADD PRIMARY KEY (`id`),
  ADD UNIQUE KEY `ux_people_phone_active` (`phone`,`is_active`),
  ADD KEY `ix_people_owner_changed_by` (`owner_changed_by`),
  ADD KEY `ix_people_owner_changed_at` (`owner_changed_at`);

--
-- Indexes for table `price_lists`
--
ALTER TABLE `price_lists`
  ADD PRIMARY KEY (`id`);

--
-- Indexes for table `price_list_items`
--
ALTER TABLE `price_list_items`
  ADD PRIMARY KEY (`id`),
  ADD UNIQUE KEY `uq_price_list_items_unique` (`price_list_id`,`from_station_id`,`to_station_id`);

--
-- Indexes for table `pricing_categories`
--
ALTER TABLE `pricing_categories`
  ADD PRIMARY KEY (`id`);

--
-- Indexes for table `promo_codes`
--
ALTER TABLE `promo_codes`
  ADD PRIMARY KEY (`id`),
  ADD UNIQUE KEY `code` (`code`);

--
-- Indexes for table `promo_code_hours`
--
ALTER TABLE `promo_code_hours`
  ADD PRIMARY KEY (`promo_code_id`,`start_time`,`end_time`);

--
-- Indexes for table `promo_code_routes`
--
ALTER TABLE `promo_code_routes`
  ADD PRIMARY KEY (`promo_code_id`,`route_id`),
  ADD KEY `route_id` (`route_id`);

--
-- Indexes for table `promo_code_schedules`
--
ALTER TABLE `promo_code_schedules`
  ADD PRIMARY KEY (`promo_code_id`,`route_schedule_id`),
  ADD KEY `route_schedule_id` (`route_schedule_id`);

--
-- Indexes for table `promo_code_usages`
--
ALTER TABLE `promo_code_usages`
  ADD PRIMARY KEY (`id`),
  ADD KEY `promo_code_id` (`promo_code_id`);

--
-- Indexes for table `promo_code_weekdays`
--
ALTER TABLE `promo_code_weekdays`
  ADD PRIMARY KEY (`promo_code_id`,`weekday`);

--
-- Indexes for table `public_users`
--
ALTER TABLE `public_users`
  ADD PRIMARY KEY (`id`),
  ADD UNIQUE KEY `uniq_public_users_email_norm` (`email_normalized`),
  ADD UNIQUE KEY `uniq_public_users_google` (`google_sub`),
  ADD UNIQUE KEY `uniq_public_users_apple` (`apple_sub`),
  ADD KEY `idx_public_users_phone_norm` (`phone_normalized`);

--
-- Indexes for table `public_user_email_verifications`
--
ALTER TABLE `public_user_email_verifications`
  ADD PRIMARY KEY (`id`),
  ADD UNIQUE KEY `idx_public_user_email_verifications_token` (`token_hash`),
  ADD KEY `idx_public_user_email_verifications_user` (`user_id`);

--
-- Indexes for table `public_user_phone_links`
--
ALTER TABLE `public_user_phone_links`
  ADD PRIMARY KEY (`id`),
  ADD UNIQUE KEY `uniq_public_phone_request` (`request_token`),
  ADD KEY `idx_public_phone_user` (`user_id`),
  ADD KEY `idx_public_phone_person` (`person_id`),
  ADD KEY `idx_public_phone_status` (`status`),
  ADD KEY `idx_public_phone_normalized` (`normalized_phone`);

--
-- Indexes for table `public_user_sessions`
--
ALTER TABLE `public_user_sessions`
  ADD PRIMARY KEY (`id`),
  ADD UNIQUE KEY `uniq_public_sessions_hash` (`token_hash`),
  ADD KEY `idx_public_sessions_user` (`user_id`),
  ADD KEY `idx_public_sessions_expires` (`expires_at`);

--
-- Indexes for table `reservations`
--
ALTER TABLE `reservations`
  ADD PRIMARY KEY (`id`),
  ADD KEY `ix_res_trip_seat_status` (`trip_id`,`seat_id`,`status`),
  ADD KEY `ix_res_person_time` (`person_id`,`reservation_time`);

--
-- Indexes for table `reservations_backup`
--
ALTER TABLE `reservations_backup`
  ADD PRIMARY KEY (`id`);

--
-- Indexes for table `reservation_discounts`
--
ALTER TABLE `reservation_discounts`
  ADD PRIMARY KEY (`id`),
  ADD KEY `fk_resdisc_promo` (`promo_code_id`);

--
-- Indexes for table `reservation_events`
--
ALTER TABLE `reservation_events`
  ADD PRIMARY KEY (`id`),
  ADD KEY `idx_reservation` (`reservation_id`);

--
-- Indexes for table `reservation_intents`
--
ALTER TABLE `reservation_intents`
  ADD PRIMARY KEY (`id`),
  ADD KEY `idx_intents_trip` (`trip_id`),
  ADD KEY `idx_intents_seat` (`seat_id`),
  ADD KEY `idx_intents_expires` (`expires_at`);

--
-- Indexes for table `reservation_pricing`
--
ALTER TABLE `reservation_pricing`
  ADD PRIMARY KEY (`reservation_id`);

--
-- Indexes for table `routes`
--
ALTER TABLE `routes`
  ADD PRIMARY KEY (`id`);

--
-- Indexes for table `route_schedules`
--
ALTER TABLE `route_schedules`
  ADD PRIMARY KEY (`id`),
  ADD UNIQUE KEY `uq_route_time_dir_op` (`route_id`,`departure`,`direction`,`operator_id`);

--
-- Indexes for table `route_schedule_discounts`
--
ALTER TABLE `route_schedule_discounts`
  ADD PRIMARY KEY (`discount_type_id`,`route_schedule_id`);

--
-- Indexes for table `route_schedule_pricing_categories`
--
ALTER TABLE `route_schedule_pricing_categories`
  ADD PRIMARY KEY (`route_schedule_id`,`pricing_category_id`),
  ADD KEY `route_schedule_pricing_categories_category_id_idx` (`pricing_category_id`);

--
-- Indexes for table `route_stations`
--
ALTER TABLE `route_stations`
  ADD PRIMARY KEY (`id`),
  ADD UNIQUE KEY `uq_route_station` (`route_id`,`station_id`),
  ADD KEY `idx_route_seq` (`route_id`,`sequence`),
  ADD KEY `ix_rs_route_station` (`route_id`,`station_id`),
  ADD KEY `ix_rs_route_sequence` (`route_id`,`sequence`);

--
-- Indexes for table `schedule_exceptions`
--
ALTER TABLE `schedule_exceptions`
  ADD PRIMARY KEY (`id`),
  ADD KEY `idx_schedule` (`schedule_id`),
  ADD KEY `idx_exception_date` (`exception_date`),
  ADD KEY `idx_weekday` (`weekday`),
  ADD KEY `idx_sched_date_week` (`schedule_id`,`exception_date`,`weekday`);

--
-- Indexes for table `seats`
--
ALTER TABLE `seats`
  ADD PRIMARY KEY (`id`),
  ADD UNIQUE KEY `uq_vehicle_grid` (`vehicle_id`,`row`,`seat_col`),
  ADD UNIQUE KEY `uq_vehicle_label` (`vehicle_id`,`label`) USING HASH,
  ADD KEY `idx_pair` (`vehicle_id`,`pair_id`);

--
-- Indexes for table `seat_locks`
--
ALTER TABLE `seat_locks`
  ADD PRIMARY KEY (`id`),
  ADD UNIQUE KEY `uniq_hold_token` (`hold_token`),
  ADD KEY `idx_seatlocks_trip` (`trip_id`),
  ADD KEY `idx_seatlocks_seat` (`seat_id`);

--
-- Indexes for table `sessions`
--
ALTER TABLE `sessions`
  ADD PRIMARY KEY (`id`),
  ADD UNIQUE KEY `token_hash` (`token_hash`),
  ADD KEY `idx_sessions_emp` (`employee_id`),
  ADD KEY `idx_sessions_exp` (`expires_at`);

--
-- Indexes for table `stations`
--
ALTER TABLE `stations`
  ADD PRIMARY KEY (`id`);

--
-- Indexes for table `traveler_defaults`
--
ALTER TABLE `traveler_defaults`
  ADD PRIMARY KEY (`id`),
  ADD UNIQUE KEY `uq_phone_route_dir` (`phone`,`route_id`,`direction`),
  ADD KEY `idx_phone_stations` (`phone`,`board_station_id`,`exit_station_id`),
  ADD KEY `ix_td_read` (`phone`,`route_id`,`direction`,`use_count`,`last_used_at`,`board_station_id`,`exit_station_id`);

--
-- Indexes for table `trips`
--
ALTER TABLE `trips`
  ADD PRIMARY KEY (`id`),
  ADD UNIQUE KEY `uq_trips_route_date_time_vehicle` (`route_id`,`date`,`time`,`vehicle_id`);

--
-- Indexes for table `trip_stations`
--
ALTER TABLE `trip_stations`
  ADD PRIMARY KEY (`trip_id`,`station_id`),
  ADD UNIQUE KEY `uq_trip_seq` (`trip_id`,`sequence`),
  ADD KEY `fk_ts_station` (`station_id`);

--
-- Indexes for table `trip_vehicles`
--
ALTER TABLE `trip_vehicles`
  ADD PRIMARY KEY (`id`),
  ADD UNIQUE KEY `uq_tv_trip_vehicle` (`trip_id`,`vehicle_id`),
  ADD KEY `idx_tv_trip` (`trip_id`),
  ADD KEY `idx_tv_vehicle` (`vehicle_id`);

--
-- Indexes for table `trip_vehicle_employees`
--
ALTER TABLE `trip_vehicle_employees`
  ADD PRIMARY KEY (`id`),
  ADD UNIQUE KEY `uq_tve_trip_employee` (`trip_vehicle_id`,`employee_id`),
  ADD KEY `idx_tve_trip_vehicle_id` (`trip_vehicle_id`),
  ADD KEY `idx_tve_employee_id` (`employee_id`);

--
-- Indexes for table `user_preferences`
--
ALTER TABLE `user_preferences`
  ADD PRIMARY KEY (`user_id`);

--
-- Indexes for table `user_route_order`
--
ALTER TABLE `user_route_order`
  ADD PRIMARY KEY (`id`),
  ADD UNIQUE KEY `uq_user_route` (`user_id`,`route_id`),
  ADD KEY `idx_user_pos` (`user_id`,`position_idx`);

--
-- Indexes for table `vehicles`
--
ALTER TABLE `vehicles`
  ADD PRIMARY KEY (`id`);

--
-- AUTO_INCREMENT for dumped tables
--

--
-- AUTO_INCREMENT for table `agencies`
--
ALTER TABLE `agencies`
  MODIFY `id` int(11) NOT NULL AUTO_INCREMENT;

--
-- AUTO_INCREMENT for table `audit_logs`
--
ALTER TABLE `audit_logs`
  MODIFY `id` bigint(20) UNSIGNED NOT NULL AUTO_INCREMENT, AUTO_INCREMENT=39;

--
-- AUTO_INCREMENT for table `discount_types`
--
ALTER TABLE `discount_types`
  MODIFY `id` int(11) NOT NULL AUTO_INCREMENT, AUTO_INCREMENT=5;

--
-- AUTO_INCREMENT for table `employees`
--
ALTER TABLE `employees`
  MODIFY `id` int(11) NOT NULL AUTO_INCREMENT, AUTO_INCREMENT=6;

--
-- AUTO_INCREMENT for table `idempotency_keys`
--
ALTER TABLE `idempotency_keys`
  MODIFY `id` int(11) NOT NULL AUTO_INCREMENT, AUTO_INCREMENT=15;

--
-- AUTO_INCREMENT for table `invitations`
--
ALTER TABLE `invitations`
  MODIFY `id` int(11) NOT NULL AUTO_INCREMENT, AUTO_INCREMENT=8;

--
-- AUTO_INCREMENT for table `no_shows`
--
ALTER TABLE `no_shows`
  MODIFY `id` int(11) NOT NULL AUTO_INCREMENT, AUTO_INCREMENT=2;

--
-- AUTO_INCREMENT for table `operators`
--
ALTER TABLE `operators`
  MODIFY `id` int(11) NOT NULL AUTO_INCREMENT, AUTO_INCREMENT=3;

--
-- AUTO_INCREMENT for table `payments`
--
ALTER TABLE `payments`
  MODIFY `id` int(11) NOT NULL AUTO_INCREMENT, AUTO_INCREMENT=13;

--
-- AUTO_INCREMENT for table `people`
--
ALTER TABLE `people`
  MODIFY `id` int(11) NOT NULL AUTO_INCREMENT, AUTO_INCREMENT=13;

--
-- AUTO_INCREMENT for table `price_lists`
--
ALTER TABLE `price_lists`
  MODIFY `id` int(11) NOT NULL AUTO_INCREMENT, AUTO_INCREMENT=11;

--
-- AUTO_INCREMENT for table `price_list_items`
--
ALTER TABLE `price_list_items`
  MODIFY `id` int(11) NOT NULL AUTO_INCREMENT, AUTO_INCREMENT=64450;

--
-- AUTO_INCREMENT for table `pricing_categories`
--
ALTER TABLE `pricing_categories`
  MODIFY `id` int(11) NOT NULL AUTO_INCREMENT, AUTO_INCREMENT=4;

--
-- AUTO_INCREMENT for table `promo_codes`
--
ALTER TABLE `promo_codes`
  MODIFY `id` int(11) NOT NULL AUTO_INCREMENT;

--
-- AUTO_INCREMENT for table `promo_code_usages`
--
ALTER TABLE `promo_code_usages`
  MODIFY `id` int(11) NOT NULL AUTO_INCREMENT;

--
-- AUTO_INCREMENT for table `public_users`
--
ALTER TABLE `public_users`
  MODIFY `id` bigint(20) UNSIGNED NOT NULL AUTO_INCREMENT, AUTO_INCREMENT=4;

--
-- AUTO_INCREMENT for table `public_user_email_verifications`
--
ALTER TABLE `public_user_email_verifications`
  MODIFY `id` bigint(20) UNSIGNED NOT NULL AUTO_INCREMENT, AUTO_INCREMENT=3;

--
-- AUTO_INCREMENT for table `public_user_phone_links`
--
ALTER TABLE `public_user_phone_links`
  MODIFY `id` bigint(20) UNSIGNED NOT NULL AUTO_INCREMENT;

--
-- AUTO_INCREMENT for table `public_user_sessions`
--
ALTER TABLE `public_user_sessions`
  MODIFY `id` bigint(20) UNSIGNED NOT NULL AUTO_INCREMENT, AUTO_INCREMENT=4;

--
-- AUTO_INCREMENT for table `reservations`
--
ALTER TABLE `reservations`
  MODIFY `id` int(11) NOT NULL AUTO_INCREMENT, AUTO_INCREMENT=36;

--
-- AUTO_INCREMENT for table `reservations_backup`
--
ALTER TABLE `reservations_backup`
  MODIFY `id` int(11) NOT NULL AUTO_INCREMENT, AUTO_INCREMENT=5;

--
-- AUTO_INCREMENT for table `reservation_discounts`
--
ALTER TABLE `reservation_discounts`
  MODIFY `id` int(11) NOT NULL AUTO_INCREMENT;

--
-- AUTO_INCREMENT for table `reservation_events`
--
ALTER TABLE `reservation_events`
  MODIFY `id` int(11) NOT NULL AUTO_INCREMENT, AUTO_INCREMENT=2;

--
-- AUTO_INCREMENT for table `reservation_intents`
--
ALTER TABLE `reservation_intents`
  MODIFY `id` int(11) NOT NULL AUTO_INCREMENT, AUTO_INCREMENT=273;

--
-- AUTO_INCREMENT for table `routes`
--
ALTER TABLE `routes`
  MODIFY `id` int(11) NOT NULL AUTO_INCREMENT, AUTO_INCREMENT=6;

--
-- AUTO_INCREMENT for table `route_schedules`
--
ALTER TABLE `route_schedules`
  MODIFY `id` int(11) NOT NULL AUTO_INCREMENT, AUTO_INCREMENT=29;

--
-- AUTO_INCREMENT for table `route_stations`
--
ALTER TABLE `route_stations`
  MODIFY `id` int(11) NOT NULL AUTO_INCREMENT, AUTO_INCREMENT=248;

--
-- AUTO_INCREMENT for table `schedule_exceptions`
--
ALTER TABLE `schedule_exceptions`
  MODIFY `id` int(11) NOT NULL AUTO_INCREMENT, AUTO_INCREMENT=4;

--
-- AUTO_INCREMENT for table `seats`
--
ALTER TABLE `seats`
  MODIFY `id` int(11) NOT NULL AUTO_INCREMENT, AUTO_INCREMENT=98;

--
-- AUTO_INCREMENT for table `sessions`
--
ALTER TABLE `sessions`
  MODIFY `id` int(11) NOT NULL AUTO_INCREMENT, AUTO_INCREMENT=25;

--
-- AUTO_INCREMENT for table `stations`
--
ALTER TABLE `stations`
  MODIFY `id` int(11) NOT NULL AUTO_INCREMENT, AUTO_INCREMENT=81;

--
-- AUTO_INCREMENT for table `traveler_defaults`
--
ALTER TABLE `traveler_defaults`
  MODIFY `id` int(11) NOT NULL AUTO_INCREMENT, AUTO_INCREMENT=3;

--
-- AUTO_INCREMENT for table `trips`
--
ALTER TABLE `trips`
  MODIFY `id` int(11) NOT NULL AUTO_INCREMENT, AUTO_INCREMENT=1016;

--
-- AUTO_INCREMENT for table `trip_vehicles`
--
ALTER TABLE `trip_vehicles`
  MODIFY `id` int(11) NOT NULL AUTO_INCREMENT, AUTO_INCREMENT=1001;

--
-- AUTO_INCREMENT for table `trip_vehicle_employees`
--
ALTER TABLE `trip_vehicle_employees`
  MODIFY `id` int(11) NOT NULL AUTO_INCREMENT;

--
-- AUTO_INCREMENT for table `user_route_order`
--
ALTER TABLE `user_route_order`
  MODIFY `id` bigint(20) NOT NULL AUTO_INCREMENT;

--
-- AUTO_INCREMENT for table `vehicles`
--
ALTER TABLE `vehicles`
  MODIFY `id` int(11) NOT NULL AUTO_INCREMENT, AUTO_INCREMENT=4;

--
-- Constraints for dumped tables
--

--
-- Constraints for table `invitations`
--
ALTER TABLE `invitations`
  ADD CONSTRAINT `fk_inv_operator` FOREIGN KEY (`operator_id`) REFERENCES `operators` (`id`) ON DELETE SET NULL ON UPDATE CASCADE;

--
-- Constraints for table `promo_code_routes`
--
ALTER TABLE `promo_code_routes`
  ADD CONSTRAINT `fk_promo_routes_code` FOREIGN KEY (`promo_code_id`) REFERENCES `promo_codes` (`id`) ON DELETE CASCADE;

--
-- Constraints for table `promo_code_schedules`
--
ALTER TABLE `promo_code_schedules`
  ADD CONSTRAINT `fk_promo_sched_code` FOREIGN KEY (`promo_code_id`) REFERENCES `promo_codes` (`id`) ON DELETE CASCADE;

--
-- Constraints for table `promo_code_usages`
--
ALTER TABLE `promo_code_usages`
  ADD CONSTRAINT `fk_promo_usages_code` FOREIGN KEY (`promo_code_id`) REFERENCES `promo_codes` (`id`) ON DELETE CASCADE;

--
-- Constraints for table `promo_code_weekdays`
--
ALTER TABLE `promo_code_weekdays`
  ADD CONSTRAINT `fk_promo_weekdays_code` FOREIGN KEY (`promo_code_id`) REFERENCES `promo_codes` (`id`) ON DELETE CASCADE;

--
-- Constraints for table `public_user_email_verifications`
--
ALTER TABLE `public_user_email_verifications`
  ADD CONSTRAINT `fk_public_user_email_verifications_user` FOREIGN KEY (`user_id`) REFERENCES `public_users` (`id`) ON DELETE CASCADE;

--
-- Constraints for table `public_user_phone_links`
--
ALTER TABLE `public_user_phone_links`
  ADD CONSTRAINT `fk_public_phone_person` FOREIGN KEY (`person_id`) REFERENCES `people` (`id`) ON DELETE SET NULL ON UPDATE CASCADE,
  ADD CONSTRAINT `fk_public_phone_user` FOREIGN KEY (`user_id`) REFERENCES `public_users` (`id`) ON DELETE CASCADE ON UPDATE CASCADE;

--
-- Constraints for table `public_user_sessions`
--
ALTER TABLE `public_user_sessions`
  ADD CONSTRAINT `fk_public_sessions_user` FOREIGN KEY (`user_id`) REFERENCES `public_users` (`id`) ON DELETE CASCADE ON UPDATE CASCADE;

--
-- Constraints for table `reservation_discounts`
--
ALTER TABLE `reservation_discounts`
  ADD CONSTRAINT `fk_resdisc_promo` FOREIGN KEY (`promo_code_id`) REFERENCES `promo_codes` (`id`);

--
-- Constraints for table `reservation_events`
--
ALTER TABLE `reservation_events`
  ADD CONSTRAINT `fk_reservation_events_res` FOREIGN KEY (`reservation_id`) REFERENCES `reservations` (`id`) ON DELETE CASCADE;

--
-- Constraints for table `route_schedule_pricing_categories`
--
ALTER TABLE `route_schedule_pricing_categories`
  ADD CONSTRAINT `fk_rspc_category` FOREIGN KEY (`pricing_category_id`) REFERENCES `pricing_categories` (`id`) ON DELETE CASCADE ON UPDATE CASCADE,
  ADD CONSTRAINT `fk_rspc_schedule` FOREIGN KEY (`route_schedule_id`) REFERENCES `route_schedules` (`id`) ON DELETE CASCADE ON UPDATE CASCADE;

--
-- Constraints for table `schedule_exceptions`
--
ALTER TABLE `schedule_exceptions`
  ADD CONSTRAINT `fk_se_schedule` FOREIGN KEY (`schedule_id`) REFERENCES `route_schedules` (`id`) ON DELETE CASCADE ON UPDATE CASCADE;

--
-- Constraints for table `sessions`
--
ALTER TABLE `sessions`
  ADD CONSTRAINT `fk_sess_emp` FOREIGN KEY (`employee_id`) REFERENCES `employees` (`id`) ON DELETE CASCADE ON UPDATE CASCADE;

--
-- Constraints for table `trip_stations`
--
ALTER TABLE `trip_stations`
  ADD CONSTRAINT `fk_ts_station` FOREIGN KEY (`station_id`) REFERENCES `stations` (`id`) ON UPDATE CASCADE,
  ADD CONSTRAINT `fk_ts_trip` FOREIGN KEY (`trip_id`) REFERENCES `trips` (`id`) ON DELETE CASCADE ON UPDATE CASCADE;

DELIMITER $$
--
-- Events
--
CREATE DEFINER=`priscomr`@`localhost` EVENT `ev_cleanup_reservation_intents` ON SCHEDULE EVERY 1 MINUTE STARTS '2025-10-29 19:18:35' ON COMPLETION NOT PRESERVE ENABLE DO DELETE FROM reservation_intents WHERE expires_at <= NOW()$$

DELIMITER ;
COMMIT;

/*!40101 SET CHARACTER_SET_CLIENT=@OLD_CHARACTER_SET_CLIENT */;
/*!40101 SET CHARACTER_SET_RESULTS=@OLD_CHARACTER_SET_RESULTS */;
/*!40101 SET COLLATION_CONNECTION=@OLD_COLLATION_CONNECTION */;
